Sample_ID,Plant_Health_Status,Health_Status_Code,SPR_Signal_Intensity,Colorimetric_Response,Fluorescence_Intensity,Leaf_Temperature_C,VOC_Level,Ambient_Temperature_C,Relative_Humidity_pct,pH,SPR_Signal_Variability,Sensor_Noise_Level
PHB_06253,Early Disease,1,0.6138,0.3453,0.7441,25.047,1.2194,25.076,66.048,6.312,0.0304,0.0526
PHB_04685,Severe Disease,3,0.323,0.7948,0.4797,27.07,1.4669,27.47,74.807,6.501,0.0584,0.0788
PHB_01732,Healthy,0,0.8325,0.1398,0.8444,24.612,1.0326,22.82,70.804,6.326,0.0091,0.051
PHB_04743,Severe Disease,3,0.3131,0.7002,0.4336,27.739,1.2899,23.752,62.819,6.375,0.0577,0.0675
PHB_04522,Early Disease,1,0.6827,0.3888,0.7959,26.117,0.9512,28.463,66.377,6.275,0.0337,0.0304
PHB_06341,Severe Disease,3,0.4285,0.6464,0.3958,27.118,1.4814,26.468,69.625,6.268,0.058,0.0722
PHB_00577,Severe Disease,3,0.305,0.6856,0.5287,26.908,1.3501,22.764,63.966,6.448,0.0458,0.0806
PHB_05203,Healthy,0,0.7469,0.0778,0.868,25.327,1.0442,26.675,75.916,6.478,0.0266,0.0327
PHB_06364,Healthy,0,0.7618,0.1113,0.8038,24.774,1.0281,24.826,52.375,6.627,0.0381,0.0368
PHB_00440,Moderate Illness,2,0.4761,0.3746,0.6201,26.023,1.2784,28.91,66.266,6.859,0.0489,0.0697
PHB_02751,Healthy,0,0.8375,0.1469,0.8916,25.11,1.0529,20.015,70.897,6.103,0.0168,0.014
PHB_07488,Healthy,0,0.8402,0.1945,0.7776,24.062,1.1523,29.996,67.548,6.564,0.0367,0.0317
PHB_05273,Severe Disease,3,0.2422,0.7752,0.424,27.226,1.5063,23.047,59.99,6.003,0.0458,0.0588
PHB_05654,Early Disease,1,0.6422,0.3654,0.8016,25.792,1.3064,24.875,61.466,6.302,0.0165,0.0565
PHB_04000,Healthy,0,0.9,0.2421,0.8349,24.841,1.2217,25.736,66.16,6.511,0.0134,0.0299
PHB_06034,Healthy,0,0.8284,0.1147,0.9477,23.86,1.017,22.324,76.504,6.167,0.0261,0.005
PHB_00583,Healthy,0,0.7189,0.0986,0.8104,24.577,1.0262,29.685,57.897,6.706,0.0262,0.0235
PHB_09931,Healthy,0,0.8028,0.0719,0.9305,23.893,0.9935,27.656,65.488,6.252,0.0454,0.023
PHB_07052,Healthy,0,0.91,0.1439,0.8738,25.03,0.9699,30.734,57.678,6.514,0.0206,0.0417
PHB_08159,Healthy,0,0.7832,0.1326,0.9554,24.069,1.1894,24.99,69.897,5.919,0.0355,0.0225
PHB_09897,Moderate Illness,2,0.4824,0.4831,0.5447,26.271,1.1378,25.94,60.693,6.489,0.0392,0.0625
PHB_02250,Early Disease,1,0.6348,0.2579,0.7203,26.369,1.1033,23.864,61.06,6.628,0.0306,0.0394
PHB_04641,Healthy,0,0.8103,0.153,0.8531,25.949,1.0178,25.366,61.455,6.307,0.023,0.0374
PHB_09486,Early Disease,1,0.6108,0.4548,0.6857,25.656,1.3273,22.198,71.44,6.378,0.0486,0.0701
PHB_04948,Severe Disease,3,0.3041,0.856,0.4382,27.437,1.2318,24.131,59.691,6.053,0.0866,0.0712
PHB_09921,Healthy,0,0.7518,0.1669,0.7763,23.916,1.061,26.637,76.032,6.757,0.016,0.0484
PHB_01964,Healthy,0,0.7961,0.2052,0.8592,24.045,1.1767,25.367,65.722,6.166,0.0208,0.0441
PHB_08244,Early Disease,1,0.7606,0.3684,0.7614,25.172,1.1774,23.919,72.078,6.037,0.0268,0.0528
PHB_06591,Early Disease,1,0.6925,0.2935,0.7874,25.24,1.084,20.535,65.093,6.104,0.0274,0.0447
PHB_08848,Moderate Illness,2,0.5813,0.6086,0.6709,26.777,1.5585,24.615,73.97,6.164,0.047,0.0726
PHB_00322,Early Disease,1,0.6068,0.3528,0.8422,24.98,1.1566,25.68,74.342,6.769,0.0434,0.0396
PHB_02679,Moderate Illness,2,0.7887,0.4589,0.6828,25.523,1.2588,27.075,56.412,6.302,0.0498,0.0688
PHB_04626,Moderate Illness,2,0.5173,0.5766,0.5585,27.087,1.3135,27.313,62.099,6.574,0.0347,0.0332
PHB_04950,Moderate Illness,2,0.5809,0.5397,0.5941,26.262,1.1853,28.133,54.67,6.361,0.0549,0.0466
PHB_08329,Severe Disease,3,0.3608,0.7118,0.4765,26.675,1.3816,22.707,64.108,6.126,0.0491,0.0729
PHB_03338,Severe Disease,3,0.3701,0.7459,0.3579,27.261,1.1579,25.826,64.852,5.971,0.0674,0.0454
PHB_05590,Moderate Illness,2,0.3893,0.6598,0.4787,26.768,1.3163,25.135,68.686,6.355,0.0473,0.0673
PHB_00252,Severe Disease,3,0.3386,0.7619,0.5174,27.688,1.449,28.329,51.368,6.425,0.0443,0.0649
PHB_03974,Healthy,0,0.8438,0.0866,0.8922,24.565,1.0711,25.413,75.856,6.014,0.0201,0.0307
PHB_06631,Moderate Illness,2,0.4572,0.5504,0.6923,26.539,1.2085,24.035,63.145,6.787,0.0421,0.0637
PHB_05548,Moderate Illness,2,0.4957,0.4391,0.6161,26.524,1.1493,26.663,61.234,6.371,0.0699,0.034
PHB_00036,Healthy,0,0.8594,0.1376,0.9226,24.944,1.1148,28.16,68.37,6.467,0.0225,0.0343
PHB_08363,Early Disease,1,0.6132,0.3473,0.6642,23.151,1.1363,27.387,69.254,6.399,0.0163,0.0374
PHB_01514,Moderate Illness,2,0.4916,0.4485,0.6062,27.156,1.2091,30.303,59.601,6.383,0.0694,0.0526
PHB_09318,Early Disease,1,0.7296,0.2908,0.745,24.552,1.257,27.208,77.818,6.213,0.039,0.0306
PHB_00040,Moderate Illness,2,0.5342,0.4947,0.6052,27.269,1.2075,25.862,71.528,6.677,0.0404,0.0694
PHB_04820,Moderate Illness,2,0.465,0.5322,0.5842,27.251,1.3057,22.431,58.186,6.039,0.0605,0.0848
PHB_03466,Severe Disease,3,0.3561,0.7137,0.352,28.042,1.6529,23.252,65.361,6.489,0.0599,0.0602
PHB_01761,Early Disease,1,0.6553,0.3069,0.7026,24.76,1.0944,26.097,61.355,6.576,0.0485,0.0445
PHB_02305,Early Disease,1,0.6717,0.2682,0.7646,25.257,1.1624,24.833,62.813,6.343,0.027,0.0418
PHB_03724,Early Disease,1,0.6922,0.2583,0.8764,24.59,1.1892,26.647,64.133,6.434,0.0228,0.0448
PHB_08285,Healthy,0,0.7918,0.0,0.8551,24.122,1.0391,23.277,56.998,6.518,0.0205,0.0267
PHB_04994,Early Disease,1,0.6397,0.4208,0.7494,26.142,1.2237,26.303,68.721,6.491,0.0466,0.0354
PHB_08128,Moderate Illness,2,0.5049,0.4639,0.572,28.083,1.2881,29.468,84.155,6.189,0.0307,0.0753
PHB_03033,Early Disease,1,0.7402,0.4151,0.7812,25.062,1.299,26.242,60.098,6.352,0.0557,0.0683
PHB_07939,Healthy,0,0.9498,0.1715,0.8499,25.231,1.1139,26.456,72.931,6.478,0.0191,0.0407
PHB_03040,Moderate Illness,2,0.5572,0.5249,0.6161,26.283,1.2528,27.526,68.536,6.939,0.0489,0.0533
PHB_09656,Severe Disease,3,0.3995,0.6952,0.4541,27.021,1.4053,23.939,66.226,6.15,0.0672,0.0543
PHB_02546,Early Disease,1,0.6066,0.2123,0.7213,26.936,1.314,25.823,71.583,6.276,0.0296,0.0551
PHB_02593,Moderate Illness,2,0.5332,0.5098,0.433,25.621,1.2028,22.478,62.852,6.279,0.0443,0.0571
PHB_01189,Healthy,0,0.8387,0.0651,0.9653,24.16,1.2047,25.751,84.951,6.605,0.0467,0.0352
PHB_07967,Moderate Illness,2,0.5207,0.6988,0.5652,27.643,1.1165,23.117,78.459,6.165,0.0491,0.0395
PHB_06078,Early Disease,1,0.6086,0.306,0.6304,25.544,1.1994,29.184,68.702,6.122,0.0337,0.0414
PHB_00108,Early Disease,1,0.6088,0.4063,0.6845,25.19,1.2346,24.828,71.829,6.32,0.0337,0.0406
PHB_01316,Moderate Illness,2,0.4946,0.5345,0.4885,26.253,1.2393,21.471,63.876,6.36,0.0442,0.0409
PHB_08188,Early Disease,1,0.8141,0.2539,0.6308,25.618,1.4573,25.543,68.301,6.331,0.0351,0.0425
PHB_02754,Healthy,0,0.7379,0.0907,0.9634,22.522,1.2267,26.897,60.399,6.912,0.0405,0.0426
PHB_09754,Healthy,0,0.7966,0.1675,0.8223,24.889,1.1769,27.543,59.195,6.491,0.0388,0.0283
PHB_06232,Early Disease,1,0.5636,0.3216,0.7222,25.923,1.1702,26.27,74.82,6.365,0.0303,0.0463
PHB_02877,Early Disease,1,0.6602,0.4462,0.5382,25.143,1.3054,22.483,74.081,6.202,0.0406,0.0552
PHB_05324,Healthy,0,0.7663,0.0638,0.8766,23.972,0.9397,29.1,68.76,6.55,0.0282,0.0379
PHB_00800,Moderate Illness,2,0.4454,0.4459,0.6139,25.783,1.3385,22.708,69.803,6.286,0.0688,0.0857
PHB_03571,Severe Disease,3,0.3215,0.6894,0.6055,28.009,1.1825,27.633,65.509,6.317,0.0515,0.0736
PHB_02895,Severe Disease,3,0.4329,0.6538,0.533,27.462,1.3972,18.861,67.79,5.928,0.0548,0.0749
PHB_02928,Moderate Illness,2,0.4449,0.5317,0.562,26.8,1.4477,26.213,64.995,6.295,0.051,0.0746
PHB_08179,Moderate Illness,2,0.4755,0.5038,0.5688,25.845,1.3291,25.555,70.483,6.399,0.0417,0.0757
PHB_00972,Healthy,0,0.83,0.1151,0.8233,23.482,1.0222,29.222,56.066,6.483,0.0175,0.0286
PHB_06688,Severe Disease,3,0.2839,0.7134,0.437,27.326,1.2695,27.695,67.725,6.088,0.069,0.0533
PHB_08576,Moderate Illness,2,0.4376,0.4501,0.5783,26.632,1.3552,24.675,67.595,6.585,0.0557,0.0563
PHB_02021,Moderate Illness,2,0.4292,0.5993,0.5349,26.271,1.4215,26.483,55.461,6.036,0.0346,0.0729
PHB_09055,Severe Disease,3,0.3536,0.5971,0.4513,28.417,1.3039,24.615,57.274,6.194,0.0471,0.0746
PHB_00953,Healthy,0,0.8976,0.2239,0.8812,25.591,1.094,22.426,75.407,6.662,0.033,0.0376
PHB_05360,Severe Disease,3,0.3707,0.8434,0.4509,28.002,1.3081,24.33,85.857,6.24,0.0497,0.0604
PHB_03858,Early Disease,1,0.5532,0.3236,0.8231,24.897,1.3787,25.314,81.874,6.548,0.037,0.0446
PHB_05862,Healthy,0,0.9251,0.0784,0.9206,23.271,1.1947,27.951,77.55,6.557,0.0392,0.0281
PHB_03146,Moderate Illness,2,0.529,0.4348,0.6558,25.539,1.3587,26.572,56.691,6.673,0.031,0.0693
PHB_03306,Healthy,0,0.812,0.1777,0.878,24.063,1.1252,30.119,67.512,6.605,0.0462,0.0382
PHB_03007,Moderate Illness,2,0.5291,0.4367,0.5584,26.58,1.0415,22.053,63.328,6.273,0.0445,0.0429
PHB_09002,Healthy,0,0.8238,0.0591,0.7626,25.317,1.1806,24.112,62.849,6.544,0.0018,0.0481
PHB_07771,Healthy,0,0.8186,0.0715,0.7055,25.341,1.1603,24.245,61.38,6.674,0.0313,0.0356
PHB_07439,Healthy,0,0.8014,0.1572,0.9574,23.16,1.2296,23.04,77.073,6.051,0.0081,0.0323
PHB_07943,Moderate Illness,2,0.573,0.5866,0.6324,25.445,1.4125,22.774,58.551,6.684,0.0643,0.075
PHB_09239,Severe Disease,3,0.361,0.7519,0.5193,26.165,1.5008,23.049,63.177,6.5,0.0648,0.0709
PHB_01057,Severe Disease,3,0.3011,0.7273,0.3917,27.076,1.5933,26.165,53.514,6.342,0.0624,0.0526
PHB_03155,Healthy,0,0.8679,0.1463,0.8277,24.733,0.9992,22.933,71.539,6.469,0.0207,0.0417
PHB_03788,Healthy,0,0.8458,0.1756,0.8734,23.871,1.1977,23.77,66.843,6.374,0.0148,0.0377
PHB_09190,Moderate Illness,2,0.4785,0.5539,0.5898,27.296,1.2079,21.859,51.708,6.546,0.0466,0.0538
PHB_07826,Healthy,0,0.788,0.1249,0.8493,25.329,1.1875,26.807,59.201,6.184,0.0249,0.018
PHB_07540,Early Disease,1,0.6646,0.333,0.7309,24.949,1.2152,24.382,64.798,6.369,0.0287,0.0366
PHB_07232,Healthy,0,0.8611,0.1236,0.9068,24.907,0.9765,21.678,73.875,6.463,0.0299,0.04
PHB_00765,Severe Disease,3,0.2475,0.6964,0.5503,26.983,1.2765,23.567,64.749,6.051,0.0622,0.063
PHB_05020,Early Disease,1,0.7346,0.3905,0.7263,24.209,1.1544,27.76,61.389,6.459,0.0289,0.0505
PHB_04904,Severe Disease,3,0.303,0.745,0.4756,27.767,1.2113,26.797,56.069,6.013,0.0845,0.0678
PHB_08094,Severe Disease,3,0.3447,0.7611,0.3999,27.84,1.3738,23.43,67.156,6.456,0.0599,0.0577
PHB_06844,Early Disease,1,0.6901,0.2119,0.5888,24.999,1.1321,25.491,76.875,6.237,0.0375,0.0262
PHB_02166,Early Disease,1,0.6289,0.3303,0.7541,25.197,1.1907,25.707,70.266,6.571,0.0411,0.0671
PHB_01863,Severe Disease,3,0.3219,0.782,0.4965,26.72,1.2106,29.668,65.143,6.109,0.0572,0.0641
PHB_07851,Moderate Illness,2,0.5116,0.5158,0.6295,25.2,1.2795,25.497,54.361,6.02,0.0366,0.0596
PHB_09124,Early Disease,1,0.6977,0.204,0.794,25.679,1.0799,25.068,63.565,6.48,0.0309,0.0548
PHB_02341,Healthy,0,0.9443,0.126,0.8899,25.66,1.2346,27.23,65.868,6.622,0.0333,0.0162
PHB_05528,Healthy,0,0.7424,0.0006,0.9221,24.685,1.4242,26.192,69.087,6.567,0.0017,0.0539
PHB_06744,Healthy,0,0.836,0.1601,0.9161,23.921,1.003,25.976,71.477,6.211,0.018,0.0515
PHB_04004,Healthy,0,0.95,0.1218,0.84,24.833,1.0574,24.022,71.751,6.071,0.0269,0.03
PHB_01124,Healthy,0,0.8059,0.1243,0.7843,24.604,0.9528,24.909,63.328,6.282,0.0252,0.0341
PHB_08710,Early Disease,1,0.5444,0.34,0.7567,25.947,1.3803,25.622,59.657,6.79,0.0226,0.0433
PHB_04050,Moderate Illness,2,0.5347,0.4817,0.5971,27.049,1.3799,26.097,68.654,6.397,0.0528,0.0676
PHB_07641,Healthy,0,0.6847,0.2671,0.83,24.187,1.1439,25.588,70.795,6.711,0.0235,0.0141
PHB_00766,Healthy,0,0.8516,0.1449,0.7087,24.474,1.1591,23.189,67.182,6.623,0.0252,0.0318
PHB_02345,Moderate Illness,2,0.4858,0.4202,0.5303,25.247,1.2596,24.025,70.023,6.397,0.0571,0.0476
PHB_04072,Moderate Illness,2,0.5828,0.5999,0.4964,26.191,1.3658,25.946,76.797,6.317,0.0374,0.0583
PHB_07217,Moderate Illness,2,0.5175,0.4999,0.5922,26.059,1.2295,25.236,58.097,6.511,0.0468,0.0685
PHB_04217,Moderate Illness,2,0.4498,0.5522,0.5677,26.181,1.205,28.038,70.875,6.413,0.0497,0.0384
PHB_07953,Severe Disease,3,0.32,0.6297,0.4299,27.373,1.5005,24.02,52.136,6.383,0.044,0.0664
PHB_05971,Early Disease,1,0.6082,0.3168,0.7676,24.313,1.2643,23.758,84.076,6.351,0.0351,0.044
PHB_03351,Healthy,0,0.763,0.1502,0.7943,25.342,1.0501,26.274,78.648,6.032,0.0161,0.0325
PHB_04696,Moderate Illness,2,0.4652,0.5604,0.6339,26.404,1.2551,24.213,59.319,5.929,0.0465,0.0489
PHB_03400,Moderate Illness,2,0.4772,0.5615,0.5792,27.2,1.0691,24.063,62.881,6.424,0.0399,0.0537
PHB_04082,Early Disease,1,0.5895,0.2993,0.7163,25.001,1.0972,25.409,53.954,6.59,0.054,0.0503
PHB_09150,Healthy,0,0.769,0.1567,0.8556,26.407,1.111,27.819,66.38,6.546,0.0156,0.0536
PHB_01225,Healthy,0,0.8704,0.2412,0.9883,23.638,1.154,27.188,78.542,6.691,0.0289,0.0296
PHB_06293,Severe Disease,3,0.3971,0.7577,0.4751,26.39,1.4889,24.248,62.446,6.344,0.0622,0.0685
PHB_03123,Early Disease,1,0.656,0.3439,0.6823,25.419,0.9973,22.337,69.979,6.289,0.0413,0.0328
PHB_00511,Healthy,0,0.9009,0.1615,0.892,24.471,1.1047,24.758,73.818,6.86,0.0303,0.0529
PHB_05795,Severe Disease,3,0.3411,0.7786,0.5435,27.223,1.4296,25.915,67.454,6.342,0.057,0.0755
PHB_08182,Severe Disease,3,0.4663,0.6439,0.3703,26.928,1.0902,25.379,59.485,6.57,0.0568,0.079
PHB_09418,Moderate Illness,2,0.5601,0.5106,0.6023,27.283,1.4376,26.928,53.808,6.231,0.0399,0.0499
PHB_00097,Early Disease,1,0.6795,0.4259,0.8184,25.912,1.0955,25.019,48.374,6.275,0.0288,0.0527
PHB_06682,Severe Disease,3,0.3362,0.6856,0.4824,27.623,1.1852,24.793,69.096,6.616,0.0682,0.0651
PHB_01513,Moderate Illness,2,0.4779,0.5181,0.5506,26.483,1.236,26.426,72.999,6.124,0.0326,0.0577
PHB_08792,Severe Disease,3,0.3916,0.7296,0.4925,28.69,1.5559,25.399,62.303,6.371,0.0483,0.0611
PHB_00120,Moderate Illness,2,0.4406,0.635,0.5861,27.04,1.195,26.3,63.489,6.271,0.0532,0.0544
PHB_07792,Moderate Illness,2,0.5077,0.4942,0.6184,25.37,1.3955,18.95,46.685,6.175,0.0421,0.0519
PHB_06518,Moderate Illness,2,0.5524,0.484,0.6081,27.091,1.4176,25.57,67.91,6.374,0.0538,0.0365
PHB_00034,Early Disease,1,0.7007,0.4123,0.6661,24.608,1.1645,22.432,44.655,6.262,0.0432,0.0322
PHB_07888,Healthy,0,0.8125,0.1751,0.8183,24.984,1.1816,28.571,58.654,6.276,0.0124,0.0222
PHB_06831,Early Disease,1,0.6253,0.2549,0.724,25.117,1.3121,23.088,57.017,6.778,0.0478,0.048
PHB_05422,Early Disease,1,0.6109,0.3306,0.8565,24.938,1.207,23.977,64.82,6.344,0.03,0.0563
PHB_01069,Healthy,0,0.8495,0.1425,0.934,24.349,1.2558,22.503,62.624,6.511,0.0226,0.0216
PHB_01348,Early Disease,1,0.6645,0.3099,0.6521,25.999,0.9728,26.297,59.485,6.619,0.0315,0.0555
PHB_04748,Moderate Illness,2,0.5545,0.5351,0.5515,26.218,1.2574,27.157,68.495,6.377,0.0401,0.0528
PHB_06006,Early Disease,1,0.5907,0.3852,0.7913,25.172,1.2674,27.193,62.934,6.37,0.0441,0.0537
PHB_06040,Early Disease,1,0.6071,0.182,0.8569,23.706,1.2303,21.912,76.78,6.28,0.0407,0.0509
PHB_03818,Early Disease,1,0.6398,0.2685,0.7663,25.687,1.1992,27.388,63.734,6.484,0.0504,0.0437
PHB_08447,Early Disease,1,0.7287,0.2732,0.7335,25.779,1.497,22.516,55.406,6.441,0.0444,0.0361
PHB_05270,Early Disease,1,0.7185,0.2835,0.7469,25.636,1.1551,26.385,70.978,6.311,0.0288,0.0744
PHB_06898,Healthy,0,0.7794,0.1161,0.812,24.182,0.9575,27.452,74.822,6.738,0.0228,0.0365
PHB_05310,Early Disease,1,0.554,0.3268,0.7228,27.213,1.1351,28.377,66.891,6.733,0.0452,0.0488
PHB_00032,Severe Disease,3,0.358,0.7853,0.52,28.657,1.4469,23.041,54.597,6.408,0.048,0.1
PHB_05675,Moderate Illness,2,0.5107,0.5402,0.4877,25.692,1.4269,25.533,71.89,6.239,0.0495,0.0518
PHB_04387,Early Disease,1,0.7491,0.394,0.737,25.553,1.0948,23.194,69.402,6.476,0.0472,0.0286
PHB_00030,Moderate Illness,2,0.5497,0.5012,0.5707,25.272,1.2995,28.076,54.37,6.197,0.0414,0.0606
PHB_04203,Healthy,0,0.9194,0.1244,0.9238,24.46,1.214,21.497,71.737,6.494,0.0318,0.033
PHB_07508,Severe Disease,3,0.3334,0.7114,0.4452,27.589,1.2953,26.609,75.185,6.275,0.0642,0.0639
PHB_00736,Moderate Illness,2,0.5579,0.5777,0.623,26.439,1.168,26.658,60.707,6.13,0.0452,0.0764
PHB_02068,Severe Disease,3,0.2357,0.6876,0.5292,28.042,1.442,24.789,59.675,6.277,0.0525,0.0563
PHB_00107,Early Disease,1,0.5682,0.3323,0.621,25.075,1.2436,21.006,66.515,5.994,0.0346,0.0472
PHB_09645,Severe Disease,3,0.3526,0.6793,0.6862,27.623,1.4232,25.032,66.704,6.633,0.0586,0.0788
PHB_08895,Early Disease,1,0.623,0.3476,0.7072,25.876,1.1866,23.481,58.068,5.984,0.0403,0.0339
PHB_08021,Healthy,0,0.7598,0.0177,0.937,23.717,0.8606,25.627,71.549,6.4,0.0505,0.0448
PHB_02233,Healthy,0,0.8085,0.1136,0.8845,25.1,1.1983,26.49,61.695,6.162,0.0207,0.0527
PHB_00994,Healthy,0,0.8646,0.1911,0.9371,24.475,1.0002,24.693,71.902,6.685,0.0294,0.0489
PHB_09413,Healthy,0,0.8977,0.1275,0.9687,24.792,0.9748,29.806,68.213,6.404,0.004,0.0201
PHB_07059,Moderate Illness,2,0.4542,0.5331,0.4481,25.26,1.1741,26.795,53.869,6.559,0.0406,0.0593
PHB_06790,Severe Disease,3,0.3113,0.7418,0.4618,28.242,1.395,29.951,60.688,6.382,0.0681,0.0825
PHB_00361,Severe Disease,3,0.4084,0.832,0.4286,26.082,1.5086,25.709,60.011,6.335,0.0733,0.0745
PHB_00305,Severe Disease,3,0.2671,0.7228,0.5512,27.826,1.6469,24.143,67.318,6.156,0.0451,0.0732
PHB_02628,Early Disease,1,0.6012,0.407,0.7529,26.399,1.3045,26.835,69.517,6.241,0.0396,0.0398
PHB_08966,Healthy,0,0.7146,0.039,0.8797,25.094,1.0001,25.845,58.539,6.593,0.0416,0.0376
PHB_04514,Healthy,0,0.7911,0.1802,0.9704,25.257,1.0148,21.262,65.037,6.039,0.022,0.0378
PHB_05911,Severe Disease,3,0.3083,0.8121,0.4229,26.979,1.2926,24.414,59.683,5.885,0.0639,0.0716
PHB_08314,Early Disease,1,0.6608,0.3298,0.6814,25.143,1.0997,23.362,73.002,6.544,0.0475,0.0347
PHB_03101,Severe Disease,3,0.279,0.7054,0.3976,27.946,1.2922,26.591,52.006,5.725,0.056,0.0658
PHB_05704,Severe Disease,3,0.3471,0.7067,0.5134,27.878,1.3819,20.706,55.776,5.979,0.0439,0.0659
PHB_03899,Healthy,0,0.6893,0.0883,0.8631,24.504,1.0262,25.397,66.942,6.378,0.0331,0.0229
PHB_05441,Healthy,0,0.8581,0.1003,0.847,24.497,1.1239,24.721,70.835,6.324,0.0395,0.0338
PHB_07931,Early Disease,1,0.6414,0.3165,0.8498,26.329,1.1792,28.207,63.779,6.511,0.0189,0.0573
PHB_00622,Early Disease,1,0.6881,0.4007,0.8498,25.166,1.0827,23.374,74.737,6.586,0.0167,0.052
PHB_07236,Severe Disease,3,0.3462,0.6517,0.5103,28.333,1.4031,25.365,63.053,6.266,0.0405,0.0591
PHB_02499,Severe Disease,3,0.2652,0.6663,0.4709,27.292,1.1777,27.565,55.646,6.334,0.0515,0.066
PHB_00714,Severe Disease,3,0.3438,0.7317,0.5321,26.876,1.5536,26.554,50.253,6.27,0.0537,0.0757
PHB_08404,Severe Disease,3,0.2847,0.7838,0.3756,27.269,1.4091,20.079,74.598,6.135,0.0577,0.1
PHB_02856,Severe Disease,3,0.4589,0.8007,0.4248,27.036,1.6825,27.481,53.122,6.284,0.0677,0.0442
PHB_04270,Severe Disease,3,0.3467,0.7145,0.4594,26.993,1.3516,20.772,64.057,6.032,0.0544,0.0926
PHB_02909,Severe Disease,3,0.2465,0.6416,0.3895,26.433,1.4978,22.109,55.234,6.397,0.0701,0.0591
PHB_08081,Healthy,0,0.8298,0.0139,0.8719,23.893,1.1735,27.878,64.387,6.316,0.0124,0.0304
PHB_04517,Early Disease,1,0.6539,0.3788,0.8296,26.055,1.24,21.094,74.763,6.342,0.0211,0.0645
PHB_01262,Early Disease,1,0.6208,0.2172,0.7216,25.339,1.1724,26.294,72.172,6.711,0.0469,0.0442
PHB_03161,Severe Disease,3,0.3602,0.6786,0.541,27.764,1.4499,24.67,59.877,6.213,0.0556,0.0636
PHB_00971,Early Disease,1,0.6162,0.3743,0.7308,24.924,1.1988,27.144,64.813,6.102,0.0278,0.0374
PHB_03913,Severe Disease,3,0.3586,0.7718,0.4413,27.136,1.2874,25.502,64.76,6.041,0.0439,0.0549
PHB_05199,Severe Disease,3,0.3161,0.7452,0.5176,28.353,1.3721,25.877,73.217,5.526,0.0495,0.0695
PHB_08847,Severe Disease,3,0.4172,0.6749,0.3574,26.138,1.3224,23.352,75.349,6.166,0.0736,0.0681
PHB_00260,Moderate Illness,2,0.4772,0.462,0.5997,24.686,1.4198,23.349,62.349,6.299,0.0357,0.0386
PHB_03791,Healthy,0,0.8306,0.1134,0.9271,25.125,1.0991,26.538,66.203,6.442,0.0087,0.0355
PHB_09203,Early Disease,1,0.7321,0.2717,0.6902,24.07,1.3734,26.149,77.66,6.285,0.0301,0.0385
PHB_00488,Healthy,0,0.825,0.0951,0.8697,24.2,1.2446,25.106,71.09,6.662,0.0227,0.0221
PHB_07908,Severe Disease,3,0.4664,0.6411,0.4567,26.72,1.3541,23.279,56.711,6.471,0.0637,0.0666
PHB_00519,Healthy,0,0.8719,0.0708,0.8804,25.184,0.9499,23.618,63.848,6.247,0.0306,0.025
PHB_08343,Moderate Illness,2,0.4814,0.4209,0.5045,25.704,0.9872,24.717,70.652,6.635,0.0501,0.045
PHB_00312,Early Disease,1,0.596,0.18,0.833,25.006,1.1372,27.66,71.139,6.244,0.0329,0.044
PHB_03232,Healthy,0,0.8486,0.1518,0.9055,24.536,0.9614,22.304,62.587,6.375,0.0267,0.045
PHB_07933,Healthy,0,0.9501,0.0798,0.8341,25.152,1.1692,24.479,60.126,6.487,0.0377,0.0317
PHB_07458,Severe Disease,3,0.362,0.6764,0.4326,27.819,1.3954,28.425,57.675,6.195,0.0526,0.0852
PHB_09784,Healthy,0,0.8122,0.0758,0.8008,25.01,1.1095,24.031,72.534,6.397,0.0229,0.0278
PHB_05184,Moderate Illness,2,0.5044,0.4733,0.664,26.503,1.2073,21.69,85.165,6.279,0.0338,0.0459
PHB_08077,Healthy,0,0.8989,0.1403,0.7856,24.254,0.9824,28.411,65.233,6.3,0.0344,0.042
PHB_06502,Early Disease,1,0.7654,0.3343,0.8681,24.882,1.2405,24.869,68.061,6.471,0.0443,0.0525
PHB_06791,Early Disease,1,0.6901,0.2856,0.6148,25.825,1.122,23.593,69.574,5.874,0.0356,0.0377
PHB_07773,Healthy,0,0.8137,0.1355,0.9066,23.956,1.2661,28.435,56.69,6.751,0.0223,0.0262
PHB_02738,Moderate Illness,2,0.4485,0.544,0.6631,25.989,1.6493,22.892,57.608,6.282,0.0521,0.0569
PHB_07842,Early Disease,1,0.687,0.3026,0.7588,27.015,1.215,22.975,80.001,6.846,0.0376,0.0243
PHB_06262,Healthy,0,0.8685,0.0,0.8468,25.117,0.9159,27.726,65.638,6.587,0.0237,0.0276
PHB_08206,Early Disease,1,0.6792,0.3329,0.7217,25.011,1.2819,27.166,58.107,6.32,0.0469,0.0342
PHB_01248,Healthy,0,0.8405,0.0662,0.9311,23.848,1.3048,24.156,56.992,6.725,0.0217,0.0102
PHB_09336,Severe Disease,3,0.4122,0.8264,0.436,27.551,1.4465,22.654,59.394,6.352,0.0642,0.0643
PHB_04195,Early Disease,1,0.7034,0.3364,0.7345,24.604,1.1163,23.878,85.407,5.932,0.0449,0.0555
PHB_08001,Moderate Illness,2,0.5169,0.5327,0.7222,26.039,1.3023,27.246,63.801,6.093,0.0546,0.0468
PHB_07378,Severe Disease,3,0.3048,0.788,0.4646,27.784,1.4189,26.418,57.893,6.441,0.0563,0.0633
PHB_03435,Healthy,0,0.7762,0.1188,0.8585,22.892,1.3009,23.91,74.025,6.392,0.0351,0.0396
PHB_05382,Moderate Illness,2,0.5277,0.5041,0.6349,25.83,1.3312,25.99,66.45,6.32,0.04,0.0542
PHB_00959,Early Disease,1,0.6705,0.3495,0.8224,27.084,1.2623,26.441,68.298,6.584,0.0286,0.0585
PHB_00417,Healthy,0,0.769,0.0,0.8171,24.435,1.3224,28.932,61.69,6.564,0.0254,0.0417
PHB_05742,Moderate Illness,2,0.4582,0.5508,0.5848,26.944,1.3585,29.02,61.544,5.759,0.0446,0.0358
PHB_06728,Early Disease,1,0.6596,0.2307,0.7224,24.616,1.3682,22.386,68.245,5.969,0.0383,0.0502
PHB_04382,Early Disease,1,0.6548,0.2705,0.6992,25.192,1.5326,26.663,73.692,6.678,0.0394,0.0498
PHB_05197,Early Disease,1,0.608,0.2289,0.8466,26.285,1.3747,27.306,73.841,6.874,0.0436,0.047
PHB_01113,Moderate Illness,2,0.5611,0.6025,0.4933,27.144,1.3709,24.962,67.244,5.905,0.0537,0.0576
PHB_02689,Early Disease,1,0.6854,0.4194,0.7315,25.291,1.3369,22.842,61.688,6.002,0.0331,0.043
PHB_06473,Severe Disease,3,0.3395,0.7312,0.3601,27.358,1.4241,25.072,67.96,6.047,0.0533,0.068
PHB_08820,Severe Disease,3,0.3793,0.6675,0.5192,27.386,1.5344,25.202,70.773,6.119,0.0673,0.0851
PHB_07808,Early Disease,1,0.5753,0.2099,0.803,25.688,1.2562,23.541,63.369,6.481,0.0254,0.0333
PHB_03411,Moderate Illness,2,0.4231,0.4798,0.5607,28.041,1.2791,28.072,62.812,6.225,0.0591,0.0451
PHB_00081,Moderate Illness,2,0.5198,0.6116,0.5499,25.167,1.2042,28.351,66.135,6.529,0.0312,0.0406
PHB_04614,Early Disease,1,0.5984,0.3713,0.7824,24.615,1.1531,26.683,63.706,5.97,0.031,0.0462
PHB_01374,Severe Disease,3,0.3497,0.6336,0.4086,26.154,1.4549,25.177,67.438,5.913,0.0525,0.0561
PHB_01510,Moderate Illness,2,0.5196,0.5846,0.6026,27.938,1.3024,23.784,61.535,6.382,0.0514,0.0662
PHB_06443,Severe Disease,3,0.2359,0.7481,0.5746,26.914,1.196,25.42,83.863,6.489,0.0661,0.072
PHB_03071,Healthy,0,0.8317,0.0629,0.8356,24.504,1.1254,24.059,60.316,6.184,0.0338,0.0098
PHB_03016,Moderate Illness,2,0.4068,0.4816,0.6365,27.594,1.4134,26.658,57.597,6.415,0.0468,0.0569
PHB_04823,Moderate Illness,2,0.521,0.5272,0.6499,25.542,0.9182,25.311,73.175,6.255,0.0531,0.0542
PHB_07822,Moderate Illness,2,0.4803,0.5376,0.5388,25.872,1.2352,20.25,60.465,6.259,0.0438,0.0545
PHB_00093,Early Disease,1,0.5713,0.3735,0.7968,24.763,1.1581,28.581,70.324,6.484,0.0439,0.0558
PHB_09421,Healthy,0,0.8221,0.1087,0.8937,24.365,1.0498,20.242,75.121,6.276,0.0226,0.0356
PHB_06600,Early Disease,1,0.6955,0.3429,0.7148,25.111,1.3175,20.181,61.111,6.248,0.0263,0.0667
PHB_04443,Severe Disease,3,0.2961,0.7038,0.4048,28.546,1.2664,23.828,56.455,6.018,0.0658,0.065
PHB_07602,Severe Disease,3,0.337,0.813,0.5759,26.863,1.4305,22.195,57.484,5.925,0.0715,0.0822
PHB_03835,Early Disease,1,0.7149,0.3127,0.7195,25.369,1.044,24.136,70.225,6.618,0.0309,0.0451
PHB_09702,Healthy,0,0.7492,0.2286,0.8359,24.716,1.193,22.286,77.229,6.218,0.0186,0.0375
PHB_04322,Moderate Illness,2,0.5668,0.5605,0.6667,27.122,1.3231,26.23,62.486,6.449,0.0456,0.0689
PHB_03394,Healthy,0,0.7939,0.1432,0.8625,25.085,1.165,20.651,61.865,6.73,0.0214,0.0282
PHB_04752,Moderate Illness,2,0.6283,0.5006,0.5385,27.446,1.1476,22.445,56.792,6.226,0.0372,0.0467
PHB_07229,Healthy,0,0.9244,0.1225,0.8992,24.114,0.8248,20.588,72.77,6.277,0.0223,0.0372
PHB_09191,Early Disease,1,0.6887,0.3992,0.6486,26.743,1.0172,26.917,62.408,6.496,0.0318,0.0496
PHB_02361,Severe Disease,3,0.366,0.7847,0.3768,26.932,1.4107,25.973,69.725,5.838,0.0613,0.08
PHB_01148,Severe Disease,3,0.3229,0.6958,0.5413,26.142,1.2665,23.991,61.153,6.275,0.0696,0.0753
PHB_05666,Moderate Illness,2,0.5021,0.4459,0.5689,24.966,1.4037,28.973,68.835,6.275,0.0474,0.0627
PHB_08075,Severe Disease,3,0.3007,0.7277,0.3886,28.903,1.4917,27.242,68.565,6.699,0.0607,0.0711
PHB_04943,Moderate Illness,2,0.4942,0.6066,0.6893,26.336,1.4143,26.703,70.534,6.462,0.0474,0.0624
PHB_03663,Severe Disease,3,0.34,0.6788,0.6016,25.889,1.2638,27.153,54.392,6.609,0.0723,0.0779
PHB_01563,Severe Disease,3,0.2271,0.7074,0.5138,26.451,1.7536,28.16,73.576,5.962,0.0708,0.0811
PHB_04113,Severe Disease,3,0.3488,0.6437,0.5328,26.125,1.379,21.962,59.121,5.64,0.0485,0.0839
PHB_09050,Early Disease,1,0.6114,0.2121,0.7208,25.358,1.1399,24.823,60.858,6.565,0.0316,0.0625
PHB_09276,Healthy,0,0.7506,0.1474,0.8314,24.13,1.1494,24.665,63.594,6.539,0.0402,0.0445
PHB_08538,Severe Disease,3,0.3514,0.7438,0.4048,28.307,1.3691,24.542,62.846,6.264,0.0648,0.0884
PHB_00795,Healthy,0,0.8775,0.1322,1.0353,24.847,1.1355,24.481,74.371,6.939,0.0186,0.0507
PHB_05854,Early Disease,1,0.7184,0.3245,0.737,25.629,1.0354,28.356,73.247,6.688,0.0229,0.0269
PHB_07619,Moderate Illness,2,0.3382,0.4932,0.5988,26.186,1.2409,23.833,61.977,6.4,0.053,0.0647
PHB_01594,Early Disease,1,0.5807,0.2665,0.6529,24.584,1.137,23.169,74.364,6.391,0.0496,0.0624
PHB_07418,Severe Disease,3,0.2946,0.6967,0.3771,26.763,1.6208,22.343,63.25,6.592,0.0867,0.0713
PHB_05267,Early Disease,1,0.5744,0.3169,0.6696,26.82,1.241,27.101,81.407,6.534,0.0626,0.0339
PHB_07147,Early Disease,1,0.7133,0.2679,0.741,25.422,1.0481,22.348,60.489,6.403,0.0293,0.0455
PHB_00089,Healthy,0,0.8624,0.14,0.8462,24.67,1.249,26.847,61.361,6.419,0.0124,0.0393
PHB_08695,Severe Disease,3,0.3717,0.7145,0.5458,27.852,1.2372,29.86,54.296,6.142,0.0525,0.0609
PHB_09732,Early Disease,1,0.5831,0.3813,0.6995,26.244,1.2293,25.146,60.253,6.376,0.063,0.0557
PHB_09446,Early Disease,1,0.7013,0.4639,0.7294,25.553,1.3243,27.032,73.824,6.459,0.024,0.0485
PHB_06754,Severe Disease,3,0.3832,0.6607,0.4823,26.876,1.1941,26.599,66.916,6.464,0.0535,0.0913
PHB_03502,Moderate Illness,2,0.524,0.5809,0.555,25.067,1.1541,27.837,64.65,6.194,0.0528,0.0451
PHB_02234,Severe Disease,3,0.2564,0.7479,0.6081,27.755,1.4878,26.491,67.089,6.198,0.0594,0.0639
PHB_02803,Healthy,0,0.8511,0.1301,0.9838,24.397,1.0341,25.171,75.928,6.432,0.0234,0.0566
PHB_04424,Healthy,0,0.8781,0.1708,0.9253,24.42,1.0503,22.568,66.082,6.28,0.0197,0.0186
PHB_05663,Moderate Illness,2,0.5388,0.6087,0.5593,27.87,1.3936,24.089,62.667,6.671,0.0586,0.0682
PHB_07170,Healthy,0,0.8219,0.0676,0.885,25.571,1.3484,27.163,59.178,6.245,0.0224,0.0171
PHB_08337,Severe Disease,3,0.2852,0.7919,0.378,26.242,1.4106,26.967,72.846,6.343,0.049,0.0768
PHB_02148,Severe Disease,3,0.3423,0.6665,0.4906,26.706,1.3371,24.594,61.273,6.259,0.0462,0.0873
PHB_07969,Healthy,0,0.8525,0.0907,0.9031,25.046,0.938,29.648,63.121,6.516,0.0095,0.0378
PHB_06551,Severe Disease,3,0.4737,0.7437,0.5649,26.815,1.4276,21.857,70.366,5.973,0.0636,0.078
PHB_07643,Early Disease,1,0.722,0.3091,0.689,25.341,1.2412,20.135,69.422,6.336,0.04,0.0266
PHB_06164,Moderate Illness,2,0.4388,0.6009,0.5814,25.592,1.3086,26.798,69.487,6.096,0.0398,0.0529
PHB_01495,Early Disease,1,0.7348,0.32,0.7555,25.824,1.053,24.169,63.183,6.478,0.023,0.0324
PHB_07696,Moderate Illness,2,0.5281,0.5854,0.5525,26.702,1.5975,25.132,54.884,6.29,0.0332,0.0686
PHB_07094,Severe Disease,3,0.2271,0.6922,0.5291,26.427,1.6942,22.599,54.787,5.778,0.0527,0.0822
PHB_01409,Severe Disease,3,0.3833,0.6209,0.5016,26.848,1.4485,23.131,63.495,5.989,0.0428,0.0758
PHB_06691,Early Disease,1,0.5963,0.3061,0.7967,25.706,1.0342,24.899,69.993,6.671,0.0333,0.0511
PHB_03401,Healthy,0,0.8888,0.2681,0.94,24.68,1.315,21.879,72.065,6.457,0.007,0.0814
PHB_00109,Healthy,0,0.712,0.1294,0.9212,24.841,1.1584,26.014,73.874,6.595,0.0177,0.0281
PHB_05636,Moderate Illness,2,0.5591,0.4897,0.5271,26.444,1.3676,24.648,59.23,6.608,0.0673,0.0647
PHB_08482,Healthy,0,0.7917,0.1135,0.8884,23.357,1.0075,22.724,70.65,6.491,0.0325,0.016
PHB_06604,Healthy,0,0.8434,0.1232,0.6979,24.018,0.9641,26.198,61.022,6.849,0.0197,0.014
PHB_01091,Healthy,0,0.8162,0.1574,0.8164,25.463,1.0554,28.06,79.703,6.48,0.0293,0.0529
PHB_05560,Healthy,0,0.7407,0.1453,0.9854,24.509,1.1152,25.238,74.699,6.728,0.0361,0.0417
PHB_09412,Early Disease,1,0.6372,0.35,0.7328,25.149,1.1452,23.077,60.42,6.212,0.0438,0.0526
PHB_08143,Early Disease,1,0.7038,0.252,0.698,25.495,1.1116,24.308,69.871,6.336,0.0257,0.0648
PHB_08664,Severe Disease,3,0.4038,0.7335,0.2805,27.215,1.5477,22.845,62.916,6.161,0.0728,0.0922
PHB_06596,Early Disease,1,0.805,0.3846,0.7785,25.947,1.2255,26.047,67.85,6.695,0.0434,0.0353
PHB_00624,Early Disease,1,0.668,0.3887,0.6248,24.698,1.175,25.776,69.229,6.48,0.0213,0.0405
PHB_06871,Moderate Illness,2,0.4627,0.5376,0.5735,26.702,1.1467,22.672,63.128,6.307,0.0411,0.0638
PHB_04814,Severe Disease,3,0.3315,0.7497,0.5257,27.003,1.2557,25.551,62.314,6.274,0.0518,0.0768
PHB_06553,Severe Disease,3,0.3771,0.731,0.5001,27.02,1.6476,25.835,55.441,5.732,0.0726,0.0577
PHB_07530,Healthy,0,0.8695,0.087,0.7632,25.326,1.01,23.536,72.316,6.514,0.0129,0.0545
PHB_05796,Moderate Illness,2,0.4092,0.4568,0.7214,27.516,1.4088,24.899,79.876,6.349,0.0361,0.0493
PHB_07437,Healthy,0,0.9111,0.0454,0.8434,24.475,0.9566,19.182,74.54,6.215,0.0054,0.034
PHB_04218,Healthy,0,0.8258,0.1653,0.9631,23.75,1.2555,23.787,67.233,6.628,0.0065,0.0444
PHB_05941,Moderate Illness,2,0.3966,0.5907,0.4776,27.038,1.3714,22.419,57.212,6.368,0.0601,0.049
PHB_08501,Healthy,0,0.91,0.0521,0.9436,24.647,0.8615,26.832,74.675,6.344,0.0371,0.036
PHB_06429,Early Disease,1,0.5133,0.2725,0.8853,25.934,1.0412,26.067,57.281,6.476,0.0273,0.0423
PHB_06827,Healthy,0,0.8378,0.0385,0.8033,24.186,1.366,23.878,56.333,6.231,0.0329,0.0359
PHB_04131,Moderate Illness,2,0.4918,0.4137,0.5587,26.35,1.1792,23.299,72.274,6.725,0.0461,0.0565
PHB_07802,Severe Disease,3,0.3998,0.7443,0.4836,25.73,1.0593,28.718,59.969,6.193,0.0767,0.0732
PHB_07754,Severe Disease,3,0.3825,0.6602,0.5166,26.682,1.3704,23.145,64.298,6.4,0.0766,0.0754
PHB_04722,Moderate Illness,2,0.443,0.6998,0.6056,27.262,1.2316,25.635,73.464,6.351,0.0353,0.0546
PHB_01651,Early Disease,1,0.7612,0.2894,0.6805,27.501,1.2705,21.546,74.786,6.074,0.0443,0.0472
PHB_04141,Early Disease,1,0.6425,0.3246,0.7791,24.86,1.2016,25.392,77.02,6.377,0.0443,0.0485
PHB_01618,Moderate Illness,2,0.5575,0.5767,0.5944,26.672,1.3459,23.062,56.966,6.528,0.0446,0.081
PHB_02030,Moderate Illness,2,0.4584,0.5008,0.719,26.518,1.2815,26.586,67.743,6.336,0.0646,0.0969
PHB_08518,Healthy,0,0.7575,0.0479,1.0054,24.974,0.9622,23.45,64.826,6.538,0.0282,0.0266
PHB_04576,Healthy,0,0.7728,0.089,0.8628,24.743,0.9976,23.505,79.962,6.993,0.0294,0.0344
PHB_03993,Healthy,0,0.8793,0.0871,0.8661,25.544,0.8751,27.903,63.068,6.728,0.0202,0.0274
PHB_07377,Healthy,0,0.9212,0.0115,0.8751,23.911,1.3059,24.28,69.615,6.403,0.0231,0.0371
PHB_06150,Moderate Illness,2,0.5532,0.4936,0.6635,26.686,1.2976,22.358,64.208,6.378,0.0357,0.0442
PHB_04909,Moderate Illness,2,0.5239,0.5216,0.5923,26.202,1.2754,24.719,59.98,6.192,0.045,0.0584
PHB_05027,Early Disease,1,0.6085,0.3863,0.7706,25.933,1.0384,25.748,66.371,6.651,0.0371,0.0502
PHB_08261,Early Disease,1,0.6347,0.3563,0.8724,25.084,1.3577,24.981,62.786,6.131,0.0344,0.0686
PHB_04732,Severe Disease,3,0.3094,0.7039,0.3818,27.41,1.3036,28.333,57.428,6.242,0.0561,0.0685
PHB_07549,Healthy,0,0.7849,0.1487,0.9874,25.47,1.2143,25.183,65.515,6.497,0.0232,0.0476
PHB_08135,Early Disease,1,0.7084,0.3626,0.7046,24.919,1.2526,27.201,67.578,6.488,0.0431,0.0532
PHB_01607,Severe Disease,3,0.2052,0.6774,0.4041,32.417,1.6142,23.467,70.291,6.151,0.0656,0.0534
PHB_04774,Early Disease,1,0.6834,0.3189,0.6591,25.09,1.1565,29.021,76.844,6.079,0.0395,0.0417
PHB_08110,Moderate Illness,2,0.5018,0.5514,0.5404,26.676,1.2143,23.594,47.314,6.366,0.0379,0.0642
PHB_06952,Severe Disease,3,0.3308,0.6999,0.5091,27.589,1.5246,25.552,65.26,6.21,0.0466,0.0732
PHB_06005,Healthy,0,0.7562,0.1871,0.8881,24.224,1.2123,24.224,64.987,6.598,0.0525,0.0335
PHB_07729,Moderate Illness,2,0.5223,0.5171,0.568,26.516,1.2033,23.416,65.326,6.36,0.0389,0.0543
PHB_03542,Moderate Illness,2,0.5576,0.5139,0.6529,26.407,1.4467,27.032,58.835,6.227,0.0544,0.049
PHB_00389,Healthy,0,0.8137,0.1652,0.9445,25.394,0.9756,22.649,66.114,6.681,0.0214,0.0396
PHB_01795,Severe Disease,3,0.2506,0.8396,0.5609,28.353,1.4306,28.022,83.084,6.21,0.075,0.0871
PHB_08732,Moderate Illness,2,0.5354,0.6073,0.5618,26.766,1.2946,24.444,78.081,5.95,0.055,0.0637
PHB_04920,Early Disease,1,0.7451,0.3465,0.8527,26.208,1.0062,26.863,85.822,6.2,0.0455,0.0491
PHB_05538,Moderate Illness,2,0.4243,0.4777,0.6115,25.922,1.1252,25.919,57.074,6.515,0.0646,0.0429
PHB_03873,Healthy,0,0.8094,0.2043,0.9828,23.942,1.1895,24.027,72.624,6.549,0.0151,0.0397
PHB_08869,Early Disease,1,0.6974,0.3704,0.6878,25.025,1.2134,26.439,49.126,6.291,0.0491,0.0512
PHB_02255,Severe Disease,3,0.3751,0.7242,0.5376,26.852,1.2304,23.937,54.445,5.87,0.0671,0.0613
PHB_03413,Moderate Illness,2,0.4475,0.4986,0.5478,25.72,1.5723,24.823,74.101,6.094,0.0571,0.0496
PHB_05460,Healthy,0,0.918,0.141,0.7958,23.486,1.2019,26.757,80.262,6.551,0.0354,0.0335
PHB_04956,Healthy,0,0.829,0.2091,1.0167,24.127,1.1018,27.618,60.705,6.492,0.033,0.0464
PHB_07397,Early Disease,1,0.6181,0.4379,0.6675,24.976,1.3219,25.087,54.407,6.018,0.0202,0.0403
PHB_05415,Moderate Illness,2,0.5485,0.5037,0.5985,26.14,1.2008,24.718,61.851,6.368,0.0429,0.0773
PHB_07400,Severe Disease,3,0.351,0.6087,0.4866,27.238,1.5445,21.631,64.376,6.394,0.0738,0.0673
PHB_07415,Moderate Illness,2,0.4808,0.514,0.6082,26.588,1.1897,27.195,68.912,6.18,0.0558,0.0607
PHB_09101,Early Disease,1,0.6415,0.3236,0.6229,24.124,1.1852,25.173,63.681,6.505,0.0243,0.0341
PHB_04852,Moderate Illness,2,0.4473,0.5635,0.5343,26.764,1.1589,26.778,83.886,6.391,0.0497,0.0841
PHB_02026,Early Disease,1,0.5629,0.2025,0.7517,25.839,1.2013,25.408,74.406,6.967,0.0522,0.061
PHB_02616,Early Disease,1,0.6612,0.3447,0.7365,25.907,1.3215,24.542,72.668,6.21,0.0394,0.0489
PHB_07389,Healthy,0,0.8545,0.1189,0.889,25.223,1.1284,25.121,63.212,6.129,0.0186,0.0123
PHB_02927,Moderate Illness,2,0.4943,0.5902,0.5648,26.365,1.2367,23.783,63.801,6.291,0.037,0.0565
PHB_01122,Healthy,0,0.7765,0.1686,0.932,26.149,0.975,26.689,58.603,6.228,0.0146,0.0526
PHB_02911,Moderate Illness,2,0.4837,0.5616,0.5577,25.128,1.2494,25.909,76.465,5.904,0.0502,0.0593
PHB_08147,Early Disease,1,0.7566,0.458,0.8174,25.868,1.1913,27.523,56.759,6.492,0.0126,0.0396
PHB_07384,Healthy,0,0.8295,0.153,0.9549,24.565,1.1609,25.115,69.729,6.461,0.0115,0.0241
PHB_03483,Severe Disease,3,0.2739,0.768,0.4248,28.106,1.4204,28.967,60.617,5.927,0.0445,0.0583
PHB_00796,Early Disease,1,0.5439,0.3755,0.7296,25.435,1.2329,25.874,60.928,6.572,0.0261,0.0497
PHB_01576,Healthy,0,0.8157,0.0,0.826,24.495,0.9567,26.211,71.08,6.304,0.0166,0.0276
PHB_06177,Moderate Illness,2,0.4896,0.4644,0.5575,27.199,1.082,27.421,72.675,6.195,0.0431,0.0442
PHB_06267,Healthy,0,0.8138,0.0602,0.8842,24.566,1.0486,28.291,65.42,6.393,0.001,0.033
PHB_02459,Early Disease,1,0.6269,0.3585,0.7841,24.627,1.0412,27.736,54.516,6.196,0.025,0.0497
PHB_03313,Moderate Illness,2,0.5102,0.5114,0.6358,25.691,1.409,25.899,73.1,6.444,0.0479,0.0656
PHB_01254,Moderate Illness,2,0.468,0.481,0.6954,30.321,1.2182,24.845,62.471,6.336,0.0544,0.0746
PHB_06835,Early Disease,1,0.6422,0.2938,0.6774,26.13,1.1268,24.545,64.133,6.375,0.0272,0.0527
PHB_08795,Moderate Illness,2,0.4706,0.5436,0.6989,25.654,1.4078,26.736,64.962,6.162,0.0493,0.0741
PHB_03838,Healthy,0,0.8707,0.1632,0.9552,25.19,1.0475,23.631,60.949,6.378,0.0319,0.0303
PHB_04399,Healthy,0,0.7892,0.1288,0.875,24.201,1.278,24.713,65.089,6.814,0.0283,0.042
PHB_03596,Severe Disease,3,0.289,0.771,0.3431,27.82,1.4363,23.299,70.07,6.039,0.0581,0.0508
PHB_06622,Early Disease,1,0.7013,0.3758,0.7386,25.842,1.2032,26.758,63.101,6.026,0.0347,0.057
PHB_08383,Healthy,0,0.8409,0.1478,0.9535,24.46,0.9467,22.437,79.034,6.399,0.0167,0.0381
PHB_02125,Early Disease,1,0.7434,0.3182,0.7746,25.554,1.3257,22.345,74.863,6.48,0.0267,0.0506
PHB_03239,Early Disease,1,0.6565,0.3613,0.7539,26.71,1.0171,27.981,60.89,6.478,0.0381,0.0421
PHB_05404,Healthy,0,0.8863,0.2728,0.8944,23.103,1.1941,22.424,63.882,6.542,0.0218,0.0257
PHB_05999,Severe Disease,3,0.3025,0.7628,0.3398,28.469,1.4361,24.806,59.4,6.148,0.0817,0.0758
PHB_05939,Moderate Illness,2,0.4815,0.5026,0.5511,26.056,1.376,27.658,69.995,6.197,0.0584,0.0488
PHB_02046,Healthy,0,0.8067,0.1137,0.8149,24.185,1.1875,23.157,67.063,6.663,0.0164,0.0324
PHB_01579,Severe Disease,3,0.2969,0.6826,0.4069,28.789,1.3834,25.98,67.652,5.715,0.0728,0.0729
PHB_00015,Early Disease,1,0.6335,0.3715,0.7565,25.871,1.2744,21.971,71.694,6.392,0.0351,0.0506
PHB_02674,Early Disease,1,0.7556,0.2895,0.8079,24.733,1.0982,27.569,66.768,6.196,0.0387,0.0497
PHB_07017,Early Disease,1,0.6341,0.3418,0.7405,25.473,1.0939,24.675,70.663,6.442,0.0355,0.0208
PHB_08721,Severe Disease,3,0.3537,0.718,0.4126,28.473,1.4126,25.482,73.118,6.71,0.0653,0.05
PHB_08850,Severe Disease,3,0.3081,0.7336,0.4053,26.403,1.4311,25.148,67.714,6.451,0.0715,0.0582
PHB_04813,Moderate Illness,2,0.5119,0.5022,0.5516,26.883,1.4327,23.838,51.121,6.611,0.031,0.0671
PHB_01085,Severe Disease,3,0.3043,0.7303,0.4677,26.617,1.277,26.22,67.971,5.996,0.076,0.0692
PHB_04984,Healthy,0,0.8054,0.1294,0.9189,25.616,1.2039,24.417,61.703,6.123,0.0248,0.0467
PHB_07156,Moderate Illness,2,0.4755,0.4584,0.5567,26.251,1.4058,27.459,55.766,6.344,0.0487,0.0477
PHB_02885,Moderate Illness,2,0.5459,0.5006,0.5443,26.374,1.1505,23.834,70.696,6.219,0.0702,0.053
PHB_00334,Severe Disease,3,0.3387,0.7646,0.478,26.472,1.5053,20.259,63.826,6.171,0.0688,0.087
PHB_07205,Moderate Illness,2,0.5349,0.5061,0.6997,26.497,1.2872,27.008,68.244,6.674,0.0452,0.0469
PHB_04368,Moderate Illness,2,0.4243,0.5903,0.6776,26.678,1.3327,22.699,57.883,5.971,0.0594,0.0603
PHB_03080,Early Disease,1,0.703,0.3023,0.7425,25.123,1.2497,25.823,57.615,6.238,0.0313,0.0281
PHB_07204,Severe Disease,3,0.4427,0.7495,0.5316,27.672,1.5518,22.847,60.562,6.417,0.0551,0.0673
PHB_09910,Severe Disease,3,0.4209,0.7645,0.3288,27.032,1.2886,26.395,65.556,6.078,0.0479,0.0783
PHB_08865,Healthy,0,0.7945,0.1855,0.9945,24.069,1.2317,24.964,65.257,6.509,0.0316,0.049
PHB_00264,Healthy,0,0.8687,0.0558,0.9169,24.312,1.1241,28.825,66.622,6.565,0.0224,0.0256
PHB_04338,Healthy,0,0.8776,0.0964,0.8989,24.116,1.0672,21.867,64.998,6.437,0.0318,0.0148
PHB_08896,Healthy,0,0.8488,0.1148,0.8541,25.942,1.2209,21.869,72.775,6.586,0.0362,0.056
PHB_08448,Moderate Illness,2,0.5035,0.5923,0.6988,26.106,1.4421,24.487,68.392,6.539,0.0472,0.063
PHB_05904,Severe Disease,3,0.2893,0.6889,0.5651,27.833,1.3124,24.596,56.003,6.113,0.0617,0.0839
PHB_01499,Early Disease,1,0.5799,0.348,0.7395,26.266,0.9576,24.077,62.094,6.446,0.0341,0.0464
PHB_04191,Healthy,0,0.8139,0.1195,0.8536,25.902,0.9509,28.269,74.954,6.346,0.0361,0.0207
PHB_07486,Severe Disease,3,0.3791,0.6669,0.383,27.985,1.1736,25.462,73.409,6.04,0.0616,0.0628
PHB_09644,Healthy,0,0.7889,0.0259,0.8249,24.978,1.221,28.944,65.357,5.959,0.0242,0.0539
PHB_08311,Severe Disease,3,0.3537,0.6848,0.4603,27.075,1.3925,29.559,59.266,6.003,0.0621,0.0653
PHB_07591,Early Disease,1,0.5969,0.3142,0.668,24.981,1.1807,27.223,68.609,6.419,0.0464,0.0492
PHB_00501,Moderate Illness,2,0.5551,0.5786,0.7015,26.983,1.1661,26.293,67.156,6.327,0.0316,0.0776
PHB_09156,Severe Disease,3,0.3855,0.6516,0.5367,27.318,1.3772,26.006,65.27,6.151,0.0754,0.0573
PHB_09415,Severe Disease,3,0.293,0.5844,0.3421,27.866,1.2346,23.102,53.497,6.118,0.0628,0.0805
PHB_03096,Healthy,0,0.9523,0.2093,0.8588,24.588,0.994,27.14,65.469,6.463,0.0106,0.0293
PHB_04632,Early Disease,1,0.7287,0.3949,0.7097,25.365,1.1022,25.138,63.839,6.473,0.0285,0.0596
PHB_00368,Moderate Illness,2,0.4328,0.5624,0.5984,25.26,1.2519,26.315,64.639,6.774,0.0852,0.0515
PHB_04059,Early Disease,1,0.7206,0.2795,0.7076,26.276,1.8117,27.937,58.033,6.103,0.0349,0.0469
PHB_08175,Healthy,0,0.8751,0.0822,0.7367,23.875,1.0664,23.752,54.485,6.486,0.0239,0.0299
PHB_04631,Early Disease,1,0.6572,0.3205,0.6636,24.981,1.3023,25.204,65.845,6.397,0.0413,0.0448
PHB_06071,Severe Disease,3,0.3431,0.6611,0.4229,27.752,1.6517,26.722,65.781,6.491,0.063,0.0669
PHB_02665,Early Disease,1,0.5989,0.3466,0.7878,25.659,1.2977,26.183,70.882,6.239,0.0374,0.0334
PHB_01027,Severe Disease,3,0.285,0.6172,0.3865,28.261,1.3272,25.941,61.344,6.105,0.0578,0.0826
PHB_05909,Early Disease,1,0.7235,0.2833,0.7765,24.899,1.1042,28.131,56.565,6.306,0.0472,0.0571
PHB_05051,Healthy,0,0.7643,0.1926,0.9421,25.116,1.138,24.299,59.478,6.46,0.0311,0.0453
PHB_06329,Early Disease,1,0.7591,0.4006,0.7292,25.746,1.1654,25.509,65.285,6.464,0.0387,0.0265
PHB_09734,Healthy,0,0.8443,0.0073,1.0089,25.32,0.8991,23.716,65.371,6.475,0.0372,0.0212
PHB_01692,Severe Disease,3,0.2974,0.7376,0.4549,27.658,1.4868,26.321,57.864,6.181,0.0399,0.076
PHB_00674,Moderate Illness,2,0.3898,0.4677,0.5708,27.55,1.3424,26.399,71.472,6.436,0.0365,0.0679
PHB_05573,Moderate Illness,2,0.4741,0.506,0.4904,26.475,1.521,23.993,74.011,6.319,0.056,0.0404
PHB_05767,Early Disease,1,0.655,0.425,0.752,26.016,1.3334,24.627,70.123,5.975,0.041,0.0242
PHB_05157,Early Disease,1,0.7682,0.3985,0.66,24.734,1.2807,27.592,71.915,6.619,0.0498,0.0574
PHB_00734,Early Disease,1,0.6453,0.2749,0.7054,24.991,1.1609,24.007,63.877,6.531,0.0436,0.0393
PHB_03527,Healthy,0,0.8326,0.0645,0.991,23.781,1.1431,25.488,71.972,6.237,0.001,0.0333
PHB_00569,Early Disease,1,0.6913,0.3534,0.7072,25.481,1.2196,29.634,72.589,6.262,0.0386,0.0354
PHB_09188,Moderate Illness,2,0.5223,0.5233,0.7645,27.605,1.2478,29.125,69.848,6.204,0.0397,0.0412
PHB_02923,Healthy,0,0.8039,0.1108,0.7804,25.053,1.1352,23.956,77.594,6.255,0.0084,0.044
PHB_07912,Healthy,0,0.8181,0.1643,0.9116,24.268,1.0192,26.403,64.158,6.411,0.0219,0.0409
PHB_01559,Moderate Illness,2,0.4481,0.5334,0.604,26.61,1.2876,24.596,65.512,6.568,0.0397,0.0621
PHB_00102,Moderate Illness,2,0.4667,0.4836,0.6357,26.502,1.192,25.086,47.147,6.875,0.0359,0.0412
PHB_03008,Healthy,0,0.7773,0.1489,0.8029,24.995,1.1736,23.236,60.974,6.342,0.0312,0.0451
PHB_07202,Early Disease,1,0.7272,0.4128,0.6365,24.658,1.2366,24.819,70.177,6.581,0.0554,0.0315
PHB_00304,Moderate Illness,2,0.5433,0.4391,0.492,26.317,1.5693,25.511,69.853,6.331,0.0563,0.0545
PHB_00077,Early Disease,1,0.7232,0.3011,0.7865,25.937,1.1401,26.815,69.754,6.305,0.0407,0.0398
PHB_06755,Early Disease,1,0.6535,0.308,0.6787,26.066,1.3105,23.702,72.889,6.344,0.0389,0.0469
PHB_08630,Severe Disease,3,0.2481,0.8739,0.42,27.923,1.2608,26.607,68.03,6.333,0.0621,0.0576
PHB_01209,Early Disease,1,0.6865,0.3386,0.6991,25.783,1.1408,27.325,59.978,6.559,0.0462,0.0684
PHB_07743,Severe Disease,3,0.428,0.8183,0.5083,28.535,1.4203,27.809,59.347,6.252,0.0402,0.0565
PHB_08215,Healthy,0,0.9179,0.0266,0.9348,23.982,1.1638,24.739,56.413,6.546,0.0148,0.0055
PHB_08945,Severe Disease,3,0.3546,0.7572,0.4121,27.467,1.3926,22.886,58.109,5.845,0.0584,0.0721
PHB_08414,Early Disease,1,0.6316,0.2662,0.7614,26.388,1.0416,27.19,69.714,6.446,0.0375,0.0422
PHB_01776,Moderate Illness,2,0.5119,0.5242,0.6226,26.552,1.148,25.244,66.904,6.62,0.0631,0.0715
PHB_03474,Early Disease,1,0.6105,0.3402,0.6102,24.699,1.2481,27.482,77.16,6.351,0.0328,0.0477
PHB_00484,Early Disease,1,0.7734,0.3604,0.8426,24.644,1.2053,23.36,51.938,6.393,0.0417,0.0439
PHB_02190,Severe Disease,3,0.51,0.6767,0.4404,27.224,1.3171,23.635,60.346,6.18,0.0646,0.069
PHB_00347,Severe Disease,3,0.3025,0.6931,0.423,25.719,1.5707,26.761,65.421,6.217,0.0718,0.0689
PHB_05482,Healthy,0,0.8209,0.0738,0.9432,25.175,1.1439,27.169,56.149,6.23,0.0154,0.0322
PHB_08362,Severe Disease,3,0.3837,0.6846,0.5238,28.535,1.5597,22.118,70.359,5.953,0.0563,0.073
PHB_01473,Healthy,0,0.7661,0.1395,0.7732,23.854,0.9838,25.86,72.059,6.463,0.0274,0.0268
PHB_05101,Moderate Illness,2,0.5271,0.3639,0.5495,25.599,1.3021,25.305,61.001,6.387,0.0531,0.0681
PHB_06766,Moderate Illness,2,0.5981,0.4877,0.7183,26.224,1.1111,28.151,69.975,6.666,0.0401,0.0561
PHB_08707,Healthy,0,0.8416,0.118,0.8465,24.304,0.9508,21.119,66.079,6.335,0.0252,0.0294
PHB_04930,Early Disease,1,0.7413,0.3553,0.7719,24.784,1.1767,23.484,74.67,6.383,0.0403,0.0491
PHB_06330,Healthy,0,0.8212,0.151,0.9131,26.142,1.1921,28.253,67.368,6.39,0.0167,0.0395
PHB_02610,Early Disease,1,0.7313,0.2827,0.7743,25.776,1.2645,22.927,59.567,6.513,0.0464,0.0594
PHB_00004,Moderate Illness,2,0.4759,0.6467,0.6042,26.324,1.1897,24.25,61.061,6.353,0.0467,0.053
PHB_02214,Early Disease,1,0.5874,0.349,0.6629,24.863,1.3901,25.184,61.051,6.368,0.0367,0.0608
PHB_04828,Early Disease,1,0.7248,0.3173,0.7646,25.251,1.1358,22.39,68.078,6.291,0.0155,0.0512
PHB_00857,Moderate Illness,2,0.5671,0.3748,0.5793,26.355,1.3253,24.882,78.667,6.277,0.0489,0.0357
PHB_06978,Healthy,0,0.8253,0.0561,0.9412,23.591,1.1437,23.872,67.755,6.556,0.0226,0.0113
PHB_05886,Healthy,0,0.8954,0.0517,0.8595,26.851,1.0734,24.369,55.295,6.151,0.0163,0.0273
PHB_00625,Severe Disease,3,0.2786,0.8092,0.5438,26.977,1.5934,23.642,68.648,6.278,0.0745,0.0608
PHB_00291,Severe Disease,3,0.3866,0.6939,0.4639,25.684,1.2469,29.175,74.036,6.36,0.0626,0.0589
PHB_02019,Moderate Illness,2,0.5578,0.5211,0.7144,26.38,1.5012,27.246,67.86,6.621,0.0579,0.0737
PHB_00669,Early Disease,1,0.6074,0.3819,0.7768,24.981,1.2172,24.304,75.444,6.385,0.0435,0.0453
PHB_08922,Moderate Illness,2,0.5132,0.5308,0.6453,25.856,1.2942,20.202,60.842,6.605,0.0534,0.0591
PHB_08265,Moderate Illness,2,0.5346,0.6,0.6501,25.542,1.0082,27.594,64.038,5.912,0.0316,0.0647
PHB_09697,Early Disease,1,0.59,0.246,0.8,25.637,1.216,25.971,60.715,6.61,0.0304,0.0466
PHB_01632,Severe Disease,3,0.2858,0.7193,0.5211,25.372,1.266,24.326,58.405,6.379,0.0556,0.0761
PHB_05171,Moderate Illness,2,0.381,0.5609,0.6119,26.305,1.4147,26.516,55.597,6.175,0.0428,0.0487
PHB_07206,Early Disease,1,0.642,0.2084,0.7596,24.071,1.2525,27.851,60.729,6.21,0.0392,0.0446
PHB_02523,Early Disease,1,0.6831,0.3288,0.7149,25.965,1.0821,23.864,73.785,6.461,0.0255,0.0342
PHB_02216,Healthy,0,0.7937,0.1352,0.9279,24.409,1.2725,25.506,56.303,6.539,0.0213,0.0406
PHB_06969,Moderate Illness,2,0.557,0.4824,0.5584,26.691,1.3599,24.479,78.338,6.276,0.0512,0.0408
PHB_06497,Early Disease,1,0.6397,0.3706,0.8117,25.394,1.504,21.247,70.115,6.426,0.0375,0.032
PHB_06214,Moderate Illness,2,0.5107,0.5185,0.5917,25.678,1.1115,23.219,57.735,6.761,0.0645,0.0468
PHB_07033,Healthy,0,0.7805,0.1608,0.9047,24.605,0.9948,26.266,65.341,6.542,0.0143,0.0498
PHB_07421,Healthy,0,0.8256,0.0783,0.946,23.951,1.0949,30.173,70.316,6.493,0.017,0.0542
PHB_01108,Early Disease,1,0.6068,0.3995,0.7087,25.075,1.1908,22.263,66.768,6.661,0.0625,0.0127
PHB_00451,Healthy,0,0.819,0.1361,0.9802,23.129,1.147,23.177,50.395,6.26,0.0365,0.0248
PHB_06290,Severe Disease,3,0.3274,0.7145,0.4973,27.396,1.4371,27.415,64.271,6.025,0.0668,0.0652
PHB_09967,Early Disease,1,0.7233,0.2822,0.645,24.888,1.3597,23.34,60.386,6.123,0.0313,0.0379
PHB_00136,Healthy,0,0.8025,0.1073,0.8365,24.306,1.0214,22.347,79.716,6.423,0.0253,0.0566
PHB_01786,Severe Disease,3,0.2818,0.7692,0.5072,26.599,1.4609,25.316,71.284,6.596,0.0583,0.0627
PHB_03405,Severe Disease,3,0.2752,0.6672,0.4607,26.813,1.2346,26.719,76.275,6.411,0.0553,0.0587
PHB_02907,Severe Disease,3,0.3082,0.7145,0.4926,26.789,1.4374,25.15,73.175,6.547,0.0709,0.076
PHB_08305,Severe Disease,3,0.313,0.722,0.396,26.65,1.1579,27.906,53.794,6.321,0.0726,0.0548
PHB_07493,Severe Disease,3,0.3852,0.651,0.4041,27.507,1.4389,25.53,59.923,6.089,0.0742,0.078
PHB_06101,Moderate Illness,2,0.5852,0.4992,0.6486,25.098,1.337,26.617,66.371,5.757,0.052,0.0508
PHB_04505,Healthy,0,0.7084,0.0654,0.879,23.845,1.399,28.01,69.91,6.483,0.0283,0.0453
PHB_05054,Healthy,0,0.778,0.1383,0.8934,24.662,0.9332,27.517,64.643,6.582,0.0152,0.0496
PHB_05206,Healthy,0,0.7613,0.1361,0.954,23.887,1.2072,24.037,72.765,6.225,0.0349,0.0399
PHB_04081,Early Disease,1,0.6917,0.332,0.7365,25.929,1.4111,27.7,68.245,6.352,0.0513,0.0773
PHB_06919,Early Disease,1,0.7499,0.3066,0.7648,24.911,1.122,30.219,59.739,6.642,0.0775,0.0608
PHB_06803,Early Disease,1,0.6711,0.455,0.7296,25.029,1.1703,27.452,78.068,6.422,0.0424,0.0548
PHB_05207,Healthy,0,0.816,0.1361,0.7804,24.627,1.0417,22.629,52.737,6.175,0.0123,0.0403
PHB_00533,Early Disease,1,0.7535,0.2726,0.6663,25.482,1.1552,26.707,72.96,6.158,0.0342,0.05
PHB_04831,Moderate Illness,2,0.4273,0.6334,0.5279,26.124,1.3027,22.89,61.086,6.503,0.0552,0.0554
PHB_04039,Early Disease,1,0.6484,0.2806,0.8124,24.874,1.5271,25.453,73.517,6.574,0.0536,0.0509
PHB_04085,Moderate Illness,2,0.4746,0.694,0.6346,26.063,1.4809,26.438,67.111,6.353,0.0385,0.0647
PHB_03205,Severe Disease,3,0.1882,0.7307,0.4884,27.15,1.1734,20.987,59.763,5.999,0.0406,0.0739
PHB_07111,Severe Disease,3,0.3583,0.7847,0.2269,27.087,1.4007,24.598,62.947,6.198,0.0607,0.0705
PHB_00331,Moderate Illness,2,0.4811,0.6877,0.5778,26.778,1.3015,27.886,69.456,6.087,0.0476,0.0561
PHB_04958,Healthy,0,0.8656,0.1168,0.8701,24.454,0.9729,23.721,61.834,6.513,0.0195,0.03
PHB_03034,Healthy,0,0.7901,0.074,0.8002,25.748,1.0741,26.067,67.802,6.347,0.0267,0.0346
PHB_07685,Healthy,0,1.0825,0.1352,0.8472,24.862,1.1598,26.708,66.972,6.563,0.0114,0.0331
PHB_01598,Healthy,0,0.7386,0.0548,0.887,24.968,1.184,21.787,67.757,6.559,0.0534,0.0418
PHB_09920,Severe Disease,3,0.3086,0.7148,0.4169,27.144,1.6309,25.095,64.433,6.297,0.0547,0.0721
PHB_03598,Severe Disease,3,0.3866,0.6205,0.457,27.43,1.3346,25.47,61.399,6.05,0.0665,0.0709
PHB_09039,Early Disease,1,0.7556,0.2771,0.728,26.57,1.2604,26.543,72.696,6.501,0.0484,0.0336
PHB_08002,Severe Disease,3,0.4499,0.8133,0.4034,27.501,1.4895,26.451,72.043,6.573,0.0844,0.0338
PHB_00591,Severe Disease,3,0.4234,0.6927,0.483,27.265,1.3223,24.887,48.263,6.451,0.054,0.0925
PHB_00648,Moderate Illness,2,0.3811,0.5005,0.5782,26.252,1.4127,26.417,52.756,6.081,0.051,0.0644
PHB_09103,Early Disease,1,0.6975,0.3649,0.7938,24.578,1.191,23.18,61.46,6.327,0.0252,0.0439
PHB_08016,Healthy,0,0.9206,0.1687,0.9793,23.185,1.109,23.449,68.973,6.49,0.0152,0.0394
PHB_03772,Severe Disease,3,0.3725,0.6746,0.4304,27.071,1.5311,27.431,65.727,6.176,0.0549,0.0854
PHB_09040,Healthy,0,0.7693,0.0442,0.9036,24.279,1.2385,22.463,53.02,5.987,0.0281,0.0268
PHB_05083,Early Disease,1,0.685,0.3484,0.6441,25.555,1.0843,24.087,85.996,6.227,0.0509,0.051
PHB_07883,Early Disease,1,0.6201,0.2759,0.949,24.471,1.2773,27.429,66.546,7.018,0.0335,0.0649
PHB_09363,Moderate Illness,2,0.5105,0.5845,0.595,26.671,1.4766,22.205,71.796,6.063,0.0506,0.0685
PHB_04211,Moderate Illness,2,0.4184,0.6021,0.5163,25.753,1.3064,25.661,60.213,6.486,0.061,0.0463
PHB_08835,Early Disease,1,0.6999,0.3023,0.6123,25.402,1.2113,26.838,59.467,6.321,0.0418,0.0332
PHB_08700,Healthy,0,0.7367,0.0462,0.8509,25.618,1.0867,25.562,75.779,6.679,0.0292,0.0426
PHB_01796,Early Disease,1,0.6163,0.325,0.8807,26.425,1.1531,22.393,56.394,6.396,0.036,0.044
PHB_02587,Early Disease,1,0.6877,0.384,0.7312,24.606,1.0351,24.287,61.767,6.066,0.0425,0.0648
PHB_08356,Severe Disease,3,0.3697,0.7016,0.4886,27.334,1.2079,25.581,56.104,6.541,0.0762,0.0629
PHB_02317,Healthy,0,0.8013,0.2173,0.9298,24.096,1.0707,23.376,49.388,6.248,0.031,0.0194
PHB_04186,Severe Disease,3,0.3758,0.8015,0.431,27.341,1.4097,25.169,59.32,6.461,0.0615,0.0812
PHB_08828,Severe Disease,3,0.3986,0.7396,0.4329,27.229,1.2836,20.977,79.029,6.071,0.059,0.0695
PHB_07073,Early Disease,1,0.7264,0.3528,0.7071,24.737,1.1469,24.844,73.225,6.205,0.0427,0.0555
PHB_05235,Moderate Illness,2,0.522,0.5032,0.5886,25.929,1.3189,22.725,67.094,5.918,0.0403,0.0623
PHB_08744,Moderate Illness,2,0.4636,0.5918,0.5822,27.149,1.2786,24.398,57.136,6.723,0.0488,0.0871
PHB_08671,Healthy,0,0.8856,0.0997,0.8839,24.791,0.9947,24.981,73.957,6.233,0.0204,0.049
PHB_04769,Healthy,0,0.8576,0.1493,0.9115,24.765,1.086,24.636,76.114,6.695,0.0275,0.0385
PHB_09973,Severe Disease,3,0.3199,0.6462,0.4076,26.921,1.1803,24.432,61.667,6.504,0.0552,0.07
PHB_07145,Severe Disease,3,0.3159,0.6742,0.3378,26.849,1.5305,23.352,67.184,5.897,0.0559,0.0828
PHB_02914,Moderate Illness,2,0.5182,0.588,0.5535,28.289,1.2816,24.09,61.142,6.343,0.0403,0.0369
PHB_09872,Severe Disease,3,0.4048,0.7009,0.3504,26.822,1.5856,23.429,76.43,6.076,0.0549,0.0664
PHB_09894,Severe Disease,3,0.2705,0.7009,0.4756,27.369,1.4304,23.731,56.29,5.809,0.0637,0.0629
PHB_02076,Moderate Illness,2,0.5408,0.4598,0.6143,26.465,1.2802,25.113,51.224,6.081,0.0614,0.0737
PHB_04303,Severe Disease,3,0.3562,0.6567,0.3164,26.736,1.3359,26.033,72.316,6.068,0.0689,0.0649
PHB_05823,Moderate Illness,2,0.5084,0.4524,0.5438,26.006,1.3534,24.688,59.234,6.18,0.0422,0.0507
PHB_02150,Healthy,0,0.8019,0.0533,0.892,23.42,1.0751,24.743,77.288,6.423,0.0218,0.0386
PHB_00145,Early Disease,1,0.6673,0.2872,0.7453,24.918,1.2397,26.361,70.895,6.173,0.0228,0.0705
PHB_04964,Healthy,0,0.9727,0.0808,0.9325,25.55,1.1315,23.706,74.184,6.526,0.0122,0.0475
PHB_08160,Early Disease,1,0.6943,0.24,0.6549,26.049,0.9657,26.239,62.896,6.326,0.0419,0.0416
PHB_09031,Early Disease,1,0.7069,0.193,0.774,26.032,1.1072,22.052,62.781,6.302,0.0594,0.0518
PHB_04776,Healthy,0,0.8402,0.0819,0.8963,24.176,1.2124,28.067,63.894,6.62,0.001,0.0465
PHB_08934,Severe Disease,3,0.3728,0.7905,0.5025,27.269,1.2665,27.098,59.623,6.094,0.0512,0.0678
PHB_07750,Severe Disease,3,0.3488,0.7349,0.6151,27.46,1.4655,26.115,66.677,6.721,0.0706,0.0726
PHB_09829,Early Disease,1,0.6698,0.2296,0.7044,25.749,1.1035,25.889,65.27,6.193,0.0318,0.0401
PHB_09215,Healthy,0,0.7571,0.0542,0.7478,23.83,0.9215,27.946,74.755,6.54,0.0313,0.0357
PHB_06061,Moderate Illness,2,0.5357,0.473,0.6333,25.772,1.4148,22.968,59.997,6.355,0.0436,0.0597
PHB_09476,Severe Disease,3,0.4173,0.7608,0.6187,30.57,1.2298,21.859,65.391,6.606,0.0653,0.0743
PHB_06410,Healthy,0,0.7757,0.1651,0.9322,23.346,1.1209,26.129,72.099,6.365,0.0239,0.0197
PHB_03318,Healthy,0,0.8011,0.1795,0.9632,25.328,1.1243,22.445,70.969,6.904,0.0272,0.0385
PHB_07465,Severe Disease,3,0.4038,0.8114,0.4408,27.738,1.2854,26.174,72.016,6.037,0.0529,0.0625
PHB_03062,Early Disease,1,0.5788,0.3135,0.6388,25.052,1.2816,28.104,68.044,6.117,0.0409,0.0325
PHB_01356,Healthy,0,0.8009,0.1113,0.9489,22.815,1.1065,24.514,73.447,6.174,0.0206,0.0144
PHB_04515,Healthy,0,0.765,0.0,0.9359,25.209,1.2812,22.367,60.818,6.42,0.0275,0.005
PHB_05506,Early Disease,1,0.6732,0.3302,0.8201,25.41,1.3476,29.393,62.15,6.399,0.0541,0.0428
PHB_05251,Early Disease,1,0.6591,0.2664,0.8536,26.152,1.3545,24.885,78.738,5.934,0.0379,0.0466
PHB_04512,Moderate Illness,2,0.6101,0.507,0.6655,26.734,1.0979,23.963,74.191,6.419,0.0391,0.056
PHB_01731,Severe Disease,3,0.3479,0.7977,0.4202,27.208,1.1404,25.555,66.0,6.1,0.0632,0.0517
PHB_01759,Severe Disease,3,0.3512,0.7385,0.5062,28.206,1.4522,26.077,60.557,6.128,0.0413,0.099
PHB_06651,Moderate Illness,2,0.4601,0.4823,0.6135,26.665,1.2922,25.818,73.285,6.503,0.0568,0.0577
PHB_06647,Healthy,0,0.8454,0.2174,0.8867,22.534,1.1538,24.585,63.23,6.608,0.0356,0.0355
PHB_09861,Healthy,0,0.8369,0.0869,0.9079,24.968,1.0904,27.284,59.316,6.382,0.0182,0.019
PHB_04140,Severe Disease,3,0.4212,0.737,0.4747,27.349,1.2806,26.041,62.078,6.471,0.0697,0.0706
PHB_09394,Healthy,0,0.9638,0.1026,0.9949,24.48,1.0294,24.349,58.4,6.648,0.014,0.0191
PHB_05124,Moderate Illness,2,0.4804,0.4661,0.7063,26.366,1.2333,25.267,60.244,6.483,0.0521,0.0687
PHB_00001,Severe Disease,3,0.2364,0.7618,0.3961,27.802,1.4434,27.874,76.265,6.014,0.0502,0.0744
PHB_01865,Moderate Illness,2,0.5126,0.4855,0.5842,26.028,1.4485,24.05,54.196,6.326,0.0429,0.0573
PHB_00544,Severe Disease,3,0.3472,0.7829,0.4162,27.525,1.1413,21.691,72.549,5.886,0.0645,0.0724
PHB_00350,Healthy,0,0.9435,0.0406,0.8399,24.532,0.9386,25.24,72.86,6.746,0.0367,0.0453
PHB_06907,Moderate Illness,2,0.4265,0.4763,0.5655,26.74,1.0802,23.912,64.37,5.979,0.0506,0.0581
PHB_09766,Moderate Illness,2,0.5727,0.4805,0.6119,27.341,1.5065,23.467,67.77,6.359,0.0609,0.0862
PHB_02524,Moderate Illness,2,0.5459,0.5308,0.6106,27.404,1.226,27.012,80.735,6.314,0.0612,0.0546
PHB_03465,Severe Disease,3,0.3573,0.6522,0.3677,26.776,1.4929,26.437,68.321,6.371,0.0495,0.0947
PHB_00458,Early Disease,1,0.6561,0.2024,0.7141,26.061,1.1511,24.143,56.993,6.116,0.04,0.0481
PHB_03024,Moderate Illness,2,0.5264,0.5753,0.6515,26.234,1.3099,25.153,52.726,6.454,0.0545,0.0471
PHB_07262,Severe Disease,3,0.402,0.5358,0.5115,27.564,1.4057,26.671,50.442,5.853,0.0546,0.0608
PHB_09516,Severe Disease,3,0.3893,0.7886,0.4241,27.305,1.3236,24.811,59.888,6.004,0.0671,0.0842
PHB_07873,Early Disease,1,0.6618,0.365,0.7949,24.527,1.3038,22.414,64.678,6.318,0.0393,0.0585
PHB_06626,Severe Disease,3,0.2832,0.7049,0.4993,26.571,1.1864,26.292,64.936,6.207,0.0476,0.0651
PHB_02535,Severe Disease,3,0.4136,0.7097,0.5215,26.23,1.3459,22.678,63.71,6.487,0.0499,0.0791
PHB_00132,Severe Disease,3,0.2574,0.6693,0.4658,27.487,1.5218,23.821,53.206,6.589,0.0592,0.0616
PHB_03705,Healthy,0,0.8297,0.0959,0.8364,24.56,1.0755,26.422,72.285,6.357,0.0256,0.0606
PHB_01373,Early Disease,1,0.6369,0.3411,0.8082,26.592,1.2195,26.657,70.421,6.415,0.0308,0.0533
PHB_06201,Moderate Illness,2,0.4964,0.6271,0.4498,26.525,1.2071,19.082,73.627,6.672,0.0239,0.0607
PHB_04857,Early Disease,1,0.6979,0.3478,0.7686,24.467,1.5088,28.273,61.466,6.42,0.0345,0.0487
PHB_04713,Moderate Illness,2,0.4922,0.4286,0.6314,26.629,1.1219,24.185,70.517,6.433,0.0437,0.055
PHB_05545,Moderate Illness,2,0.4646,0.5905,0.4997,26.46,1.2707,25.67,62.603,6.088,0.0453,0.0407
PHB_01414,Severe Disease,3,0.3699,0.7578,0.5571,26.757,1.267,25.21,64.309,6.3,0.0568,0.076
PHB_04114,Moderate Illness,2,0.46,0.5325,0.6232,28.724,1.3916,22.223,70.436,6.539,0.0552,0.0558
PHB_00656,Early Disease,1,0.576,0.2967,0.7014,25.993,1.2901,23.925,70.459,6.193,0.0527,0.058
PHB_08138,Healthy,0,0.7222,0.1288,0.899,24.525,1.0008,23.43,71.579,6.621,0.0096,0.022
PHB_04099,Moderate Illness,2,0.3922,0.4983,0.6481,27.086,1.2051,26.358,66.409,6.55,0.0423,0.0368
PHB_00593,Early Disease,1,0.6087,0.2283,0.7255,24.698,1.3022,26.792,69.027,6.37,0.0453,0.0413
PHB_08709,Healthy,0,0.7345,0.0875,0.9134,25.84,1.1209,24.353,66.274,6.554,0.0211,0.0461
PHB_03124,Early Disease,1,0.6371,0.2988,0.7957,25.356,1.5356,22.595,63.503,6.211,0.0322,0.0462
PHB_03048,Moderate Illness,2,0.5295,0.6328,0.5969,27.419,1.2269,28.429,57.114,6.021,0.0525,0.0684
PHB_03888,Severe Disease,3,0.2583,0.7173,0.5117,27.214,1.4374,24.075,72.012,6.186,0.056,0.0732
PHB_05736,Severe Disease,3,0.3661,0.7866,0.4299,25.292,1.4383,25.302,67.312,6.197,0.0564,0.0851
PHB_02185,Moderate Illness,2,0.505,0.4112,0.6091,25.048,1.1998,26.605,66.69,6.132,0.0432,0.0612
PHB_02146,Severe Disease,3,0.3781,0.6595,0.5181,28.077,1.2733,24.684,57.968,5.929,0.0497,0.0881
PHB_07048,Early Disease,1,0.6683,0.1381,0.7504,26.006,1.1464,27.239,64.762,6.729,0.0343,0.0605
PHB_03106,Moderate Illness,2,0.4565,0.5769,0.6579,26.143,1.2338,25.67,68.796,6.151,0.0275,0.0733
PHB_09234,Severe Disease,3,0.4025,0.6887,0.4443,28.077,1.2817,27.446,63.242,6.337,0.0653,0.0614
PHB_09097,Early Disease,1,0.7534,0.3632,0.8045,25.435,1.1445,25.829,59.134,5.998,0.0624,0.0377
PHB_02770,Severe Disease,3,0.3544,0.7626,0.5195,27.37,1.3997,24.094,71.588,6.503,0.0477,0.0809
PHB_05222,Moderate Illness,2,0.564,0.5092,0.5933,26.441,1.3002,23.9,66.726,6.634,0.0444,0.0745
PHB_05834,Moderate Illness,2,0.5594,0.6085,0.5473,26.048,1.199,27.091,72.304,6.56,0.0477,0.0629
PHB_01733,Moderate Illness,2,0.5343,0.6847,0.5302,25.163,1.1741,27.045,59.247,6.238,0.0558,0.0573
PHB_00266,Healthy,0,0.7981,0.2131,1.0098,24.127,0.8951,23.062,80.162,6.275,0.0291,0.0289
PHB_05145,Early Disease,1,0.7336,0.3025,0.7704,26.194,0.9184,25.185,72.372,6.481,0.0114,0.0516
PHB_08268,Healthy,0,0.8046,0.0262,0.8593,23.949,1.0462,22.266,73.728,6.383,0.0278,0.0277
PHB_03938,Moderate Illness,2,0.4497,0.5703,0.6072,25.69,1.3645,22.107,69.295,6.08,0.0483,0.0575
PHB_00762,Healthy,0,0.9064,0.1099,0.982,22.859,1.0039,24.836,70.522,6.473,0.0253,0.0268
PHB_07221,Healthy,0,0.7495,0.2543,0.8059,24.147,1.0727,23.153,56.192,6.44,0.0245,0.0596
PHB_08440,Healthy,0,0.8174,0.0566,0.8151,25.506,1.176,24.972,69.095,6.754,0.0302,0.0362
PHB_03258,Early Disease,1,0.6074,0.3808,0.8315,26.774,1.1212,24.358,72.956,6.353,0.0237,0.036
PHB_04339,Moderate Illness,2,0.5008,0.5165,0.5773,26.053,1.3279,23.75,54.477,6.234,0.0351,0.069
PHB_04363,Moderate Illness,2,0.465,0.4875,0.554,26.421,1.3848,23.548,63.293,6.045,0.0554,0.0626
PHB_00317,Early Disease,1,0.5826,0.3743,0.832,26.085,1.1806,24.997,76.823,6.211,0.0309,0.0417
PHB_08070,Severe Disease,3,0.252,0.7313,0.3901,27.652,1.2996,25.038,49.592,6.073,0.0556,0.0553
PHB_01852,Severe Disease,3,0.3386,0.6776,0.3793,28.04,1.606,25.604,57.333,6.454,0.0488,0.0751
PHB_02485,Severe Disease,3,0.3364,0.743,0.5194,27.237,1.5597,24.426,64.961,6.65,0.0623,0.0639
PHB_09874,Healthy,0,0.8838,0.1061,0.8756,23.769,1.147,20.044,71.026,6.532,0.0174,0.043
PHB_09575,Healthy,0,0.8449,0.1356,0.8844,24.408,1.1242,26.862,63.704,6.204,0.0199,0.0447
PHB_01079,Moderate Illness,2,0.4979,0.5653,0.6506,26.594,1.3643,20.575,74.013,6.087,0.048,0.0647
PHB_08359,Severe Disease,3,0.275,0.7298,0.3204,27.529,1.272,22.821,69.704,5.939,0.0614,0.0706
PHB_07334,Moderate Illness,2,0.4929,0.5821,0.6703,25.856,1.2467,23.116,65.5,5.91,0.0483,0.0349
PHB_01072,Moderate Illness,2,0.4592,0.61,0.627,27.002,1.2168,26.643,77.983,6.575,0.056,0.0428
PHB_00104,Severe Disease,3,0.3861,0.6494,0.4235,28.33,1.5853,24.094,77.087,6.666,0.076,0.0713
PHB_05749,Severe Disease,3,0.269,0.716,0.4429,26.067,1.5722,27.658,64.206,6.043,0.0567,0.0669
PHB_01419,Severe Disease,3,0.3236,0.7465,0.3156,27.443,1.4082,23.218,65.907,6.367,0.0392,0.0741
PHB_01659,Early Disease,1,0.7168,0.2599,0.6673,25.861,1.2903,25.381,69.546,6.572,0.0577,0.0567
PHB_05285,Healthy,0,0.8059,0.0993,0.9148,24.714,1.0203,27.115,65.906,6.617,0.0282,0.037
PHB_01150,Severe Disease,3,0.2823,0.7594,0.5245,28.695,1.0629,23.689,71.558,6.004,0.0446,0.0552
PHB_07151,Moderate Illness,2,0.518,0.6192,0.5803,27.817,1.4292,25.199,52.697,6.165,0.0461,0.0501
PHB_01569,Early Disease,1,0.7009,0.3977,0.6926,25.199,1.0195,23.129,74.214,6.235,0.0304,0.0525
PHB_01088,Severe Disease,3,0.3242,0.608,0.5105,27.368,1.3834,20.85,66.626,6.096,0.0838,0.0725
PHB_06086,Severe Disease,3,0.4053,0.7672,0.4199,28.817,1.3942,25.745,49.166,6.389,0.0444,0.0662
PHB_08675,Healthy,0,0.8233,0.1719,0.8649,23.723,1.0729,26.572,69.788,6.37,0.0268,0.0425
PHB_08342,Moderate Illness,2,0.5735,0.6035,0.5654,25.82,1.2609,26.553,64.085,6.433,0.0468,0.0311
PHB_07812,Moderate Illness,2,0.5022,0.5083,0.6862,26.215,1.2217,24.627,66.751,6.465,0.0629,0.0713
PHB_06085,Healthy,0,0.8521,0.0639,0.9827,24.084,1.0683,26.933,76.025,6.456,0.0239,0.0495
PHB_08774,Severe Disease,3,0.3894,0.5873,0.4553,28.36,1.6069,23.421,85.828,6.029,0.0638,0.0922
PHB_08758,Healthy,0,0.8369,0.0467,0.8931,24.702,1.0487,27.178,76.431,6.429,0.0293,0.0344
PHB_01693,Healthy,0,0.9083,0.0,0.7098,25.646,1.1207,23.962,63.693,6.478,0.0362,0.0442
PHB_04735,Severe Disease,3,0.2689,0.7472,0.3704,28.622,1.2946,25.902,73.443,6.326,0.0477,0.0669
PHB_03388,Severe Disease,3,0.39,0.7184,0.4604,27.095,1.3015,26.906,55.012,6.017,0.0574,0.0806
PHB_03647,Early Disease,1,0.5945,0.2113,0.7815,26.534,1.1002,25.949,79.08,6.191,0.0384,0.0548
PHB_01684,Early Disease,1,0.6413,0.3671,0.6708,26.001,1.2847,25.754,54.5,6.516,0.0389,0.0614
PHB_00009,Healthy,0,0.8596,0.095,0.7856,24.727,1.306,23.582,63.133,6.425,0.0205,0.0276
PHB_06063,Healthy,0,0.8434,0.1451,0.7686,24.812,0.9269,22.467,63.733,6.472,0.0084,0.0235
PHB_06517,Moderate Illness,2,0.4665,0.5162,0.5327,27.13,1.4086,25.851,62.499,6.494,0.0538,0.0564
PHB_04124,Early Disease,1,0.6696,0.3375,0.8167,24.809,1.1406,29.139,69.503,6.376,0.0438,0.0392
PHB_08730,Early Disease,1,0.6621,0.2453,0.8194,25.302,1.2324,24.025,55.471,6.217,0.0435,0.0374
PHB_06046,Early Disease,1,0.6337,0.2854,0.8375,24.526,1.3544,24.243,65.036,6.565,0.0483,0.032
PHB_00568,Healthy,0,0.7904,0.0951,0.9408,23.919,1.1321,21.561,70.607,6.418,0.028,0.0355
PHB_09162,Severe Disease,3,0.2998,0.7004,0.4099,27.174,1.4167,22.16,60.097,6.071,0.0674,0.0673
PHB_01804,Moderate Illness,2,0.4207,0.4755,0.5066,26.513,1.5033,28.979,52.869,6.269,0.0482,0.0465
PHB_08502,Severe Disease,3,0.2619,0.6713,0.5132,27.905,1.4123,24.9,61.979,6.09,0.0658,0.0528
PHB_04901,Early Disease,1,0.6803,0.3407,0.721,26.32,1.3082,25.053,65.309,6.432,0.038,0.0481
PHB_01600,Early Disease,1,0.6151,0.3713,0.6535,26.931,1.1562,24.855,78.465,6.285,0.0578,0.055
PHB_07932,Moderate Illness,2,0.4606,0.6005,0.5632,25.408,1.4451,22.35,59.991,6.073,0.0551,0.0584
PHB_09548,Moderate Illness,2,0.5212,0.4642,0.5519,25.059,1.146,23.88,69.063,6.397,0.0532,0.0809
PHB_02824,Severe Disease,3,0.4381,0.7481,0.2808,27.969,1.3976,23.432,58.114,5.948,0.0569,0.0683
PHB_05468,Healthy,0,0.9126,0.0,0.843,24.852,1.1066,25.349,57.236,6.567,0.0343,0.0328
PHB_03530,Early Disease,1,0.7301,0.3971,0.6847,24.732,1.1459,28.127,67.714,6.095,0.0255,0.0428
PHB_08684,Severe Disease,3,0.3099,0.725,0.5557,28.665,1.3694,25.739,57.605,6.114,0.0742,0.0823
PHB_01156,Healthy,0,0.9127,0.0537,0.9538,25.994,0.9631,24.922,70.02,6.159,0.023,0.0486
PHB_06548,Moderate Illness,2,0.5006,0.5041,0.6866,26.715,1.3032,23.266,65.906,6.471,0.0632,0.0509
PHB_09089,Moderate Illness,2,0.4618,0.5488,0.5124,26.791,1.3141,23.585,75.062,6.387,0.0421,0.0644
PHB_07621,Early Disease,1,0.635,0.3136,0.8544,26.115,1.2032,27.531,70.083,6.044,0.0481,0.0499
PHB_08297,Moderate Illness,2,0.5033,0.4985,0.778,27.338,1.2384,25.235,67.628,6.115,0.0477,0.0722
PHB_04541,Healthy,0,0.8161,0.0196,0.9476,23.3,1.0841,24.731,72.208,6.412,0.0399,0.0325
PHB_09135,Healthy,0,0.846,0.1444,0.8944,24.336,1.1189,24.974,64.317,6.869,0.0368,0.0227
PHB_06483,Severe Disease,3,0.2919,0.7838,0.468,27.339,1.5502,26.404,70.0,5.983,0.0598,0.0596
PHB_05827,Moderate Illness,2,0.5674,0.5047,0.4937,26.763,1.3686,25.121,78.409,6.323,0.0543,0.0707
PHB_01191,Early Disease,1,0.6808,0.3267,0.7217,25.948,1.2522,25.507,66.396,6.407,0.0477,0.0424
PHB_07445,Healthy,0,0.859,0.0873,0.8627,23.261,0.9693,27.326,60.389,6.061,0.0169,0.0146
PHB_08521,Moderate Illness,2,0.4607,0.5213,0.6736,25.971,1.333,23.73,51.038,6.487,0.0445,0.0652
PHB_00961,Moderate Illness,2,0.456,0.3656,0.5562,24.669,1.2248,24.844,62.246,6.467,0.0682,0.0759
PHB_07455,Severe Disease,3,0.2404,0.8093,0.4915,26.091,1.3933,23.453,57.225,6.434,0.0644,0.053
PHB_00037,Healthy,0,0.7599,0.119,0.8682,25.906,1.1737,21.392,68.493,6.194,0.0195,0.0447
PHB_07517,Severe Disease,3,0.3519,0.7684,0.6007,26.63,1.3193,25.258,67.565,6.247,0.0551,0.0857
PHB_07645,Moderate Illness,2,0.395,0.5248,0.5927,26.298,1.3139,28.322,72.493,6.22,0.0457,0.0543
PHB_04439,Early Disease,1,0.5997,0.3568,0.8735,25.017,1.0983,24.643,63.666,6.518,0.0538,0.0543
PHB_06162,Moderate Illness,2,0.6397,0.4357,0.4114,26.859,1.3099,22.406,64.823,6.111,0.0494,0.079
PHB_07745,Severe Disease,3,0.3049,0.6937,0.432,27.5,1.3203,26.128,58.131,6.165,0.0428,0.0574
PHB_09588,Moderate Illness,2,0.5295,0.5191,0.5612,26.766,1.3323,25.103,62.354,6.706,0.0381,0.0753
PHB_08120,Moderate Illness,2,0.5248,0.5258,0.531,26.275,1.0782,25.453,68.133,6.155,0.0391,0.0629
PHB_06968,Healthy,0,0.8673,0.2197,0.9963,24.289,1.0968,29.461,69.262,6.844,0.0207,0.0434
PHB_05719,Healthy,0,0.6954,0.2021,0.8638,25.377,0.8931,25.55,57.486,6.638,0.0232,0.0419
PHB_00578,Moderate Illness,2,0.4492,0.5036,0.6616,27.373,1.453,25.308,74.249,6.177,0.0558,0.0591
PHB_09834,Moderate Illness,2,0.5034,0.5899,0.6414,26.055,1.3012,27.984,65.253,6.58,0.0606,0.0735
PHB_04103,Moderate Illness,2,0.4897,0.4843,0.493,25.696,1.3405,20.64,65.799,6.193,0.0583,0.0565
PHB_07647,Healthy,0,0.8803,0.1023,0.9003,23.413,1.3353,24.604,67.401,6.46,0.0065,0.0104
PHB_04152,Moderate Illness,2,0.4328,0.609,0.6603,26.642,1.2996,25.498,68.495,6.448,0.0435,0.0548
PHB_03131,Early Disease,1,0.6555,0.4509,0.8406,25.254,1.1711,26.798,63.025,6.369,0.0295,0.0667
PHB_04891,Healthy,0,0.9021,0.0761,0.814,25.022,1.1798,26.455,65.105,6.305,0.0398,0.0104
PHB_09976,Healthy,0,0.7786,0.1221,0.9298,23.846,1.0701,25.213,65.992,6.443,0.0059,0.027
PHB_07472,Severe Disease,3,0.3709,0.6573,0.506,27.709,1.2657,24.175,71.845,5.919,0.047,0.0682
PHB_01834,Healthy,0,0.7415,0.143,0.8351,23.216,0.9924,21.471,62.742,6.784,0.0226,0.0503
PHB_09149,Early Disease,1,0.7046,0.3953,0.6389,24.974,1.0918,28.688,70.359,6.234,0.0311,0.0545
PHB_04892,Early Disease,1,0.6907,0.2907,0.6568,25.682,1.0539,25.321,68.663,6.23,0.0334,0.0403
PHB_02288,Severe Disease,3,0.37,0.7296,0.4149,27.087,1.4418,24.806,54.564,6.817,0.0603,0.0933
PHB_01331,Severe Disease,3,0.3986,0.6434,0.5147,26.651,1.5697,26.136,73.351,6.607,0.0704,0.0605
PHB_02772,Severe Disease,3,0.3506,0.7548,0.4226,24.727,1.6532,27.543,64.929,6.184,0.0428,0.0863
PHB_03687,Early Disease,1,0.6299,0.3034,0.7376,25.591,1.0558,24.839,68.882,6.515,0.0486,0.0301
PHB_08284,Moderate Illness,2,0.5102,0.5319,0.5995,26.408,1.4074,22.029,74.858,6.343,0.0494,0.0541
PHB_05929,Severe Disease,3,0.3451,0.6757,0.5213,26.465,1.5284,26.807,63.837,6.037,0.0414,0.0819
PHB_00638,Moderate Illness,2,0.5471,0.4727,0.5451,25.41,1.2891,25.211,72.928,6.279,0.0441,0.0713
PHB_00048,Early Disease,1,0.717,0.4098,0.6818,26.34,1.2769,26.182,68.063,6.715,0.0383,0.0481
PHB_02603,Early Disease,1,0.6323,0.2857,0.6589,25.05,1.3024,23.361,82.833,5.974,0.0366,0.055
PHB_01966,Healthy,0,0.8993,0.0487,0.8584,23.832,1.1792,26.315,69.454,6.609,0.0296,0.0562
PHB_02169,Early Disease,1,0.7303,0.331,0.8428,26.022,1.2639,28.556,64.796,6.621,0.0407,0.0459
PHB_05050,Severe Disease,3,0.3781,0.7062,0.4567,26.446,1.4083,24.594,65.078,6.195,0.0697,0.0826
PHB_03335,Early Disease,1,0.6826,0.4026,0.7469,24.347,1.0866,23.332,83.538,6.141,0.0313,0.0665
PHB_03020,Healthy,0,0.8266,0.0,0.925,24.405,1.0254,26.41,69.621,6.408,0.0232,0.03
PHB_08765,Early Disease,1,0.6667,0.3008,0.7109,26.181,1.1916,27.153,71.716,6.371,0.0475,0.046
PHB_09177,Early Disease,1,0.6217,0.2826,0.6824,25.175,1.2427,20.627,64.359,6.652,0.0298,0.05
PHB_01361,Moderate Illness,2,0.4379,0.6347,0.757,27.301,1.3028,26.202,58.082,6.242,0.0336,0.0674
PHB_05799,Moderate Illness,2,0.432,0.5213,0.5715,25.199,1.2189,27.884,58.819,6.11,0.0687,0.0533
PHB_09401,Moderate Illness,2,0.3577,0.5088,0.6894,26.277,1.2679,27.79,68.731,6.25,0.0425,0.067
PHB_03252,Moderate Illness,2,0.4524,0.5298,0.6392,27.426,1.2125,24.805,52.988,6.166,0.0545,0.0794
PHB_06301,Healthy,0,0.7908,0.1443,0.8441,23.927,0.9351,22.673,76.545,6.66,0.028,0.043
PHB_02252,Severe Disease,3,0.3301,0.8152,0.3451,27.655,1.4306,21.809,64.626,6.211,0.0482,0.0471
PHB_06028,Healthy,0,0.758,0.2252,0.8736,24.606,1.0585,26.711,63.166,6.653,0.0265,0.0315
PHB_01176,Severe Disease,3,0.2705,0.8226,0.4662,27.651,1.453,22.124,65.72,6.143,0.0542,0.0768
PHB_08800,Early Disease,1,0.6558,0.3678,0.7406,24.645,1.1994,28.783,69.251,6.143,0.0289,0.0471
PHB_03280,Healthy,0,0.8291,0.0613,0.8288,23.209,1.0788,24.435,68.137,6.392,0.0223,0.0428
PHB_02974,Severe Disease,3,0.3928,0.6508,0.4698,28.262,1.55,24.678,76.56,6.114,0.0587,0.0757
PHB_03397,Healthy,0,1.0869,0.1502,0.8923,24.225,0.9567,28.046,66.612,6.786,0.0245,0.0478
PHB_06940,Early Disease,1,0.6599,0.3509,0.7601,24.791,1.0882,24.805,64.765,6.154,0.0413,0.0525
PHB_00966,Early Disease,1,0.7791,0.358,0.8055,25.5,1.1154,23.935,63.924,6.453,0.034,0.067
PHB_08575,Severe Disease,3,0.3885,0.6695,0.3487,27.801,1.466,27.939,66.528,5.871,0.0482,0.0589
PHB_00743,Severe Disease,3,0.3905,0.6487,0.41,26.698,1.485,26.027,73.718,6.562,0.0532,0.0601
PHB_07515,Moderate Illness,2,0.6154,0.5465,0.5184,26.212,1.237,27.121,64.385,6.093,0.0387,0.0782
PHB_03315,Early Disease,1,0.7898,0.3409,0.7928,24.858,1.1627,27.856,53.843,6.671,0.0397,0.0309
PHB_04899,Severe Disease,3,0.3685,0.7283,0.589,27.43,1.3989,25.867,68.469,6.08,0.0529,0.0601
PHB_09341,Healthy,0,0.8661,0.0456,0.9194,22.87,1.0305,25.7,70.157,6.584,0.027,0.0341
PHB_04673,Healthy,0,0.8945,0.1354,0.8618,24.946,1.0432,26.055,71.586,5.898,0.0269,0.0333
PHB_08619,Healthy,0,0.799,0.0577,1.0291,22.833,1.2149,26.767,69.476,6.256,0.0237,0.0391
PHB_01218,Moderate Illness,2,0.628,0.5435,0.411,26.0,1.2685,23.684,55.024,6.352,0.0383,0.055
PHB_04398,Severe Disease,3,0.3775,0.6659,0.5438,26.473,1.3516,24.951,53.566,6.218,0.054,0.0938
PHB_06081,Healthy,0,0.8766,0.1251,0.8092,24.196,1.266,23.079,78.387,6.555,0.0278,0.015
PHB_02615,Early Disease,1,0.6559,0.3654,0.6806,24.986,1.1566,28.155,56.961,6.355,0.0431,0.0598
PHB_02621,Severe Disease,3,0.326,0.7175,0.5172,26.843,1.4554,25.271,65.357,6.357,0.0565,0.08
PHB_08715,Healthy,0,0.8906,0.0,0.9417,24.206,1.1096,26.066,72.062,6.263,0.0209,0.0287
PHB_07283,Healthy,0,0.7992,0.0983,0.8105,23.18,1.2212,23.339,76.317,6.559,0.0164,0.0263
PHB_03380,Severe Disease,3,0.3009,0.6982,0.4189,27.198,1.3986,24.8,51.921,6.455,0.0472,0.0566
PHB_07302,Moderate Illness,2,0.4865,0.5381,0.6639,26.157,1.3741,25.866,68.117,6.284,0.0524,0.0678
PHB_09858,Moderate Illness,2,0.5521,0.5285,0.5269,25.665,1.2305,26.549,66.698,6.479,0.0425,0.0658
PHB_05606,Moderate Illness,2,0.6039,0.4811,0.587,25.737,1.1912,22.108,64.261,6.15,0.0456,0.0532
PHB_09814,Healthy,0,0.9731,0.1426,0.8446,24.295,1.2611,22.109,66.631,6.667,0.0162,0.0278
PHB_05787,Severe Disease,3,0.3392,0.6779,0.4257,28.861,1.5496,23.712,59.25,6.197,0.0568,0.0752
PHB_08519,Moderate Illness,2,0.4522,0.4907,0.602,25.601,1.4548,25.985,70.919,5.899,0.0483,0.0651
PHB_06851,Severe Disease,3,0.3708,0.6621,0.4461,27.689,1.2418,23.797,65.615,6.177,0.0461,0.0817
PHB_01517,Healthy,0,0.7552,0.0885,1.0333,24.426,1.1559,20.466,52.001,6.291,0.0236,0.0484
PHB_05099,Severe Disease,3,0.4273,0.778,0.5933,27.123,1.52,26.788,64.336,5.965,0.0569,0.0812
PHB_07637,Early Disease,1,0.6724,0.2869,0.7528,25.34,1.2085,26.226,67.079,6.411,0.0442,0.0567
PHB_09086,Healthy,0,0.7729,0.0791,0.879,25.444,1.1798,26.304,66.169,6.898,0.0322,0.0075
PHB_08024,Early Disease,1,0.6215,0.3557,0.755,26.34,1.0365,29.311,69.011,6.08,0.0305,0.0528
PHB_02393,Early Disease,1,0.6916,0.2963,0.7566,25.259,1.3087,24.629,78.935,6.111,0.0582,0.0397
PHB_00587,Healthy,0,0.8044,0.0992,0.7831,25.514,1.0249,29.662,56.044,6.153,0.0262,0.0365
PHB_03520,Severe Disease,3,0.3793,0.7284,0.35,27.182,1.4163,22.148,63.156,6.023,0.0788,0.0737
PHB_07654,Healthy,0,0.8186,0.1102,0.9193,23.636,1.2076,21.214,56.791,6.168,0.0284,0.0343
PHB_08947,Healthy,0,0.7441,0.0294,0.9276,24.669,1.1622,24.846,64.54,6.939,0.0257,0.0261
PHB_00851,Healthy,0,0.8152,0.0657,0.9249,24.07,1.042,23.547,83.78,6.163,0.025,0.0352
PHB_00336,Moderate Illness,2,0.5253,0.4555,0.6386,25.171,0.9818,22.093,59.69,5.816,0.0512,0.0503
PHB_06635,Severe Disease,3,0.3413,0.7132,0.5467,26.935,1.3932,23.378,68.75,6.421,0.0615,0.071
PHB_08973,Severe Disease,3,0.2926,0.6784,0.5644,25.555,1.3965,24.725,57.542,6.344,0.0788,0.0744
PHB_07494,Healthy,0,0.9192,0.1258,0.9577,25.662,1.0364,21.378,72.096,6.486,0.0416,0.0484
PHB_02869,Severe Disease,3,0.3491,0.666,0.4298,27.19,1.3731,23.501,77.909,6.259,0.0656,0.0552
PHB_04873,Moderate Illness,2,0.5115,0.4729,0.5864,27.59,1.7255,25.753,59.432,6.481,0.0519,0.0295
PHB_03551,Severe Disease,3,0.3465,0.7432,0.3774,27.906,1.2109,27.562,62.781,6.354,0.0586,0.0551
PHB_03843,Moderate Illness,2,0.3606,0.5363,0.6637,27.814,1.1415,27.099,70.026,5.944,0.0324,0.0729
PHB_07263,Moderate Illness,2,0.5164,0.5829,0.6004,25.293,1.3494,29.392,66.595,6.236,0.0469,0.0398
PHB_05825,Early Disease,1,0.6031,0.4249,0.7308,25.002,1.2558,25.227,66.677,6.572,0.0467,0.0471
PHB_00024,Severe Disease,3,0.2542,0.6933,0.3507,26.584,1.4041,25.554,71.512,5.924,0.0435,0.0517
PHB_01454,Severe Disease,3,0.2942,0.6826,0.3925,27.683,1.4063,23.744,59.753,5.95,0.0565,0.0604
PHB_01685,Healthy,0,0.7901,0.1397,0.8766,24.917,0.8104,26.549,73.242,5.834,0.0173,0.0375
PHB_02311,Severe Disease,3,0.4196,0.6769,0.3318,28.025,1.4221,23.547,70.3,6.127,0.0496,0.0662
PHB_09064,Severe Disease,3,0.3229,0.7741,0.3245,26.708,1.5277,22.973,67.17,5.99,0.0503,0.0583
PHB_09407,Early Disease,1,0.6661,0.3053,0.8391,26.006,1.5202,27.572,70.047,6.705,0.0401,0.0589
PHB_00382,Severe Disease,3,0.282,0.7179,0.4032,25.725,1.337,24.882,62.52,6.06,0.0535,0.086
PHB_05815,Moderate Illness,2,0.4626,0.6079,0.6745,26.051,1.2193,24.437,73.283,5.921,0.0623,0.0587
PHB_05551,Early Disease,1,0.5238,0.2095,0.7197,26.185,1.1144,24.253,58.897,6.714,0.0133,0.0529
PHB_09309,Early Disease,1,0.6913,0.34,0.5885,24.622,1.1911,25.256,69.081,6.015,0.0371,0.0539
PHB_01619,Severe Disease,3,0.2895,0.8094,0.4808,27.268,1.2405,22.518,77.811,5.962,0.0546,0.0561
PHB_00790,Moderate Illness,2,0.5257,0.6295,0.5194,26.83,1.3054,23.58,67.302,6.001,0.055,0.058
PHB_05984,Early Disease,1,0.5542,0.3104,0.8295,26.286,1.3831,24.518,67.865,6.492,0.0418,0.0419
PHB_08673,Severe Disease,3,0.3202,0.7445,0.4238,25.972,1.4792,23.669,67.242,6.054,0.06,0.0616
PHB_04476,Moderate Illness,2,0.5154,0.4715,0.6134,27.448,1.1683,22.939,69.572,6.406,0.0442,0.0537
PHB_05607,Healthy,0,0.8688,0.0843,0.8028,24.325,1.1304,22.52,63.548,6.271,0.0128,0.0382
PHB_09313,Early Disease,1,0.599,0.3315,0.6843,25.556,1.2829,23.556,68.215,6.639,0.0219,0.005
PHB_05649,Early Disease,1,0.6251,0.2934,0.7309,25.463,1.3129,22.742,57.892,6.242,0.0484,0.0433
PHB_06217,Moderate Illness,2,0.4572,0.6102,0.6952,23.542,1.1752,18.948,71.741,5.776,0.0381,0.0526
PHB_02287,Severe Disease,3,0.3218,0.6671,0.4788,27.194,1.363,23.138,61.433,5.919,0.0423,0.0812
PHB_09994,Healthy,0,0.7705,0.1818,0.8606,22.854,1.2199,26.326,70.861,6.56,0.0404,0.0161
PHB_07579,Healthy,0,0.6982,0.1978,0.8429,24.473,1.2645,23.358,71.567,5.824,0.0277,0.0322
PHB_01184,Healthy,0,0.8978,0.0933,0.763,26.056,1.1827,24.876,68.273,6.178,0.0234,0.0414
PHB_06002,Healthy,0,0.7207,0.0224,0.8858,23.814,1.0938,25.526,69.286,6.521,0.0204,0.0346
PHB_05091,Early Disease,1,0.6359,0.3833,0.749,24.344,0.8926,26.969,61.909,6.526,0.0243,0.0387
PHB_02517,Healthy,0,0.8183,0.0816,0.7092,25.147,1.1444,27.559,60.78,6.785,0.0299,0.0362
PHB_04123,Severe Disease,3,0.3695,0.659,0.474,26.169,1.1795,26.983,66.736,6.293,0.078,0.0972
PHB_05522,Healthy,0,0.7844,0.1018,0.8511,24.637,1.102,24.572,66.745,6.468,0.0204,0.0197
PHB_05628,Severe Disease,3,0.3554,0.7062,0.4293,26.764,1.3891,23.512,60.991,6.809,0.0833,0.0859
PHB_08361,Healthy,0,0.8214,0.0513,0.9153,23.631,1.0619,26.318,70.909,6.402,0.0168,0.0584
PHB_05873,Healthy,0,0.8073,0.2136,0.7411,25.392,1.2899,21.846,68.312,6.022,0.0118,0.0491
PHB_08613,Moderate Illness,2,0.4524,0.5752,0.656,27.452,1.3729,21.563,54.177,6.428,0.046,0.0761
PHB_07728,Early Disease,1,0.7124,0.2688,0.7731,25.858,1.408,28.099,62.081,6.125,0.0233,0.0252
PHB_05969,Moderate Illness,2,0.4677,0.5392,0.6657,26.408,1.4616,23.03,63.341,6.326,0.0485,0.0599
PHB_01181,Severe Disease,3,0.3555,0.8317,0.4407,26.506,1.1713,24.254,64.531,5.843,0.0606,0.0816
PHB_08763,Early Disease,1,0.6626,0.2558,0.8254,24.463,1.1433,26.115,77.25,6.474,0.033,0.0402
PHB_08236,Healthy,0,0.8202,0.1415,0.7449,23.875,0.9579,23.551,88.315,6.271,0.0198,0.0394
PHB_02819,Early Disease,1,0.7941,0.2831,0.7369,24.775,1.195,22.313,66.827,6.254,0.0377,0.0487
PHB_09965,Healthy,0,0.7465,0.2291,0.8224,24.108,1.1365,26.864,58.336,6.401,0.0312,0.0318
PHB_08704,Early Disease,1,0.732,0.4091,0.8253,24.425,1.0813,20.883,65.757,6.463,0.0421,0.0435
PHB_06609,Healthy,0,0.8511,0.0507,0.8548,23.784,1.0672,23.166,64.845,6.533,0.0422,0.0549
PHB_02821,Early Disease,1,0.752,0.4101,0.8007,24.674,1.0098,23.374,68.689,6.486,0.0354,0.0312
PHB_07536,Severe Disease,3,0.4075,0.6789,0.4495,28.248,1.5382,24.919,63.172,6.295,0.0615,0.0627
PHB_02261,Moderate Illness,2,0.4464,0.5252,0.5509,25.955,1.3915,26.207,70.501,6.176,0.0479,0.0607
PHB_02240,Moderate Illness,2,0.4469,0.4299,0.6025,26.216,1.1433,30.132,65.553,6.064,0.0413,0.0443
PHB_06022,Severe Disease,3,0.2437,0.7633,0.5496,28.661,1.6018,26.594,62.968,6.315,0.0832,0.051
PHB_00783,Early Disease,1,0.7089,0.2639,0.8072,25.201,1.0736,25.746,60.96,6.395,0.0423,0.0283
PHB_00933,Early Disease,1,0.6087,0.3101,0.7389,25.759,1.3669,29.186,78.207,6.622,0.0448,0.064
PHB_06203,Moderate Illness,2,0.4468,0.5953,0.6009,24.976,1.1607,24.09,65.794,5.943,0.0325,0.069
PHB_02413,Early Disease,1,0.5966,0.2781,0.7337,25.359,1.2861,22.694,56.937,6.714,0.0276,0.0688
PHB_06998,Early Disease,1,0.6232,0.4112,0.7105,25.973,1.0861,26.922,71.328,6.841,0.0234,0.053
PHB_09116,Severe Disease,3,0.4185,0.6566,0.5997,25.158,1.2967,27.067,68.648,5.885,0.0685,0.0775
PHB_01157,Healthy,0,0.8505,0.0457,0.8529,24.789,1.0546,21.137,59.114,6.531,0.025,0.0472
PHB_08108,Severe Disease,3,0.3097,0.7946,0.4201,27.553,1.3372,24.691,46.48,5.898,0.0622,0.074
PHB_05806,Moderate Illness,2,0.473,0.5709,0.6503,25.522,1.4901,25.676,65.567,6.701,0.0501,0.0581
PHB_04880,Early Disease,1,0.7,0.2903,0.8039,25.672,1.2286,22.613,69.81,6.454,0.0408,0.0368
PHB_03310,Healthy,0,0.9219,0.0781,0.8024,22.544,1.132,26.87,68.58,6.569,0.0431,0.0272
PHB_08962,Early Disease,1,0.6974,0.3505,0.6024,26.237,1.3399,21.486,62.976,6.373,0.0283,0.0374
PHB_01703,Early Disease,1,0.7757,0.2663,0.8026,24.239,1.6476,23.156,69.147,5.885,0.0342,0.0306
PHB_02493,Healthy,0,0.7968,0.1174,0.9112,22.662,1.1576,24.09,63.619,6.914,0.0186,0.0314
PHB_03707,Early Disease,1,0.6043,0.3465,0.7644,25.464,1.2355,26.224,66.278,6.736,0.0528,0.0355
PHB_08277,Early Disease,1,0.7263,0.1961,0.739,26.156,1.3167,27.131,72.485,6.397,0.043,0.0501
PHB_00287,Healthy,0,0.8459,0.0784,0.7933,24.417,1.0558,20.974,55.72,6.161,0.0144,0.0485
PHB_01609,Early Disease,1,0.6978,0.3385,0.7017,25.272,1.0277,28.723,68.828,6.495,0.0324,0.0338
PHB_06632,Healthy,0,0.8606,0.0705,0.901,22.584,0.9449,22.811,64.365,6.443,0.0469,0.0402
PHB_08279,Severe Disease,3,0.2199,0.6539,0.5272,28.316,1.4883,25.545,53.028,6.136,0.0483,0.0701
PHB_07316,Healthy,0,0.805,0.0818,0.8627,23.672,0.9963,21.212,80.341,6.185,0.03,0.0283
PHB_02253,Early Disease,1,0.6359,0.3192,0.7329,24.415,1.0625,19.97,75.646,6.862,0.0397,0.0366
PHB_07416,Severe Disease,3,0.2411,0.7754,0.4467,28.797,1.4741,26.542,68.012,6.233,0.0536,0.0842
PHB_08366,Severe Disease,3,0.3407,0.6233,0.5439,27.635,1.2379,23.847,65.837,6.51,0.0586,0.0648
PHB_01892,Severe Disease,3,0.3018,0.8425,0.4965,27.726,1.5158,25.761,64.583,5.843,0.062,0.0854
PHB_05063,Early Disease,1,0.6273,0.2886,0.8292,25.345,1.1178,27.523,74.426,6.438,0.0377,0.0668
PHB_06121,Healthy,0,0.7569,0.1093,0.9518,23.612,0.9664,23.475,67.775,6.42,0.0219,0.0358
PHB_00564,Moderate Illness,2,0.4978,0.5867,0.5947,26.474,1.1823,23.931,66.566,6.557,0.0407,0.0746
PHB_00292,Healthy,0,0.8639,0.1558,0.9613,25.925,1.1713,27.623,64.916,6.507,0.0057,0.0107
PHB_04717,Early Disease,1,0.6332,0.2374,0.6776,25.578,1.3452,25.007,58.614,6.532,0.0471,0.0172
PHB_07709,Early Disease,1,0.7714,0.3418,0.8489,25.557,1.2452,28.894,68.661,6.451,0.0422,0.0503
PHB_06350,Moderate Illness,2,0.5125,0.4107,0.5267,25.372,1.168,26.13,62.151,6.42,0.0596,0.0556
PHB_00170,Severe Disease,3,0.3043,0.8713,0.4574,27.415,1.3384,30.788,63.975,6.217,0.0654,0.0833
PHB_00268,Healthy,0,0.7823,0.1021,0.7279,24.97,1.1166,22.331,56.242,6.573,0.0089,0.0394
PHB_04639,Healthy,0,0.8503,0.0721,0.7767,25.377,1.1452,25.601,75.237,6.403,0.0201,0.0195
PHB_07078,Severe Disease,3,0.3976,0.7061,0.4524,26.727,1.4071,25.375,57.781,6.177,0.0605,0.067
PHB_03356,Early Disease,1,0.7145,0.3948,0.7247,23.583,1.3528,26.632,69.056,6.522,0.0262,0.0532
PHB_08280,Early Disease,1,0.537,0.3721,0.7662,25.556,1.1824,25.869,53.122,6.592,0.0203,0.0559
PHB_00316,Early Disease,1,0.6487,0.3093,0.7135,26.496,1.1572,24.618,64.659,6.338,0.0287,0.0558
PHB_06729,Severe Disease,3,0.3368,0.689,0.4697,26.969,1.5459,29.86,61.842,5.83,0.0505,0.0776
PHB_09496,Healthy,0,0.8436,0.129,0.918,24.541,1.141,23.976,56.013,6.393,0.0361,0.0441
PHB_04068,Moderate Illness,2,0.583,0.4993,0.599,26.416,1.2323,26.401,61.984,6.433,0.0522,0.0555
PHB_00246,Severe Disease,3,0.3035,0.7805,0.5113,27.584,1.3418,24.868,65.193,5.871,0.0637,0.0887
PHB_00253,Early Disease,1,0.6956,0.3725,0.6233,25.364,1.1772,26.578,53.329,6.859,0.0448,0.0495
PHB_01112,Early Disease,1,0.6095,0.3484,0.7481,26.822,1.2731,25.633,70.354,6.461,0.0346,0.051
PHB_04802,Healthy,0,0.8762,0.1922,0.7964,24.875,1.0637,20.265,71.104,6.525,0.0336,0.0467
PHB_01714,Severe Disease,3,0.3788,0.6496,0.4706,26.523,1.3421,21.612,63.593,6.268,0.06,0.0723
PHB_00051,Healthy,0,0.7854,0.0301,0.8876,23.927,0.9207,25.915,77.357,6.707,0.0177,0.0443
PHB_01836,Healthy,0,0.7703,0.0433,0.7456,24.027,1.0717,23.287,64.509,6.353,0.0199,0.0503
PHB_07897,Moderate Illness,2,0.5301,0.4913,0.5859,25.931,1.3809,25.07,59.696,6.206,0.0583,0.0632
PHB_03384,Moderate Illness,2,0.4516,0.4695,0.557,25.446,1.2463,24.823,67.812,5.69,0.0338,0.0567
PHB_06411,Healthy,0,0.8457,0.1234,0.9181,25.43,0.9741,24.732,64.147,6.691,0.0235,0.0285
PHB_04314,Severe Disease,3,0.3614,0.6647,0.5137,27.557,1.4659,26.88,61.648,6.05,0.0766,0.0303
PHB_00873,Severe Disease,3,0.384,0.6914,0.4572,27.057,1.5327,23.456,62.288,6.008,0.0551,0.0365
PHB_01255,Healthy,0,0.9413,0.1248,0.9788,24.038,1.1192,21.264,64.05,6.554,0.0079,0.0435
PHB_08882,Severe Disease,3,0.3561,0.7628,0.4007,26.883,1.2162,24.433,65.845,6.124,0.0583,0.075
PHB_05852,Severe Disease,3,0.4183,0.5997,0.4848,27.017,1.36,22.08,62.704,6.637,0.0678,0.098
PHB_05703,Healthy,0,0.8378,0.1556,0.9465,24.731,1.3135,21.463,77.886,6.448,0.016,0.0383
PHB_08104,Moderate Illness,2,0.4495,0.4827,0.5217,26.684,1.3713,26.661,71.559,5.788,0.04,0.0471
PHB_02099,Healthy,0,0.8077,0.0759,0.8725,24.97,1.7663,25.98,65.06,6.39,0.0404,0.0286
PHB_05129,Severe Disease,3,0.2912,0.6073,0.5096,26.212,1.5221,26.905,67.944,6.499,0.0606,0.0819
PHB_00249,Early Disease,1,0.7199,0.2331,0.7232,24.113,1.2061,25.484,60.397,6.505,0.0354,0.0477
PHB_06562,Early Disease,1,0.7752,0.4022,0.818,26.746,1.1221,26.149,60.665,6.214,0.0457,0.0389
PHB_01340,Early Disease,1,0.6783,0.2404,0.6895,27.198,1.1816,27.04,60.13,6.298,0.0309,0.062
PHB_07018,Healthy,0,0.7292,0.1417,0.8544,24.375,0.9555,26.613,59.952,6.617,0.031,0.04
PHB_02111,Moderate Illness,2,0.5138,0.3772,0.5904,26.66,1.2102,24.303,58.794,6.242,0.0517,0.0718
PHB_01570,Early Disease,1,0.6235,0.2967,0.6691,24.844,1.4096,23.37,75.884,6.581,0.039,0.0803
PHB_01727,Early Disease,1,0.7278,0.4079,0.8047,25.58,1.087,23.98,59.555,6.479,0.0413,0.0273
PHB_08385,Healthy,0,0.7768,0.2214,0.9868,24.838,0.9667,27.572,75.377,6.394,0.0442,0.0309
PHB_06941,Moderate Illness,2,0.5197,0.5782,0.4743,26.054,1.3273,24.575,70.645,6.367,0.0424,0.0453
PHB_04396,Early Disease,1,0.6383,0.32,0.6774,26.238,1.0811,27.122,63.338,6.248,0.0426,0.0582
PHB_02421,Healthy,0,0.7633,0.0532,1.0657,23.566,1.0681,27.261,68.419,6.738,0.0401,0.0334
PHB_03046,Severe Disease,3,0.3765,0.6936,0.3775,26.974,1.6616,23.742,64.538,5.913,0.0435,0.0731
PHB_05504,Moderate Illness,2,0.5816,0.5365,0.6251,26.507,1.3976,25.791,79.296,6.297,0.0585,0.0584
PHB_03704,Moderate Illness,2,0.4758,0.5007,0.6545,27.719,1.1694,27.161,70.916,6.386,0.0413,0.0659
PHB_08192,Severe Disease,3,0.3649,0.6596,0.432,27.184,1.3503,23.407,68.237,6.019,0.0665,0.0757
PHB_05332,Moderate Illness,2,0.52,0.3722,0.6336,27.029,1.3695,24.562,66.405,6.749,0.0428,0.033
PHB_09809,Early Disease,1,0.7583,0.3089,0.669,26.09,1.1175,20.875,76.451,6.301,0.0373,0.0492
PHB_00448,Moderate Illness,2,0.4895,0.4945,0.7081,27.179,1.2254,24.976,67.594,6.109,0.0376,0.053
PHB_07895,Early Disease,1,0.7391,0.3591,0.708,25.684,1.0818,22.612,57.239,6.446,0.0286,0.066
PHB_08729,Healthy,0,0.7617,0.1029,0.9235,23.391,0.9114,24.14,64.14,6.541,0.0163,0.0588
PHB_07829,Severe Disease,3,0.3686,0.65,0.5113,26.286,1.1962,26.463,71.611,6.725,0.0695,0.0661
PHB_01769,Healthy,0,0.7445,0.1743,0.9978,24.602,1.1392,26.271,78.722,6.862,0.0269,0.0322
PHB_06809,Early Disease,1,0.6279,0.3145,0.744,24.98,1.1902,26.176,66.149,6.395,0.0532,0.0368
PHB_04705,Healthy,0,0.8639,0.0,0.9701,24.087,1.1896,25.781,69.442,6.314,0.0162,0.0319
PHB_03870,Early Disease,1,0.5832,0.3301,0.7589,25.304,1.2038,25.175,60.586,6.638,0.0222,0.0519
PHB_01656,Early Disease,1,0.6916,0.3628,0.8115,23.771,1.2357,22.532,67.533,6.135,0.0518,0.0557
PHB_03188,Severe Disease,3,0.3781,0.727,0.4088,27.128,1.2233,24.161,58.931,6.406,0.0864,0.0629
PHB_00684,Early Disease,1,0.6654,0.2627,0.6511,25.235,1.125,26.655,56.772,6.135,0.056,0.0643
PHB_04171,Severe Disease,3,0.3235,0.7382,0.5668,28.156,1.3941,22.413,51.169,6.197,0.0746,0.0732
PHB_04478,Healthy,0,0.7881,0.1263,0.9386,24.522,0.9841,25.471,65.87,6.521,0.0266,0.0396
PHB_00462,Healthy,0,0.8934,0.1527,0.8937,24.714,1.1713,27.36,68.082,6.736,0.0249,0.029
PHB_05765,Early Disease,1,0.5321,0.3414,0.6874,25.956,1.253,25.593,67.428,6.596,0.0382,0.0551
PHB_07523,Early Disease,1,0.6332,0.3109,0.7262,24.863,1.0926,22.309,68.165,6.316,0.0384,0.0321
PHB_04503,Moderate Illness,2,0.5037,0.4669,0.6598,27.633,1.294,27.902,71.817,6.465,0.05,0.046
PHB_09710,Moderate Illness,2,0.3372,0.5885,0.6612,24.819,1.2162,27.725,64.987,6.352,0.0639,0.069
PHB_00319,Early Disease,1,0.6746,0.3343,0.703,24.686,1.2338,29.147,67.89,6.971,0.0217,0.0449
PHB_01146,Early Disease,1,0.7106,0.3966,0.8458,25.113,1.1111,23.483,59.582,6.385,0.0538,0.0226
PHB_05095,Severe Disease,3,0.3237,0.7333,0.3995,27.188,1.5077,22.586,65.585,6.387,0.0557,0.079
PHB_01394,Healthy,0,0.7684,0.1666,0.7796,25.006,1.2175,25.151,69.733,6.158,0.0302,0.0307
PHB_06624,Early Disease,1,0.7059,0.3841,0.7035,26.175,1.251,23.525,70.034,6.382,0.0402,0.0151
PHB_01502,Severe Disease,3,0.3838,0.6871,0.5286,27.884,1.3717,22.418,52.24,6.447,0.0457,0.0844
PHB_06409,Moderate Illness,2,0.5472,0.5453,0.6321,26.079,1.3304,23.443,64.458,6.336,0.0432,0.0534
PHB_00377,Severe Disease,3,0.2904,0.7013,0.468,28.015,1.2021,26.912,63.08,6.028,0.0607,0.0678
PHB_00411,Moderate Illness,2,0.3951,0.5762,0.5262,26.418,1.3123,23.955,64.346,6.417,0.0362,0.0621
PHB_01661,Healthy,0,0.8775,0.128,0.976,24.093,1.0868,24.434,63.577,6.151,0.0255,0.028
PHB_03152,Moderate Illness,2,0.4556,0.4655,0.5984,25.004,1.3866,21.46,59.687,6.307,0.0603,0.0657
PHB_01624,Healthy,0,0.7836,0.1362,1.0252,24.994,1.1688,23.207,65.873,6.463,0.0233,0.0352
PHB_05610,Moderate Illness,2,0.5743,0.5514,0.5222,27.626,1.3867,23.357,53.966,5.714,0.0652,0.0437
PHB_08533,Healthy,0,0.7903,0.0946,0.9549,24.646,1.1524,23.916,56.506,6.434,0.0289,0.0411
PHB_05803,Severe Disease,3,0.3241,0.6945,0.427,26.858,1.38,22.634,82.158,6.232,0.0552,0.0862
PHB_05307,Severe Disease,3,0.331,0.6875,0.4857,27.693,1.3862,24.959,54.971,6.175,0.059,0.0416
PHB_07087,Moderate Illness,2,0.5287,0.5278,0.5995,26.548,1.2624,23.618,76.076,6.337,0.0537,0.058
PHB_08898,Early Disease,1,0.6727,0.276,0.7748,25.651,1.252,24.212,69.55,6.471,0.0368,0.0487
PHB_07489,Healthy,0,0.8336,0.1307,0.9682,25.31,0.8919,26.57,74.754,6.422,0.0356,0.0364
PHB_09616,Early Disease,1,0.6251,0.2059,0.7717,31.991,1.1228,26.31,68.23,6.34,0.0359,0.0307
PHB_09218,Severe Disease,3,0.2704,0.7432,0.4106,28.945,1.3222,24.147,70.483,6.359,0.0841,0.0524
PHB_01673,Severe Disease,3,0.2373,0.6041,0.4721,27.778,1.2907,26.486,60.329,5.921,0.0628,0.0819
PHB_02359,Severe Disease,3,0.3674,0.8026,0.4205,27.123,1.3104,24.289,68.878,6.101,0.0645,0.0683
PHB_08468,Moderate Illness,2,0.4463,0.4701,0.5983,25.399,1.5019,28.502,66.18,6.332,0.0449,0.0678
PHB_00275,Moderate Illness,2,0.6403,0.5721,0.6225,27.017,1.3333,24.537,64.754,6.129,0.0405,0.0598
PHB_02474,Moderate Illness,2,0.4809,0.507,0.5674,26.401,1.3628,28.475,61.102,6.099,0.043,0.0472
PHB_05490,Moderate Illness,2,0.4424,0.5228,0.6649,26.151,1.3125,26.573,70.971,6.474,0.0624,0.0593
PHB_04772,Early Disease,1,0.6872,0.3261,0.734,25.006,1.1896,30.463,59.742,6.36,0.0259,0.0312
PHB_02108,Severe Disease,3,0.265,0.7304,0.4847,27.69,1.3969,25.812,74.529,6.183,0.0502,0.044
PHB_07501,Moderate Illness,2,0.5137,0.5786,0.6043,26.364,1.2909,27.68,64.87,6.418,0.0686,0.049
PHB_04415,Early Disease,1,0.6768,0.1961,0.7146,26.156,1.3579,22.725,70.69,6.56,0.031,0.0539
PHB_08139,Severe Disease,3,0.2171,0.7948,0.4909,27.668,1.3543,22.774,51.396,5.989,0.0544,0.072
PHB_08661,Early Disease,1,0.6346,0.3652,0.6508,25.872,1.278,28.596,70.617,6.378,0.0229,0.0264
PHB_08240,Early Disease,1,0.6073,0.3982,0.7202,25.436,1.1231,24.979,67.867,6.463,0.041,0.0505
PHB_02418,Moderate Illness,2,0.5316,0.5081,0.6603,27.24,1.3965,24.517,55.389,6.508,0.0661,0.0493
PHB_08772,Severe Disease,3,0.3246,0.6884,0.3638,28.2,1.1847,26.321,59.216,6.098,0.0612,0.068
PHB_02237,Healthy,0,0.7614,0.1001,0.812,23.976,0.9676,23.74,61.412,6.626,0.0446,0.0587
PHB_03768,Early Disease,1,0.7259,0.2843,0.608,25.528,1.2297,22.849,60.108,6.278,0.0508,0.0379
PHB_09792,Healthy,0,0.7903,0.155,0.8448,25.297,0.9574,23.246,74.323,5.772,0.014,0.0122
PHB_09990,Early Disease,1,0.6205,0.3516,0.6888,26.824,1.412,25.039,66.387,6.561,0.0495,0.065
PHB_09966,Healthy,0,0.735,0.1274,1.0219,24.824,1.1925,24.861,68.991,6.271,0.0099,0.0076
PHB_07324,Severe Disease,3,0.4379,0.7235,0.4036,27.101,1.3994,25.699,63.724,5.756,0.0589,0.0837
PHB_01384,Severe Disease,3,0.3042,0.6776,0.4338,27.457,1.478,27.588,62.271,6.328,0.0791,0.0561
PHB_03102,Healthy,0,0.8415,0.0949,0.8662,23.737,1.1594,22.725,74.944,6.843,0.0173,0.031
PHB_03922,Severe Disease,3,0.3181,0.7232,0.5381,27.345,1.5357,28.05,72.21,6.572,0.0573,0.0696
PHB_06686,Early Disease,1,0.6144,0.377,0.7698,25.497,1.2054,26.441,64.742,6.535,0.0371,0.0289
PHB_03195,Moderate Illness,2,0.3903,0.462,0.6292,31.291,1.3153,24.897,77.461,5.844,0.0536,0.0737
PHB_01942,Early Disease,1,0.6756,0.3985,0.7198,24.944,1.2112,26.618,53.884,6.377,0.0421,0.0517
PHB_07714,Healthy,0,0.8798,0.1641,0.9239,24.671,1.1908,24.852,57.951,6.625,0.0145,0.0303
PHB_04897,Healthy,0,0.8321,0.0115,0.7738,24.848,1.1724,21.304,61.017,6.403,0.0174,0.0359
PHB_04783,Severe Disease,3,0.3482,0.7373,0.6149,26.776,1.3951,27.246,76.685,5.954,0.0677,0.0789
PHB_01497,Severe Disease,3,0.3955,0.7638,0.4841,27.368,1.524,26.081,62.598,5.966,0.0552,0.0667
PHB_01958,Healthy,0,0.815,0.1415,0.9462,24.907,1.1086,24.384,65.722,6.305,0.0304,0.0528
PHB_09172,Moderate Illness,2,0.569,0.6,0.5932,25.826,1.4191,22.889,74.247,6.478,0.0394,0.057
PHB_09746,Severe Disease,3,0.358,0.7807,0.4389,28.238,1.3885,23.746,58.782,6.297,0.0618,0.0874
PHB_07333,Early Disease,1,0.6289,0.3992,0.7397,25.976,1.0336,25.573,74.908,6.382,0.0355,0.0233
PHB_07950,Severe Disease,3,0.3693,0.7011,0.4316,27.211,1.4305,26.727,65.836,6.623,0.0526,0.0835
PHB_03018,Healthy,0,0.8976,0.1342,1.0687,24.441,1.0702,24.68,58.408,6.655,0.0284,0.026
PHB_06747,Moderate Illness,2,0.439,0.5176,0.5927,25.856,1.2316,27.517,62.831,6.007,0.0672,0.0535
PHB_00514,Early Disease,1,0.6517,0.2717,0.6931,24.498,1.1356,25.086,52.827,6.226,0.0428,0.0402
PHB_03935,Early Disease,1,0.5942,0.4541,0.7593,25.224,1.1943,23.477,68.929,6.374,0.0175,0.0438
PHB_03026,Healthy,0,0.8458,0.1458,0.8719,24.404,1.1355,26.509,52.98,6.608,0.0367,0.046
PHB_01200,Moderate Illness,2,0.4847,0.5007,0.5829,26.245,1.2658,22.618,67.319,6.292,0.0573,0.0544
PHB_05029,Moderate Illness,2,0.4859,0.4772,0.6628,26.464,1.1985,23.406,62.408,6.866,0.0411,0.0658
PHB_09785,Moderate Illness,2,0.5567,0.4851,0.5152,26.656,1.3102,25.702,61.77,5.684,0.0506,0.0376
PHB_00922,Severe Disease,3,0.4028,0.6644,0.4315,27.0,2.0,24.575,51.252,6.491,0.049,0.0559
PHB_04650,Early Disease,1,0.6463,0.3254,0.8707,26.11,1.1507,22.332,62.42,6.733,0.0197,0.0331
PHB_05333,Healthy,0,0.9182,0.0942,0.9192,25.674,1.2896,26.131,73.654,6.629,0.0153,0.0322
PHB_01077,Moderate Illness,2,0.4199,0.4798,0.7185,26.879,1.2246,25.128,63.677,6.431,0.0312,0.0657
PHB_06769,Severe Disease,3,0.3042,0.6982,0.4813,28.038,1.3571,27.236,70.617,6.316,0.0518,0.069
PHB_09411,Early Disease,1,0.6825,0.3249,0.7414,25.603,1.0436,20.736,72.098,6.537,0.0404,0.0449
PHB_01672,Moderate Illness,2,0.5491,0.5594,0.6229,26.031,1.2606,22.822,64.059,6.138,0.0358,0.0313
PHB_00475,Early Disease,1,0.6632,0.2921,0.7349,24.996,1.2986,26.681,64.063,6.292,0.042,0.0464
PHB_09187,Moderate Illness,2,0.5199,0.544,0.7093,27.722,1.3019,25.191,61.669,6.243,0.0411,0.0575
PHB_08840,Moderate Illness,2,0.4599,0.5332,0.6044,26.415,1.0102,24.175,69.96,6.38,0.0505,0.0671
PHB_05759,Healthy,0,0.8033,0.2196,0.8736,24.398,1.2288,27.035,73.191,6.251,0.018,0.04
PHB_06298,Moderate Illness,2,0.5412,0.5836,0.6685,26.301,1.2274,27.427,66.438,6.149,0.05,0.0579
PHB_02479,Early Disease,1,0.6912,0.3302,0.7337,26.042,1.108,21.271,69.714,6.384,0.0421,0.0565
PHB_05494,Early Disease,1,0.5531,0.2777,0.6511,26.388,1.1175,22.53,71.946,6.356,0.027,0.0504
PHB_03915,Early Disease,1,0.6638,0.3197,0.6805,26.972,1.2642,19.953,72.675,5.945,0.029,0.0664
PHB_02139,Severe Disease,3,0.2649,0.7026,0.4333,26.718,1.1755,24.087,63.141,6.317,0.0539,0.0668
PHB_05455,Severe Disease,3,0.2679,0.7224,0.4206,27.653,1.5626,27.737,61.628,6.069,0.0701,0.0798
PHB_05380,Severe Disease,3,0.3995,0.8152,0.4785,27.809,1.5069,20.445,70.719,6.031,0.0528,0.0707
PHB_08986,Moderate Illness,2,0.4388,0.5396,0.7303,25.585,1.2756,23.832,69.42,6.363,0.038,0.0492
PHB_04024,Severe Disease,3,0.3928,0.7256,0.4398,28.261,1.412,28.261,65.062,6.061,0.0567,0.0586
PHB_03486,Moderate Illness,2,0.518,0.5703,0.5371,26.781,1.3222,25.513,62.988,6.303,0.0447,0.0505
PHB_02456,Moderate Illness,2,0.484,0.5836,0.7554,26.082,1.2302,22.478,67.045,6.358,0.0559,0.0669
PHB_02465,Healthy,0,0.7544,0.2163,0.8681,23.962,1.1135,26.277,74.069,6.517,0.0307,0.0335
PHB_08697,Healthy,0,0.8967,0.1973,0.9721,23.54,1.1754,23.889,67.723,6.578,0.0296,0.0446
PHB_01370,Early Disease,1,0.7612,0.3437,0.7795,23.453,1.1675,26.763,64.481,6.296,0.04,0.0358
PHB_06689,Moderate Illness,2,0.4826,0.5304,0.5769,27.493,1.1777,25.326,59.104,6.264,0.0478,0.0504
PHB_07457,Moderate Illness,2,0.4994,0.5152,0.6117,25.991,1.1357,26.725,76.101,6.063,0.0343,0.061
PHB_09975,Moderate Illness,2,0.4709,0.5071,0.633,25.553,1.1898,26.186,68.022,6.685,0.0475,0.0774
PHB_01902,Healthy,0,0.8295,0.0931,0.9189,24.068,1.126,25.88,64.765,6.763,0.0281,0.0358
PHB_04872,Healthy,0,0.9097,0.2437,0.8743,24.629,1.0913,23.966,58.455,6.313,0.0077,0.0264
PHB_04711,Severe Disease,3,0.4275,0.6907,0.3825,27.855,1.3393,28.219,63.665,6.219,0.0783,0.06
PHB_07887,Early Disease,1,0.6234,0.2138,0.74,26.027,1.4536,24.601,53.824,6.107,0.0579,0.0436
PHB_01794,Moderate Illness,2,0.4624,0.4465,0.696,26.033,1.464,22.98,63.353,6.084,0.0419,0.0688
PHB_02875,Healthy,0,0.827,0.2252,0.9501,23.802,1.9302,25.63,64.476,6.383,0.0299,0.0449
PHB_06218,Moderate Illness,2,0.4162,0.4868,0.6149,25.792,1.3082,26.899,68.114,6.499,0.0413,0.0638
PHB_05214,Severe Disease,3,0.3546,0.7553,0.4777,28.262,1.3785,21.229,59.05,6.19,0.0789,0.0643
PHB_02246,Healthy,0,0.7366,0.1796,1.045,24.407,1.0676,27.553,68.621,6.156,0.0312,0.0318
PHB_01742,Healthy,0,0.8387,0.158,0.796,24.37,1.1759,24.509,68.876,6.385,0.0274,0.0229
PHB_01021,Severe Disease,3,0.3612,0.6678,0.4382,26.36,1.5073,26.339,55.233,6.411,0.0664,0.0795
PHB_00706,Moderate Illness,2,0.4796,0.5664,0.7133,25.989,1.3266,27.24,62.765,6.261,0.045,0.0655
PHB_04295,Severe Disease,3,0.2952,0.6699,0.4641,26.842,1.4649,25.005,69.904,5.94,0.0603,0.0656
PHB_05577,Severe Disease,3,0.3852,0.7312,0.3181,28.139,1.2933,23.956,58.797,6.133,0.0585,0.0584
PHB_07167,Moderate Illness,2,0.4998,0.6234,0.5586,25.816,1.4063,28.767,68.696,6.496,0.0431,0.0523
PHB_08178,Moderate Illness,2,0.5135,0.5195,0.672,27.925,1.6061,23.978,61.076,6.539,0.049,0.076
PHB_00909,Early Disease,1,0.6702,0.2068,0.6814,25.336,1.2399,23.375,71.471,6.079,0.0277,0.0633
PHB_05194,Moderate Illness,2,0.6166,0.513,0.6306,26.32,1.3267,24.388,73.906,6.107,0.0624,0.0595
PHB_03078,Moderate Illness,2,0.5338,0.5572,0.6655,26.473,1.208,23.505,61.837,6.188,0.0516,0.0575
PHB_09367,Moderate Illness,2,0.5456,0.4805,0.6446,26.245,1.2882,29.205,61.402,6.349,0.0624,0.0522
PHB_00595,Healthy,0,0.8195,0.1269,0.9653,23.262,1.0952,27.437,58.253,6.372,0.02,0.0336
PHB_05305,Healthy,0,0.805,0.1085,0.9009,24.269,0.9311,26.61,69.481,6.285,0.0346,0.0339
PHB_00441,Severe Disease,3,0.3154,0.7718,0.4734,27.905,1.3577,24.724,66.912,6.331,0.0551,0.0772
PHB_07607,Severe Disease,3,0.2137,0.6504,0.496,28.229,1.4277,25.612,66.999,6.483,0.0574,0.0433
PHB_04093,Severe Disease,3,0.3582,0.7904,0.5101,27.312,1.392,17.991,47.459,6.398,0.056,0.0699
PHB_06135,Early Disease,1,0.7119,0.2652,0.8372,25.789,1.2749,22.741,66.273,6.483,0.0424,0.0497
PHB_00011,Early Disease,1,0.8719,0.3339,0.6556,25.988,1.2562,25.103,66.088,6.346,0.0188,0.0446
PHB_03777,Moderate Illness,2,0.5215,0.6054,0.5783,26.491,1.2881,20.626,63.215,6.427,0.0625,0.0524
PHB_09000,Moderate Illness,2,0.484,0.5536,0.5481,27.381,1.3333,30.068,67.472,6.219,0.0557,0.0418
PHB_03709,Early Disease,1,0.6102,0.3892,0.7024,27.051,1.1226,23.455,79.212,6.576,0.0345,0.0725
PHB_03781,Healthy,0,0.8317,0.1587,0.7294,24.205,1.0627,27.55,59.195,6.679,0.0239,0.0141
PHB_00094,Early Disease,1,0.6791,0.2703,0.7311,25.913,1.1118,25.643,73.795,6.496,0.0393,0.049
PHB_09240,Severe Disease,3,0.4099,0.755,0.4575,27.24,1.3779,22.73,61.194,6.124,0.0657,0.0821
PHB_03950,Early Disease,1,0.6953,0.375,0.7602,24.864,1.0682,21.139,77.007,6.533,0.0458,0.0599
PHB_05786,Moderate Illness,2,0.5432,0.5577,0.6943,27.493,1.4748,24.203,63.043,5.773,0.0472,0.0557
PHB_04871,Early Disease,1,0.7306,0.2632,0.7082,25.687,1.2481,21.694,67.586,6.205,0.0312,0.0601
PHB_04803,Healthy,0,0.821,0.0661,0.7694,23.444,1.0537,26.34,73.569,6.451,0.0201,0.045
PHB_04868,Healthy,0,0.757,0.1881,0.9288,23.079,1.2027,28.275,62.256,6.615,0.0208,0.0364
PHB_00293,Severe Disease,3,0.321,0.6326,0.3868,26.137,1.346,22.056,61.247,6.099,0.0636,0.0647
PHB_07889,Moderate Illness,2,0.5423,0.5272,0.5388,26.97,1.0537,27.1,54.327,6.163,0.0501,0.0577
PHB_07406,Healthy,0,0.7195,0.1432,0.8401,23.203,1.1906,22.216,63.449,6.866,0.0285,0.0435
PHB_05596,Moderate Illness,2,0.4674,0.4992,0.5951,27.774,1.471,23.81,67.3,6.386,0.0636,0.055
PHB_02887,Healthy,0,0.8202,0.0943,0.7852,24.678,1.0365,22.81,75.393,6.417,0.0266,0.0507
PHB_06455,Moderate Illness,2,0.4036,0.5212,0.7238,26.496,1.2318,23.463,62.358,6.382,0.0328,0.0502
PHB_02543,Early Disease,1,0.6708,0.2306,0.7625,25.094,1.3285,26.393,67.523,6.412,0.0224,0.0729
PHB_01766,Healthy,0,0.7573,0.1972,0.898,24.321,1.1473,24.901,71.783,6.357,0.0211,0.0309
PHB_06801,Early Disease,1,0.6582,0.3207,0.7537,25.591,1.0063,26.739,65.499,6.802,0.0304,0.0436
PHB_01878,Early Disease,1,0.6727,0.2712,0.6884,24.993,1.1614,24.881,69.916,6.369,0.0346,0.0406
PHB_01982,Early Disease,1,0.6563,0.3827,0.7076,25.232,1.2997,25.566,59.094,6.314,0.0383,0.0454
PHB_09730,Severe Disease,3,0.2838,0.7176,0.4413,27.0,1.4386,22.396,59.991,6.204,0.0717,0.065
PHB_09609,Severe Disease,3,0.4966,0.8233,0.4922,27.77,1.3706,24.232,70.652,6.447,0.0674,0.0466
PHB_02686,Moderate Illness,2,0.441,0.4965,0.5683,26.206,1.3383,21.382,66.882,6.141,0.044,0.0914
PHB_08931,Moderate Illness,2,0.5517,0.5124,0.6751,26.871,1.395,26.945,63.395,6.02,0.0378,0.053
PHB_03459,Healthy,0,0.8577,0.1408,0.9127,23.671,1.3424,22.839,77.34,6.059,0.0165,0.0246
PHB_04542,Healthy,0,0.8033,0.1623,0.7931,24.118,1.0716,23.879,78.522,6.1,0.0257,0.0372
PHB_02179,Early Disease,1,0.6785,0.3078,0.7531,26.669,1.3184,26.374,67.233,6.237,0.0366,0.0598
PHB_04451,Severe Disease,3,0.4473,0.7385,0.5419,27.066,1.3426,26.338,59.191,6.347,0.0662,0.0688
PHB_03860,Healthy,0,0.8043,0.1236,0.8876,25.443,0.9291,26.169,72.064,6.319,0.0319,0.0534
PHB_07624,Healthy,0,0.7683,0.0758,0.8717,24.347,0.9983,28.713,74.819,6.309,0.0349,0.0155
PHB_07655,Healthy,0,0.7815,0.1437,0.9225,24.63,1.0788,25.272,59.384,6.561,0.0312,0.0387
PHB_04520,Healthy,0,0.764,0.2533,0.8881,24.793,1.3082,27.767,82.352,6.39,0.0153,0.0307
PHB_02518,Healthy,0,0.7579,0.1784,0.8934,24.545,1.1341,23.551,64.727,6.449,0.0323,0.0241
PHB_04837,Healthy,0,0.7599,0.1738,0.8909,24.251,0.99,25.255,69.943,6.598,0.0286,0.0432
PHB_02886,Healthy,0,0.8649,0.1111,0.8051,24.831,1.2062,28.426,68.807,6.347,0.0207,0.005
PHB_07282,Healthy,0,0.8171,0.2157,0.9358,25.524,1.1316,26.414,60.155,6.319,0.0411,0.0318
PHB_06256,Severe Disease,3,0.2851,0.6676,0.4802,27.643,1.4614,23.4,60.521,6.187,0.0702,0.0611
PHB_04540,Early Disease,1,0.7455,0.4191,0.6693,24.833,1.2005,29.903,70.401,6.627,0.0451,0.0318
PHB_05640,Moderate Illness,2,0.4864,0.541,0.6791,25.729,1.2446,25.429,61.381,5.88,0.0484,0.0646
PHB_09460,Severe Disease,3,0.2538,0.7497,0.5773,25.669,1.0752,22.891,68.287,6.549,0.0605,0.0611
PHB_03482,Moderate Illness,2,0.5458,0.5313,0.5153,26.047,1.489,24.407,67.765,6.408,0.058,0.0541
PHB_01278,Healthy,0,0.8208,0.1225,0.8742,23.641,0.9462,25.566,59.681,6.817,0.0285,0.0247
PHB_03147,Moderate Illness,2,0.3647,0.5408,0.5625,25.671,1.2434,23.101,60.264,6.074,0.0497,0.0513
PHB_08263,Severe Disease,3,0.2565,0.7271,0.4335,26.638,1.543,28.627,58.562,6.078,0.0659,0.0847
PHB_03206,Early Disease,1,0.5509,0.3023,0.7755,25.862,1.2199,25.235,76.187,6.503,0.0308,0.0477
PHB_09893,Healthy,0,0.8253,0.0777,0.9962,24.409,1.0103,26.065,64.469,6.572,0.0251,0.0307
PHB_02743,Healthy,0,0.825,0.1469,0.8445,25.061,1.1143,25.612,67.746,6.076,0.0114,0.0364
PHB_06077,Moderate Illness,2,0.4481,0.526,0.6085,27.414,1.0802,23.701,73.209,6.405,0.0463,0.0663
PHB_04048,Early Disease,1,0.6111,0.3424,0.7619,25.292,1.1738,23.273,66.358,6.493,0.0207,0.0331
PHB_05732,Severe Disease,3,0.3777,0.7685,0.3955,27.652,1.4659,27.674,69.888,6.166,0.0498,0.0788
PHB_02946,Early Disease,1,0.6228,0.3579,0.7145,26.054,1.2229,28.415,72.395,6.153,0.0404,0.0529
PHB_05791,Severe Disease,3,0.2549,0.7419,0.4528,26.892,1.4508,23.947,65.788,5.895,0.0716,0.0643
PHB_06795,Moderate Illness,2,0.5396,0.5746,0.5305,26.795,1.2891,25.861,69.652,6.789,0.0576,0.0506
PHB_06544,Moderate Illness,2,0.4619,0.5372,0.7613,26.878,1.2882,25.278,67.923,6.391,0.0471,0.0536
PHB_00701,Healthy,0,0.8075,0.1474,0.8156,22.533,1.121,24.318,65.973,6.632,0.0294,0.0548
PHB_03575,Early Disease,1,0.5962,0.2329,0.6577,25.336,1.2206,22.898,55.752,6.367,0.0637,0.0292
PHB_07700,Moderate Illness,2,0.6127,0.3443,0.6793,25.895,1.3702,23.747,70.232,6.415,0.0315,0.0552
PHB_02516,Severe Disease,3,0.201,0.729,0.5148,27.708,1.5065,25.103,46.501,6.208,0.0525,0.0547
PHB_03001,Severe Disease,3,0.2207,0.7686,0.5593,27.508,1.3842,26.71,59.976,6.238,0.0672,0.0652
PHB_05821,Moderate Illness,2,0.5038,0.5453,0.5118,25.89,1.352,23.496,72.957,6.12,0.0347,0.0532
PHB_08582,Early Disease,1,0.6543,0.272,0.738,25.67,1.3783,26.119,58.198,6.221,0.0258,0.0336
PHB_03685,Healthy,0,0.7925,0.1673,0.9064,23.917,1.0583,25.405,68.078,6.539,0.0281,0.0217
PHB_02996,Early Disease,1,0.6146,0.2597,0.6892,25.848,1.1154,26.626,70.69,6.365,0.0229,0.0316
PHB_04253,Healthy,0,0.8708,0.0919,0.8461,25.236,1.2798,22.968,70.798,6.378,0.0282,0.0326
PHB_03412,Healthy,0,0.7547,0.0335,0.8814,24.301,1.0354,28.094,57.215,6.911,0.0123,0.0189
PHB_07963,Moderate Illness,2,0.5839,0.4819,0.6081,26.245,1.5679,23.91,55.621,6.291,0.0362,0.0593
PHB_06310,Moderate Illness,2,0.4451,0.577,0.5828,24.96,1.3352,25.814,63.896,6.439,0.0687,0.0444
PHB_08612,Moderate Illness,2,0.4933,0.5025,0.5069,27.227,1.0574,25.438,73.011,6.25,0.0417,0.062
PHB_05013,Healthy,0,0.76,0.2181,0.9735,24.395,0.9824,28.165,77.796,6.072,0.0358,0.0242
PHB_07751,Severe Disease,3,0.3337,0.6785,0.4574,27.577,1.4139,21.505,59.48,5.999,0.0587,0.0541
PHB_05980,Moderate Illness,2,0.5054,0.4471,0.5569,25.731,1.3111,25.605,54.515,6.106,0.0461,0.0611
PHB_04049,Early Disease,1,0.6898,0.3186,0.7287,25.26,1.2616,25.707,65.817,6.633,0.0386,0.0382
PHB_04900,Severe Disease,3,0.4174,0.7363,0.3898,26.675,1.5292,27.99,57.629,6.144,0.061,0.0475
PHB_01319,Moderate Illness,2,0.4381,0.6062,0.7492,27.018,1.346,23.759,62.849,6.304,0.0629,0.0472
PHB_09773,Moderate Illness,2,0.5714,0.4417,0.6109,24.983,1.2953,23.922,68.509,6.365,0.0504,0.0673
PHB_09138,Moderate Illness,2,0.4812,0.4911,0.6024,25.995,1.4067,25.407,62.937,6.191,0.0628,0.0558
PHB_07143,Severe Disease,3,0.3618,0.5966,0.4946,26.0,1.3325,24.147,55.504,6.058,0.0584,0.0821
PHB_01898,Early Disease,1,0.6865,0.4121,0.7439,24.498,1.2261,24.823,71.354,6.535,0.013,0.0643
PHB_07466,Healthy,0,0.9098,0.116,0.8301,25.239,0.9819,24.132,66.623,6.456,0.0187,0.005
PHB_00604,Moderate Illness,2,0.4107,0.4899,0.6104,27.556,1.4374,24.907,66.233,6.037,0.069,0.0493
PHB_02847,Healthy,0,0.8408,0.1351,0.999,24.1,1.1028,28.616,50.917,6.4,0.0146,0.0428
PHB_08208,Early Disease,1,0.6126,0.237,0.6529,24.994,1.1617,25.399,59.171,6.395,0.034,0.0587
PHB_00394,Moderate Illness,2,0.4738,0.6877,0.5229,26.347,1.0966,26.565,63.115,6.237,0.0678,0.0662
PHB_04437,Severe Disease,3,0.3894,0.6883,0.5232,27.825,1.4068,22.355,57.423,6.297,0.058,0.0612
PHB_09448,Moderate Illness,2,0.4841,0.5283,0.6341,27.127,1.263,22.474,74.387,6.247,0.0673,0.0517
PHB_07235,Moderate Illness,2,0.5719,0.5756,0.6437,26.658,1.4884,24.842,64.749,6.207,0.0588,0.0657
PHB_05399,Moderate Illness,2,0.4288,0.4296,0.6132,26.268,1.1962,24.59,48.094,6.449,0.0562,0.0523
PHB_00096,Moderate Illness,2,0.5486,0.4816,0.6257,26.505,1.4213,26.088,69.835,5.799,0.0489,0.0498
PHB_01663,Severe Disease,3,0.3786,0.7507,0.4526,27.112,1.4365,23.751,68.097,5.748,0.0697,0.076
PHB_08971,Severe Disease,3,0.3253,0.6926,0.431,27.787,1.3862,21.757,58.856,6.001,0.0723,0.0628
PHB_05131,Early Disease,1,0.671,0.3246,0.834,26.183,1.3751,21.912,53.712,6.327,0.0326,0.069
PHB_01489,Severe Disease,3,0.3372,0.6842,0.3194,27.442,1.4477,24.107,67.5,6.417,0.0565,0.0818
PHB_08317,Severe Disease,3,0.2226,0.7155,0.4505,27.378,1.3059,24.576,62.384,5.964,0.0723,0.0957
PHB_02708,Healthy,0,0.7478,0.0802,0.8678,25.249,0.9486,26.09,81.482,6.638,0.026,0.0561
PHB_01596,Moderate Illness,2,0.3996,0.6303,0.6388,26.784,1.4783,22.975,67.587,5.992,0.0532,0.0495
PHB_09278,Healthy,0,0.731,0.0,0.825,24.757,1.0544,24.768,69.376,6.069,0.026,0.0357
PHB_02378,Moderate Illness,2,0.5215,0.5683,0.6163,26.563,1.3371,24.566,66.467,6.381,0.0388,0.0721
PHB_05141,Moderate Illness,2,0.5683,0.4806,0.778,26.581,1.1564,25.448,75.992,6.303,0.0661,0.0504
PHB_06148,Early Disease,1,0.7086,0.3259,0.6604,27.092,1.3284,24.799,67.517,6.766,0.0439,0.073
PHB_08242,Severe Disease,3,0.3071,0.7275,0.5518,27.315,1.4348,27.104,63.519,6.393,0.0378,0.0886
PHB_03949,Severe Disease,3,0.3713,0.768,0.4086,27.605,1.4175,22.686,63.439,6.092,0.0707,0.0655
PHB_03934,Healthy,0,0.8808,0.2165,0.7837,25.096,1.1263,27.669,67.117,6.323,0.0217,0.0236
PHB_04798,Early Disease,1,0.6759,0.2889,0.7336,25.483,1.1314,25.374,68.797,6.569,0.0311,0.0345
PHB_04373,Moderate Illness,2,0.4978,0.5464,0.4821,27.343,1.2825,23.858,64.638,5.995,0.0434,0.0643
PHB_09863,Healthy,0,0.7457,0.0411,0.8084,24.89,1.0543,26.125,48.538,6.489,0.027,0.0557
PHB_08243,Severe Disease,3,0.3394,0.6973,0.4224,27.849,1.5302,26.654,64.942,6.109,0.0762,0.0675
PHB_03449,Early Disease,1,0.6156,0.3924,0.7981,25.729,1.2153,25.817,65.286,6.704,0.0351,0.0537
PHB_02944,Healthy,0,0.7869,0.1078,0.8694,24.302,1.2768,26.437,50.279,6.452,0.0286,0.0246
PHB_02466,Moderate Illness,2,0.4564,0.5593,0.5792,26.496,1.1907,24.101,69.811,6.01,0.0353,0.0543
PHB_08583,Moderate Illness,2,0.4455,0.4732,0.6153,27.362,1.2024,26.847,59.004,6.499,0.0448,0.0815
PHB_05507,Healthy,0,0.8608,0.1027,0.9952,23.986,1.0807,23.349,72.975,6.377,0.0268,0.0148
PHB_02699,Early Disease,1,0.5707,0.2319,0.8474,25.378,1.2215,24.772,60.549,6.511,0.0432,0.0436
PHB_02448,Early Disease,1,0.6311,0.2916,0.7474,26.115,1.1773,23.567,66.479,6.293,0.06,0.0422
PHB_00020,Moderate Illness,2,0.5674,0.4365,0.6219,24.74,1.126,26.753,71.015,6.476,0.0488,0.0771
PHB_02749,Early Disease,1,0.6672,0.3216,0.8349,24.889,1.3001,20.923,64.333,6.386,0.0601,0.059
PHB_05400,Healthy,0,0.8819,0.1627,0.9153,24.86,1.1235,26.699,65.27,6.52,0.0146,0.0443
PHB_08079,Severe Disease,3,0.3056,0.7367,0.391,25.74,1.2311,22.76,71.674,6.197,0.0626,0.0771
PHB_06872,Moderate Illness,2,0.4797,0.4661,0.6861,26.041,1.3099,21.816,79.496,6.259,0.0634,0.0777
PHB_04709,Healthy,0,0.827,0.1707,0.9361,24.472,0.9915,23.673,75.38,6.229,0.0237,0.0412
PHB_09477,Moderate Illness,2,0.5012,0.4027,0.5605,26.468,1.1904,23.051,58.519,6.199,0.0595,0.0535
PHB_00810,Severe Disease,3,0.3345,0.7245,0.4849,26.924,1.3226,23.236,66.152,5.857,0.0624,0.0537
PHB_07478,Early Disease,1,0.6726,0.4334,0.7577,25.567,1.1824,25.968,56.748,5.988,0.0259,0.0239
PHB_02274,Severe Disease,3,0.3328,0.6442,0.4594,27.039,1.2866,24.764,50.523,6.016,0.0589,0.0621
PHB_01924,Early Disease,1,0.7466,0.2456,0.7835,26.354,1.2209,28.013,55.299,6.562,0.0263,0.0424
PHB_01471,Severe Disease,3,0.3704,0.7368,0.5243,26.232,1.4707,29.057,73.775,5.983,0.0572,0.0814
PHB_07935,Moderate Illness,2,0.4476,0.443,0.6289,25.801,1.1429,24.825,70.383,6.056,0.052,0.036
PHB_07408,Moderate Illness,2,0.4873,0.4498,0.541,26.385,1.2769,24.326,71.066,6.218,0.057,0.0474
PHB_02407,Moderate Illness,2,0.5346,0.5105,0.626,26.039,1.3096,24.821,72.203,6.426,0.0289,0.0785
PHB_01143,Severe Disease,3,0.3473,0.8192,0.3639,27.15,1.5018,25.653,70.209,6.461,0.0631,0.0755
PHB_01748,Moderate Illness,2,0.449,0.5064,0.5492,25.619,1.2592,24.55,58.306,6.699,0.0532,0.0591
PHB_05710,Moderate Illness,2,0.5123,0.4569,0.6451,26.634,1.4024,28.327,64.638,6.431,0.0625,0.0708
PHB_04976,Early Disease,1,0.7736,0.3518,0.6977,26.427,1.3884,24.716,71.783,6.694,0.0419,0.0326
PHB_07301,Early Disease,1,0.7263,0.3382,0.8936,24.785,1.266,26.314,65.951,6.169,0.027,0.0411
PHB_08149,Severe Disease,3,0.3687,0.7201,0.421,27.218,1.3513,25.796,51.199,6.297,0.0776,0.0569
PHB_02834,Severe Disease,3,0.3936,0.6973,0.4506,27.153,1.532,20.922,74.476,6.506,0.0625,0.061
PHB_03132,Severe Disease,3,0.3275,0.7537,0.5178,28.017,1.3679,22.875,57.006,6.174,0.0573,0.066
PHB_01311,Early Disease,1,0.701,0.2303,0.7362,24.266,1.0318,22.414,60.548,6.594,0.0442,0.0334
PHB_08651,Early Disease,1,0.7257,0.2987,0.6265,23.868,1.1045,25.043,53.127,6.236,0.0446,0.0586
PHB_06775,Moderate Illness,2,0.5208,0.5324,0.5621,26.57,1.1695,24.721,61.75,6.384,0.0643,0.0472
PHB_06757,Severe Disease,3,0.3716,0.8729,0.2994,26.488,1.1859,29.148,66.94,6.348,0.0583,0.0609
PHB_00621,Severe Disease,3,0.3618,0.8142,0.4152,26.95,1.3195,25.085,70.173,5.994,0.0464,0.0553
PHB_02702,Moderate Illness,2,0.4574,0.5441,0.6019,26.562,1.3567,25.842,70.013,6.155,0.0437,0.0485
PHB_02200,Moderate Illness,2,0.5075,0.4311,0.5085,26.323,1.3917,21.768,60.177,6.027,0.0566,0.0737
PHB_06197,Severe Disease,3,0.3138,0.7632,0.4543,27.225,1.1995,26.124,61.56,6.216,0.0612,0.0731
PHB_08825,Severe Disease,3,0.4631,0.6603,0.335,26.22,1.439,27.484,72.482,5.883,0.0431,0.0829
PHB_01047,Healthy,0,0.7621,0.0762,0.8847,24.349,1.0625,24.077,62.96,6.632,0.0208,0.0288
PHB_05769,Early Disease,1,0.5852,0.2874,0.7679,25.322,1.3296,26.522,74.412,6.177,0.0048,0.0545
PHB_09948,Healthy,0,0.746,0.111,0.846,25.716,1.117,25.371,74.942,6.531,0.0132,0.0307
PHB_09020,Severe Disease,3,0.3355,0.6814,0.4792,26.587,1.4447,24.728,75.002,6.308,0.0859,0.0652
PHB_00744,Healthy,0,0.871,0.1328,0.9293,23.31,1.0391,25.163,63.769,6.467,0.0462,0.0434
PHB_00223,Moderate Illness,2,0.392,0.5301,0.5107,27.732,1.1475,26.359,65.1,6.365,0.0297,0.0788
PHB_03150,Healthy,0,0.8036,0.2116,0.9486,23.432,1.0481,28.523,69.234,6.546,0.0314,0.0462
PHB_00626,Early Disease,1,0.6664,0.3858,0.7814,25.55,1.1363,24.778,75.281,6.207,0.0456,0.0372
PHB_09335,Moderate Illness,2,0.6489,0.5014,0.5874,25.918,1.2797,26.866,58.938,6.511,0.041,0.0362
PHB_07567,Healthy,0,0.7919,0.1177,0.8164,24.421,1.3119,27.259,63.498,6.526,0.0145,0.0305
PHB_04583,Severe Disease,3,0.3116,0.7615,0.3745,27.581,1.3165,27.551,62.418,6.152,0.051,0.1
PHB_05712,Moderate Illness,2,0.4981,0.5688,0.639,26.634,1.3164,24.777,72.495,6.152,0.0406,0.0479
PHB_03285,Healthy,0,0.8216,0.1554,0.8922,24.273,1.0285,26.417,70.54,6.097,0.0488,0.047
PHB_07586,Early Disease,1,0.5889,0.3316,0.6959,24.952,1.2531,24.409,61.909,6.178,0.0292,0.0408
PHB_09647,Early Disease,1,0.6638,0.3554,0.7381,25.117,1.153,24.581,60.947,6.504,0.032,0.0382
PHB_01531,Early Disease,1,0.7101,0.3581,0.7213,26.469,1.1753,23.565,70.405,6.335,0.0445,0.0555
PHB_09686,Healthy,0,0.6676,0.1525,0.9395,25.075,0.9933,26.304,64.286,6.559,0.0304,0.0351
PHB_00354,Moderate Illness,2,0.453,0.4289,0.661,26.549,1.3594,23.3,80.669,6.514,0.0444,0.0388
PHB_02475,Early Disease,1,0.5935,0.325,0.7733,24.355,1.3144,25.782,62.368,6.451,0.0465,0.0352
PHB_08014,Early Disease,1,0.5914,0.2936,0.706,25.391,1.1836,27.499,60.505,6.284,0.0104,0.0638
PHB_06476,Healthy,0,0.9374,0.1864,0.853,25.27,1.161,25.896,66.845,6.778,0.0226,0.0086
PHB_06450,Severe Disease,3,0.311,0.7577,0.3652,27.925,1.3917,24.168,47.74,6.384,0.0565,0.0858
PHB_00240,Healthy,0,0.7314,0.0551,0.7157,24.199,0.9756,24.705,63.968,6.788,0.0162,0.0422
PHB_02626,Early Disease,1,0.5868,0.3179,0.9013,25.959,1.1882,20.888,66.12,5.95,0.057,0.0546
PHB_09787,Healthy,0,0.8335,0.1688,0.9691,25.484,1.1335,28.59,64.931,6.429,0.038,0.0321
PHB_07199,Moderate Illness,2,0.4165,0.4951,0.6785,27.901,1.5023,24.897,59.962,6.44,0.0287,0.069
PHB_07693,Early Disease,1,0.6882,0.3223,0.6755,25.21,1.4353,25.921,71.024,6.207,0.0414,0.0606
PHB_02998,Healthy,0,0.8294,0.0593,1.0015,24.148,1.1299,24.549,62.099,6.309,0.0218,0.0578
PHB_06441,Early Disease,1,0.6118,0.3409,0.8526,26.114,1.1406,24.824,74.362,6.393,0.0276,0.0536
PHB_04563,Early Disease,1,0.6812,0.2543,0.6193,24.957,1.3628,25.236,82.185,6.555,0.038,0.0344
PHB_08615,Healthy,0,0.8612,0.1898,0.8833,25.571,0.9146,25.441,66.917,6.409,0.031,0.039
PHB_01480,Early Disease,1,0.6826,0.3618,0.8121,26.155,0.9296,26.042,53.041,6.389,0.0234,0.054
PHB_01019,Healthy,0,0.9385,0.0804,0.9344,24.679,1.0707,27.31,64.195,6.31,0.0309,0.0349
PHB_03095,Early Disease,1,0.5981,0.335,0.7072,26.284,1.2488,25.193,66.764,6.648,0.0346,0.0557
PHB_06183,Severe Disease,3,0.4198,0.6726,0.6043,27.145,1.2516,25.745,63.323,6.188,0.0596,0.0602
PHB_04961,Healthy,0,0.9227,0.1441,0.8775,24.821,0.9772,23.163,66.808,6.063,0.0433,0.0362
PHB_08493,Early Disease,1,0.6569,0.3591,0.7664,24.392,1.1071,23.924,70.78,6.404,0.0322,0.0487
PHB_01104,Severe Disease,3,0.3032,0.7148,0.5549,27.674,1.5055,25.047,59.445,6.021,0.0529,0.0648
PHB_06082,Healthy,0,0.8463,0.142,0.9345,23.468,1.2203,30.424,58.07,6.716,0.0164,0.0479
PHB_09526,Moderate Illness,2,0.5239,0.558,0.5226,27.217,1.3299,22.638,58.87,6.389,0.054,0.0448
PHB_05191,Moderate Illness,2,0.4906,0.5128,0.456,26.814,1.316,24.476,63.196,6.431,0.0375,0.0547
PHB_04182,Healthy,0,0.8826,0.05,0.9181,24.318,1.1217,25.388,71.067,6.669,0.0288,0.0191
PHB_04468,Moderate Illness,2,0.475,0.5279,0.7064,27.063,1.4462,21.786,63.558,6.183,0.0628,0.0813
PHB_01627,Early Disease,1,0.6642,0.317,0.651,24.435,1.1441,27.634,58.703,6.823,0.0503,0.027
PHB_06718,Severe Disease,3,0.3181,0.7183,0.5504,26.535,1.2952,22.265,73.402,5.75,0.063,0.0898
PHB_03799,Early Disease,1,0.6836,0.4111,0.6779,25.352,0.942,28.798,61.734,6.312,0.047,0.0516
PHB_03054,Severe Disease,3,0.4034,0.7887,0.4491,26.171,1.587,24.609,66.18,6.458,0.0576,0.0761
PHB_02868,Moderate Illness,2,0.4726,0.6184,0.5223,26.581,1.5144,23.0,61.575,6.457,0.0408,0.0483
PHB_01433,Healthy,0,0.8175,0.1319,0.9302,24.653,1.3149,23.175,63.477,6.355,0.0161,0.0084
PHB_07984,Severe Disease,3,0.295,0.693,0.4144,27.319,1.1846,26.465,72.205,6.175,0.0529,0.0599
PHB_09347,Early Disease,1,0.664,0.3275,0.6868,25.028,1.1064,22.21,63.039,6.349,0.0354,0.0452
PHB_09420,Severe Disease,3,0.3703,0.66,0.3455,29.006,1.4231,23.371,83.606,6.745,0.0757,0.0803
PHB_04077,Moderate Illness,2,0.5462,0.5,0.6352,27.205,1.2963,26.012,59.957,6.224,0.0411,0.0505
PHB_00218,Healthy,0,0.8536,0.1854,0.8584,23.201,0.855,25.07,76.862,6.643,0.0366,0.0366
PHB_03556,Severe Disease,3,0.3577,0.7154,0.4498,27.679,1.366,22.28,57.579,6.651,0.0595,0.0733
PHB_07937,Healthy,0,0.8537,0.0771,0.8708,24.425,1.1942,23.639,63.963,6.356,0.0341,0.0371
PHB_08422,Severe Disease,3,0.3786,0.6805,0.4805,27.347,1.4662,21.901,77.454,5.717,0.064,0.0667
PHB_01035,Early Disease,1,0.6371,0.2882,0.7784,25.801,1.1251,23.232,66.221,6.438,0.0353,0.0724
PHB_03774,Severe Disease,3,0.2748,0.7171,0.3639,27.506,1.4491,28.304,66.475,6.551,0.0597,0.0623
PHB_04133,Early Disease,1,0.7039,0.2667,0.7598,24.374,1.0953,28.216,64.681,6.083,0.0257,0.0516
PHB_02336,Moderate Illness,2,0.5086,0.6364,0.6011,25.705,1.4425,23.305,63.15,6.385,0.0637,0.0835
PHB_06493,Severe Disease,3,0.2684,0.661,0.4421,28.237,1.2867,22.071,57.625,6.015,0.0681,0.0714
PHB_01483,Moderate Illness,2,0.5811,0.6234,0.5986,25.791,1.2866,24.456,68.141,6.237,0.0552,0.0293
PHB_00907,Early Disease,1,0.5368,0.2574,0.7113,25.209,1.5983,24.224,67.893,6.247,0.0507,0.0644
PHB_06089,Early Disease,1,0.6763,0.4251,0.8137,24.548,1.2152,21.768,66.512,6.312,0.0248,0.0378
PHB_06467,Healthy,0,0.8012,0.1527,0.9097,23.845,0.8727,25.317,78.278,6.465,0.0235,0.0237
PHB_05677,Healthy,0,0.7946,0.0,0.8645,24.198,0.9813,25.006,74.758,6.436,0.0367,0.0509
PHB_02771,Healthy,0,0.8055,0.0422,0.7339,25.991,0.995,21.358,63.658,6.416,0.0399,0.04
PHB_01806,Moderate Illness,2,0.4595,0.5489,0.5473,26.68,1.5792,24.04,63.582,6.378,0.0386,0.0742
PHB_07375,Moderate Illness,2,0.5265,0.6179,0.6105,26.379,1.4301,26.547,66.484,5.781,0.0615,0.075
PHB_02115,Healthy,0,0.9523,0.0,0.8881,24.353,1.1055,24.727,69.32,6.834,0.0319,0.019
PHB_04535,Moderate Illness,2,0.4009,0.4684,0.448,26.237,1.2663,24.109,66.059,6.425,0.0551,0.077
PHB_02532,Moderate Illness,2,0.491,0.534,0.7062,25.167,1.2336,20.261,72.736,6.442,0.0399,0.0676
PHB_08526,Severe Disease,3,0.3952,0.7292,0.4066,27.249,1.63,24.936,70.923,6.419,0.0673,0.0622
PHB_03471,Early Disease,1,0.5717,0.3807,0.7497,26.849,1.2106,25.965,76.513,6.524,0.0335,0.0455
PHB_01403,Severe Disease,3,0.3136,0.7572,0.4551,27.793,1.432,29.9,62.632,6.752,0.089,0.0659
PHB_00853,Severe Disease,3,0.3115,0.6907,0.5734,28.792,1.4365,25.535,63.308,6.132,0.0608,0.0633
PHB_03083,Moderate Illness,2,0.5819,0.5155,0.5945,26.206,1.4939,25.405,62.646,6.218,0.0515,0.0565
PHB_08025,Healthy,0,0.7272,0.0548,1.0208,24.77,1.1543,27.57,69.502,6.606,0.0383,0.0327
PHB_07566,Severe Disease,3,0.379,0.8243,0.4744,28.373,1.3994,21.895,79.05,6.358,0.0736,0.0724
PHB_05530,Severe Disease,3,0.1937,0.7402,0.4772,27.143,1.3209,25.341,48.231,6.086,0.064,0.0658
PHB_07855,Early Disease,1,0.6967,0.2478,0.7784,25.802,1.1007,25.76,70.741,6.766,0.045,0.0563
PHB_04933,Severe Disease,3,0.3946,0.852,0.3705,27.44,1.5342,20.976,76.034,6.324,0.0576,0.0495
PHB_05160,Early Disease,1,0.7109,0.3056,0.7335,25.254,0.9997,25.397,68.835,6.183,0.0437,0.051
PHB_09716,Early Disease,1,0.5925,0.2883,0.7602,25.831,1.182,22.925,76.211,6.492,0.0366,0.0361
PHB_03847,Moderate Illness,2,0.538,0.4674,0.6814,27.179,1.4577,28.914,68.175,6.495,0.0469,0.0598
PHB_06484,Moderate Illness,2,0.5028,0.5254,0.6006,26.325,1.7469,27.71,61.264,6.288,0.0347,0.0592
PHB_00748,Early Disease,1,0.6882,0.1629,0.7342,26.376,1.1471,27.01,51.489,6.091,0.0403,0.0579
PHB_03035,Severe Disease,3,0.3484,0.7373,0.474,27.577,1.1973,24.879,71.065,6.182,0.0577,0.0741
PHB_00348,Early Disease,1,0.7065,0.3027,0.7444,26.113,1.1363,23.88,64.974,6.651,0.0469,0.0682
PHB_03352,Healthy,0,0.8616,0.1655,0.81,24.332,1.2651,25.88,56.648,6.383,0.0265,0.0321
PHB_02865,Early Disease,1,0.7992,0.3169,0.767,25.89,1.2827,27.794,61.981,6.484,0.0246,0.0452
PHB_02168,Early Disease,1,0.6571,0.3842,0.819,25.53,1.1055,23.671,71.174,6.29,0.0255,0.0486
PHB_06955,Moderate Illness,2,0.4656,0.485,0.5956,25.828,1.603,25.648,72.464,6.553,0.0321,0.0409
PHB_06210,Severe Disease,3,0.2991,0.8472,0.6113,28.398,1.379,21.58,65.976,6.521,0.0505,0.0668
PHB_02778,Moderate Illness,2,0.4463,0.5275,0.5631,26.193,1.227,21.329,68.616,6.304,0.0394,0.0446
PHB_01442,Healthy,0,0.8602,0.1603,0.8164,24.797,1.23,23.009,66.952,6.611,0.0158,0.0323
PHB_05658,Severe Disease,3,0.3751,0.7648,0.5268,27.187,1.4545,26.266,67.774,5.92,0.0575,0.0731
PHB_09658,Healthy,0,0.7486,0.1435,0.8627,25.102,0.9094,23.632,84.282,6.369,0.0037,0.0272
PHB_03028,Severe Disease,3,0.5029,0.7324,0.5902,27.027,1.151,22.9,65.409,6.013,0.0649,0.07
PHB_06118,Healthy,0,0.7854,0.1306,0.9225,23.572,1.08,22.374,63.705,6.633,0.0143,0.0154
PHB_02484,Early Disease,1,0.6826,0.3635,0.7768,24.469,1.2121,26.792,58.813,6.217,0.0247,0.026
PHB_02883,Moderate Illness,2,0.4524,0.3965,0.5545,24.826,1.4088,23.514,71.006,6.232,0.0488,0.0291
PHB_05562,Early Disease,1,0.7153,0.3504,0.7343,26.302,0.9888,26.062,61.602,6.625,0.0289,0.072
PHB_00764,Healthy,0,0.9393,0.0265,0.8195,24.61,1.1363,25.317,69.793,6.485,0.0206,0.0367
PHB_06482,Early Disease,1,0.7675,0.2643,0.6843,24.903,0.8848,27.581,76.88,6.423,0.045,0.0645
PHB_01617,Healthy,0,0.7606,0.1305,0.8365,24.528,1.0561,25.274,67.936,6.4,0.0281,0.0292
PHB_01223,Severe Disease,3,0.4618,0.6073,0.4863,28.181,1.5124,22.913,61.774,6.233,0.0661,0.0536
PHB_08665,Healthy,0,0.8549,0.0048,1.0193,30.142,1.1565,29.344,79.662,6.604,0.0305,0.0487
PHB_06222,Healthy,0,0.6733,0.1015,0.8344,25.288,1.0038,24.012,76.632,6.282,0.0217,0.0192
PHB_01577,Severe Disease,3,0.3331,0.7471,0.3914,27.541,1.4913,25.086,57.89,5.842,0.0658,0.0715
PHB_09392,Severe Disease,3,0.3381,0.7036,0.4191,26.641,1.5313,24.574,64.947,6.022,0.0373,0.0824
PHB_06351,Severe Disease,3,0.2774,0.6384,0.4152,30.414,1.3777,25.937,69.942,6.655,0.0542,0.0693
PHB_03783,Severe Disease,3,0.4848,0.6697,0.374,27.878,1.4009,27.568,55.999,6.228,0.0532,0.0752
PHB_04375,Moderate Illness,2,0.4684,0.499,0.5796,25.806,1.1059,23.86,66.195,6.086,0.0509,0.051
PHB_00709,Early Disease,1,0.7584,0.391,0.6677,25.949,1.2444,23.457,56.695,6.405,0.0327,0.0597
PHB_00510,Healthy,0,0.6826,0.1206,0.8874,24.415,1.0603,24.231,75.503,6.635,0.0386,0.0443
PHB_02955,Moderate Illness,2,0.5138,0.5699,0.5679,25.155,1.0692,24.793,50.439,6.165,0.0427,0.0753
PHB_07538,Severe Disease,3,0.3571,0.7902,0.5132,27.675,1.2397,29.101,56.676,6.114,0.0526,0.0602
PHB_06339,Healthy,0,0.8385,0.0473,0.8589,23.346,0.7685,24.031,68.626,6.688,0.004,0.0193
PHB_08923,Healthy,0,0.8283,0.2671,0.8355,24.519,0.893,27.941,67.282,6.631,0.017,0.045
PHB_07064,Healthy,0,0.888,0.2669,0.9048,24.454,1.0204,27.42,66.616,6.306,0.0239,0.0236
PHB_07163,Moderate Illness,2,0.4846,0.5484,0.6023,26.159,1.2098,22.928,55.187,6.043,0.0367,0.0703
PHB_07372,Severe Disease,3,0.3525,0.7292,0.428,27.631,1.4272,24.683,61.176,6.332,0.053,0.0696
PHB_06829,Moderate Illness,2,0.6145,0.5745,0.5662,26.863,1.3287,25.589,69.754,6.075,0.0374,0.0538
PHB_03616,Moderate Illness,2,0.5564,0.5529,0.5515,27.27,1.3174,26.752,64.614,6.297,0.0502,0.0409
PHB_04657,Severe Disease,3,0.2272,0.6955,0.5038,27.346,1.3607,26.812,47.687,6.401,0.0401,0.0715
PHB_06976,Healthy,0,0.7495,0.0819,0.8761,24.018,1.0731,21.383,77.482,6.554,0.0454,0.0359
PHB_04351,Healthy,0,0.8177,0.1357,0.8919,24.236,1.1136,22.359,63.252,6.751,0.0169,0.0382
PHB_00712,Moderate Illness,2,0.5242,0.4428,0.5767,25.484,1.301,26.031,64.538,6.193,0.041,0.0775
PHB_06479,Healthy,0,0.7346,0.1302,0.8928,24.446,1.1946,24.007,61.959,6.238,0.0234,0.0356
PHB_09130,Moderate Illness,2,0.4327,0.5325,0.7796,27.205,1.4293,21.452,71.881,6.698,0.0456,0.0689
PHB_08205,Early Disease,1,0.6956,0.3835,0.6631,25.631,1.2646,24.706,62.515,6.454,0.0371,0.029
PHB_09204,Early Disease,1,0.6089,0.3388,0.7717,26.203,1.1519,24.242,60.357,6.558,0.0382,0.0495
PHB_00713,Severe Disease,3,0.3663,0.6214,0.471,27.889,1.4739,23.944,56.032,5.982,0.0557,0.0783
PHB_09113,Early Disease,1,0.7226,0.3473,0.7953,25.373,1.0953,21.054,64.602,6.407,0.0365,0.0231
PHB_01246,Early Disease,1,0.7652,0.3589,0.6978,25.489,1.1275,27.006,57.856,6.676,0.0361,0.0409
PHB_09786,Moderate Illness,2,0.5115,0.5604,0.6078,26.143,1.451,24.402,56.196,6.059,0.0595,0.0406
PHB_06849,Healthy,0,0.8019,0.088,0.9485,24.794,1.1404,24.458,74.683,6.773,0.0116,0.0314
PHB_05134,Early Disease,1,0.7332,0.3536,0.7067,23.789,1.2522,26.358,69.215,6.414,0.0263,0.0529
PHB_00716,Healthy,0,0.7782,0.1472,0.8882,24.286,0.9322,23.812,63.572,6.653,0.0201,0.0354
PHB_03464,Early Disease,1,0.6915,0.3432,0.67,24.742,1.0722,24.732,55.236,6.556,0.0287,0.0488
PHB_04395,Early Disease,1,0.6613,0.3429,0.7207,27.05,1.3384,21.158,63.099,6.296,0.0386,0.059
PHB_04569,Moderate Illness,2,0.5412,0.5476,0.6279,27.219,1.4323,23.375,63.13,6.453,0.0617,0.0432
PHB_08804,Healthy,0,0.7646,0.1485,1.0002,24.668,1.1571,24.698,58.554,6.425,0.0407,0.0376
PHB_08490,Moderate Illness,2,0.4599,0.5111,0.5973,24.824,1.3936,24.1,62.858,6.401,0.0411,0.0789
PHB_07702,Moderate Illness,2,0.4241,0.5607,0.5695,25.707,1.4671,22.748,66.48,6.223,0.0516,0.0517
PHB_00213,Healthy,0,0.8741,0.0333,0.8574,24.238,1.2138,23.461,75.513,6.122,0.0292,0.0426
PHB_09768,Moderate Illness,2,0.4983,0.6586,0.4666,27.178,1.2901,21.927,64.485,6.376,0.0704,0.0478
PHB_06839,Severe Disease,3,0.4137,0.7421,0.4215,27.993,1.5061,23.405,70.419,6.2,0.0572,0.0651
PHB_01011,Moderate Illness,2,0.5094,0.5059,0.6798,31.033,1.1645,25.224,57.066,6.589,0.052,0.059
PHB_00324,Moderate Illness,2,0.5274,0.5618,0.53,26.765,1.2553,22.777,61.003,6.236,0.036,0.0538
PHB_05397,Early Disease,1,0.6547,0.2938,0.7013,25.434,1.3518,24.168,71.604,6.272,0.0232,0.026
PHB_05991,Healthy,0,0.8242,0.1253,0.8859,24.18,1.0114,27.446,68.339,6.335,0.0193,0.0075
PHB_03173,Moderate Illness,2,0.4655,0.4995,0.4852,27.028,1.2989,25.341,71.483,6.359,0.0512,0.0718
PHB_00335,Healthy,0,0.7351,0.1207,0.9521,25.296,1.1461,27.193,64.19,6.418,0.019,0.0395
PHB_08306,Healthy,0,0.8152,0.0992,0.8275,24.384,1.2174,24.963,66.234,6.035,0.0255,0.0135
PHB_02211,Severe Disease,3,0.2411,0.7335,0.6005,27.351,1.4345,23.023,60.336,6.414,0.0713,0.0592
PHB_04272,Early Disease,1,0.6508,0.3228,0.6594,27.012,0.976,22.211,66.38,6.38,0.0394,0.0461
PHB_06741,Moderate Illness,2,0.4829,0.4681,0.5047,25.54,1.4701,29.017,64.517,6.422,0.0463,0.053
PHB_00234,Moderate Illness,2,0.4194,0.5105,0.5374,26.649,1.9766,28.208,67.271,6.385,0.067,0.0347
PHB_05951,Early Disease,1,0.697,0.2651,0.7045,24.481,1.1459,22.89,60.191,6.848,0.0343,0.0613
PHB_05738,Moderate Illness,2,0.5445,0.4878,0.4929,25.972,1.1931,24.507,65.917,6.401,0.0541,0.05
PHB_07922,Early Disease,1,0.7122,0.2963,0.6902,25.175,1.2151,24.461,87.906,6.886,0.0314,0.0321
PHB_02349,Healthy,0,0.8157,0.111,0.9727,23.901,1.0284,18.039,68.626,6.813,0.0425,0.0201
PHB_02037,Severe Disease,3,0.3155,0.6609,0.5095,27.499,1.3053,26.069,51.737,6.475,0.0668,0.0987
PHB_07485,Early Disease,1,0.7182,0.4007,0.6785,26.375,1.0837,32.617,64.002,6.462,0.0436,0.0567
PHB_06007,Moderate Illness,2,0.3078,0.5839,0.5528,24.932,1.1229,23.898,60.916,6.295,0.0359,0.0659
PHB_04554,Moderate Illness,2,0.535,0.5927,0.6382,25.288,1.1661,24.063,55.906,6.008,0.0431,0.0517
PHB_08073,Healthy,0,0.6531,0.0615,0.7744,23.825,1.121,25.946,72.99,6.191,0.011,0.0634
PHB_01459,Severe Disease,3,0.3535,0.6627,0.4875,27.947,1.2504,22.475,63.803,6.12,0.0501,0.0767
PHB_03289,Healthy,0,0.8518,0.1962,0.9624,23.031,1.2264,21.497,74.36,6.271,0.0203,0.0329
PHB_03065,Early Disease,1,0.7206,0.3466,0.8545,26.082,1.2895,26.303,64.248,6.492,0.0316,0.0357
PHB_09437,Early Disease,1,0.7132,0.3033,0.7217,25.262,1.2661,22.448,55.849,6.364,0.0357,0.0701
PHB_00775,Healthy,0,0.8703,0.1583,0.8735,23.932,1.3115,25.348,66.435,6.288,0.0415,0.0351
PHB_06833,Early Disease,1,0.6139,0.2896,0.8393,25.83,1.3448,20.457,68.048,6.572,0.0463,0.0651
PHB_00872,Healthy,0,0.8087,0.1861,0.899,24.632,1.1227,28.27,79.263,6.316,0.0191,0.0416
PHB_08750,Moderate Illness,2,0.4575,0.4695,0.6635,26.406,1.5474,28.975,62.474,6.399,0.0602,0.0412
PHB_01264,Severe Disease,3,0.3933,0.6585,0.4518,27.493,1.3851,22.698,66.739,6.529,0.0655,0.0779
PHB_04834,Moderate Illness,2,0.532,0.5923,0.5919,26.21,1.142,25.798,68.554,6.333,0.0372,0.0488
PHB_03895,Severe Disease,3,0.3201,0.7723,0.4166,28.266,1.512,22.642,68.924,6.269,0.065,0.0893
PHB_06324,Healthy,0,0.915,0.0494,0.8688,24.25,0.9646,24.696,72.423,6.442,0.0111,0.0342
PHB_09213,Healthy,0,0.8533,0.1911,0.9141,24.051,0.9433,23.959,63.107,6.268,0.0252,0.0324
PHB_07020,Moderate Illness,2,0.5437,0.4978,0.5588,27.31,1.1633,25.726,74.023,6.219,0.0468,0.0564
PHB_01221,Healthy,0,0.7911,0.0552,0.9186,24.278,1.4893,25.594,65.267,6.392,0.0128,0.0299
PHB_01447,Severe Disease,3,0.2802,0.7029,0.5034,28.054,1.3405,24.557,77.996,6.409,0.0559,0.0531
PHB_03185,Healthy,0,0.826,0.1634,0.8359,24.593,1.0789,25.522,70.492,6.821,0.0154,0.0441
PHB_00409,Healthy,0,0.7692,0.2279,0.9835,24.375,1.1352,24.182,62.332,6.21,0.0248,0.0463
PHB_04345,Moderate Illness,2,0.4449,0.6135,0.5784,27.26,1.4307,25.87,64.79,6.36,0.059,0.0631
PHB_03022,Moderate Illness,2,0.4743,0.5124,0.6723,27.299,1.1727,28.595,53.564,6.387,0.0637,0.0743
PHB_02304,Early Disease,1,0.6141,0.358,0.7263,26.8,1.3731,25.832,60.805,6.116,0.0485,0.0454
PHB_06272,Healthy,0,0.7253,0.0121,0.9549,23.259,1.0687,23.194,73.618,6.795,0.026,0.0146
PHB_08281,Early Disease,1,0.5977,0.2802,0.7029,25.147,0.893,27.471,60.745,6.335,0.0481,0.061
PHB_06642,Severe Disease,3,0.4521,0.7154,0.4827,26.554,1.4783,26.671,75.638,6.099,0.0734,0.0523
PHB_06956,Early Disease,1,0.5741,0.302,0.7874,24.837,1.0648,25.201,55.584,6.463,0.0245,0.0377
PHB_02110,Healthy,0,0.8132,0.1253,0.9172,23.231,1.1769,23.495,57.459,6.502,0.0146,0.0462
PHB_05352,Severe Disease,3,0.3348,0.6309,0.3478,27.936,1.0228,26.257,66.825,5.92,0.07,0.0677
PHB_09684,Early Disease,1,0.6359,0.3729,0.7702,25.333,1.1504,27.015,66.877,6.401,0.044,0.0312
PHB_08344,Early Disease,1,0.6509,0.3442,0.7877,24.767,0.9907,24.662,61.45,6.703,0.0439,0.0489
PHB_04550,Early Disease,1,0.5624,0.3009,0.7743,26.832,0.9912,23.169,66.632,5.921,0.0516,0.0403
PHB_01881,Moderate Illness,2,0.4935,0.6287,0.6143,25.075,1.4405,24.447,56.29,6.353,0.0498,0.0372
PHB_05946,Early Disease,1,0.6518,0.2959,0.7921,24.809,1.3665,27.431,57.019,6.613,0.0468,0.0403
PHB_01738,Healthy,0,0.9257,0.1304,0.9522,24.536,1.3001,27.267,66.169,6.416,0.0197,0.0287
PHB_07794,Early Disease,1,0.6809,0.3103,0.7132,26.259,1.0947,25.384,76.555,6.648,0.0527,0.0527
PHB_05213,Severe Disease,3,0.3723,0.7731,0.3979,27.498,1.4169,27.15,59.752,6.272,0.0717,0.0718
PHB_03209,Healthy,0,0.7767,0.02,0.8341,24.926,1.008,24.234,71.676,6.682,0.0182,0.0437
PHB_07083,Severe Disease,3,0.4329,0.7298,0.4317,26.074,1.3084,23.956,73.393,6.315,0.0729,0.0742
PHB_02056,Early Disease,1,0.6236,0.312,0.7772,24.009,1.1826,26.28,62.155,6.609,0.0221,0.04
PHB_01689,Moderate Illness,2,0.6027,0.4742,0.6465,27.301,1.648,27.553,59.389,6.342,0.042,0.062
PHB_04780,Moderate Illness,2,0.4996,0.5492,0.6755,26.898,1.4017,24.32,55.036,6.085,0.0357,0.0329
PHB_07476,Moderate Illness,2,0.5507,0.5288,0.6638,27.14,1.463,23.63,63.407,6.505,0.0499,0.0387
PHB_07877,Moderate Illness,2,0.4264,0.5137,0.4907,25.395,1.3438,27.173,55.814,6.237,0.0583,0.0349
PHB_06750,Moderate Illness,2,0.4506,0.6327,0.4856,26.402,1.7512,21.882,76.704,6.386,0.0457,0.0499
PHB_08556,Healthy,0,0.7426,0.0989,0.8517,24.224,1.2507,28.655,58.708,6.483,0.0257,0.0191
PHB_08123,Moderate Illness,2,0.5658,0.4372,0.6164,27.14,1.4609,31.598,54.435,6.137,0.0267,0.0575
PHB_06991,Healthy,0,0.8691,0.0436,0.935,25.143,1.2254,24.715,70.517,6.292,0.0284,0.0342
PHB_08267,Severe Disease,3,0.3483,0.7618,0.3986,27.238,1.3812,25.987,63.805,6.319,0.0552,0.092
PHB_08540,Early Disease,1,0.6061,0.2624,0.7272,25.874,1.0872,24.414,69.584,6.415,0.0229,0.0347
PHB_03393,Severe Disease,3,0.358,0.698,0.553,27.186,1.7115,26.246,70.118,6.116,0.0651,0.0793
PHB_06326,Healthy,0,0.8439,0.1647,0.9663,24.345,1.1231,24.056,65.272,6.51,0.0354,0.0312
PHB_03529,Severe Disease,3,0.2548,0.7599,0.5105,27.762,1.5299,21.919,69.17,6.016,0.0511,0.0658
PHB_04605,Moderate Illness,2,0.4311,0.545,0.6226,25.41,1.3816,23.663,61.322,6.002,0.0471,0.0467
PHB_07024,Early Disease,1,0.6988,0.3911,0.7027,25.246,1.2545,22.901,63.346,6.463,0.0367,0.0529
PHB_06322,Early Disease,1,0.739,0.3202,0.7535,25.663,1.3202,24.075,66.139,6.516,0.0455,0.0648
PHB_00746,Early Disease,1,0.5977,0.3716,0.8584,25.202,1.1043,26.913,74.758,6.395,0.0477,0.0494
PHB_00711,Severe Disease,3,0.4015,0.762,0.3393,28.362,1.2993,26.902,57.373,5.948,0.0687,0.0616
PHB_00380,Moderate Illness,2,0.4918,0.4294,0.5614,27.278,1.3256,27.915,66.865,6.662,0.0452,0.0674
PHB_08783,Severe Disease,3,0.3438,0.6071,0.4793,27.708,1.3557,30.418,63.541,5.984,0.0301,0.0617
PHB_03012,Severe Disease,3,0.3818,0.6949,0.4118,27.205,1.4176,26.268,71.035,6.303,0.0558,0.0735
PHB_08859,Early Disease,1,0.7439,0.2803,0.707,26.41,1.239,21.541,67.419,6.364,0.038,0.0643
PHB_07153,Severe Disease,3,0.3156,0.8216,0.5173,28.31,1.3398,24.691,57.829,6.516,0.0559,0.0761
PHB_08567,Severe Disease,3,0.3216,0.7103,0.4304,27.692,1.4025,25.916,52.836,6.172,0.0771,0.0501
PHB_03498,Severe Disease,3,0.2699,0.7124,0.3312,26.627,1.3098,26.836,79.776,6.069,0.0569,0.079
PHB_03890,Early Disease,1,0.6269,0.3602,0.6719,25.97,1.0363,23.049,71.753,5.923,0.0243,0.0699
PHB_04485,Severe Disease,3,0.3026,0.7206,0.5123,27.876,1.4375,27.248,64.59,6.238,0.056,0.0598
PHB_04012,Healthy,0,0.8589,0.1143,0.8539,26.337,1.1962,24.326,66.73,6.387,0.0029,0.0456
PHB_02620,Severe Disease,3,0.4636,0.7773,0.4978,26.365,1.3276,22.341,57.394,6.357,0.0647,0.0529
PHB_06671,Early Disease,1,0.6219,0.3307,0.7739,23.871,1.0424,22.646,60.03,6.291,0.0464,0.0614
PHB_06513,Healthy,0,0.8204,0.1224,0.7665,24.852,1.0244,22.194,65.357,6.771,0.0225,0.0451
PHB_03468,Early Disease,1,0.6632,0.3055,0.808,24.456,1.2228,25.011,58.699,6.466,0.0249,0.0166
PHB_01314,Healthy,0,0.7767,0.0985,0.9538,25.151,1.0437,25.026,75.327,6.361,0.0297,0.0274
PHB_08606,Early Disease,1,0.6277,0.3654,0.7607,26.953,1.2604,25.869,76.415,6.211,0.0468,0.0612
PHB_02070,Moderate Illness,2,0.4102,0.6065,0.4533,27.866,1.0826,23.49,72.465,6.234,0.0515,0.0549
PHB_02983,Healthy,0,0.8366,0.0067,0.9156,24.117,1.2111,29.85,76.341,6.315,0.0113,0.0206
PHB_05915,Early Disease,1,0.776,0.2854,0.688,25.202,1.1124,26.844,73.572,6.157,0.0256,0.0473
PHB_09171,Healthy,0,0.7944,0.0196,0.8499,23.36,1.1275,23.51,71.121,6.485,0.0234,0.0263
PHB_01286,Severe Disease,3,0.4071,0.7213,0.4365,28.626,1.444,27.846,61.012,6.072,0.0669,0.0717
PHB_08991,Severe Disease,3,0.3728,0.7044,0.4163,26.83,1.3828,24.149,63.465,6.261,0.0579,0.0721
PHB_08430,Moderate Illness,2,0.4804,0.5778,0.4907,27.275,1.2048,23.491,68.878,6.187,0.0609,0.0448
PHB_01350,Healthy,0,0.7686,0.0298,0.8514,24.085,1.077,26.776,75.526,6.41,0.0186,0.0424
PHB_02612,Severe Disease,3,0.3536,0.6791,0.4682,26.571,1.444,28.554,56.213,6.322,0.0636,0.0635
PHB_09495,Healthy,0,0.7465,0.2154,0.8809,23.677,0.9292,25.554,69.483,6.362,0.0192,0.039
PHB_03669,Early Disease,1,0.647,0.4182,0.7106,26.796,1.2634,25.188,65.527,6.198,0.0265,0.0364
PHB_02222,Early Disease,1,0.6437,0.2457,0.5911,24.905,1.2678,26.565,82.648,6.366,0.0182,0.0533
PHB_00428,Severe Disease,3,0.3665,0.7083,0.3741,27.772,1.3934,22.476,62.303,6.676,0.0619,0.0722
PHB_00654,Healthy,0,0.7357,0.1634,0.9227,23.575,1.2414,22.516,65.739,6.13,0.0281,0.0295
PHB_09914,Early Disease,1,0.6463,0.347,0.7818,26.956,1.063,27.993,65.015,6.349,0.0571,0.0473
PHB_03536,Severe Disease,3,0.3075,0.6737,0.5446,27.978,1.532,28.447,64.618,6.057,0.0576,0.0551
PHB_07737,Moderate Illness,2,0.5264,0.5132,0.5914,25.821,1.3339,25.147,60.768,6.326,0.0409,0.0446
PHB_03246,Moderate Illness,2,0.4248,0.5128,0.6067,26.187,1.289,25.479,62.883,6.31,0.059,0.0656
PHB_04741,Healthy,0,0.8117,0.1166,0.8992,25.079,0.9839,26.949,65.269,6.58,0.0289,0.0167
PHB_09069,Moderate Illness,2,0.5403,0.3839,0.6514,25.441,1.214,24.4,55.207,6.449,0.0432,0.0319
PHB_04100,Severe Disease,3,0.3371,0.7231,0.4808,28.495,1.4056,26.828,59.836,5.959,0.0518,0.0702
PHB_04101,Early Disease,1,0.62,0.3613,0.7779,26.443,1.2586,25.726,62.559,6.138,0.0486,0.0495
PHB_06960,Severe Disease,3,0.3449,0.6865,0.5861,27.885,1.442,26.94,67.554,6.441,0.0639,0.0622
PHB_00612,Moderate Illness,2,0.3958,0.5284,0.5548,27.067,1.3287,24.049,73.739,5.811,0.0489,0.0489
PHB_04289,Severe Disease,3,0.3873,0.8247,0.4921,26.541,1.1698,24.241,67.686,6.04,0.0784,0.0706
PHB_08571,Moderate Illness,2,0.5055,0.5441,0.821,26.135,1.2372,27.836,58.014,6.341,0.0506,0.0709
PHB_09713,Severe Disease,3,0.2469,0.7258,0.5049,26.708,1.3903,25.297,56.863,6.305,0.0664,0.0706
PHB_01544,Healthy,0,0.7662,0.1828,0.9026,23.85,1.0733,26.223,60.74,6.077,0.0294,0.0328
PHB_09536,Early Disease,1,0.6227,0.3529,0.72,25.855,1.1753,27.266,59.418,6.264,0.0339,0.0504
PHB_03854,Early Disease,1,0.6596,0.4402,0.7118,25.835,1.0879,21.272,80.379,6.742,0.0477,0.04
PHB_00555,Healthy,0,0.9007,0.0353,0.9217,22.757,1.2434,24.718,65.21,6.502,0.0214,0.0292
PHB_06366,Early Disease,1,0.6329,0.3144,0.646,25.129,1.2007,23.612,79.765,6.489,0.0334,0.0299
PHB_00512,Severe Disease,3,0.3449,0.6896,0.4412,28.47,1.4057,24.176,57.982,6.246,0.0429,0.073
PHB_03207,Healthy,0,0.8612,0.083,0.9451,23.927,1.0554,28.965,73.923,6.382,0.0287,0.0171
PHB_08085,Healthy,0,0.7491,0.0512,0.9286,25.081,1.2003,25.539,76.758,6.074,0.0179,0.0411
PHB_00968,Healthy,0,0.8493,0.1536,0.9332,24.066,1.0029,26.951,70.114,6.216,0.0169,0.0184
PHB_06044,Severe Disease,3,0.4407,0.6948,0.575,27.137,1.3239,24.751,51.315,6.185,0.0756,0.0609
PHB_06880,Healthy,0,0.8278,0.2101,0.8384,24.395,1.1053,23.362,59.105,6.187,0.0316,0.0505
PHB_06776,Early Disease,1,0.627,0.4383,0.6054,25.339,0.9939,22.407,61.149,6.252,0.0364,0.046
PHB_03296,Severe Disease,3,0.3184,0.7221,0.5444,27.94,1.5934,24.657,62.771,6.125,0.0699,0.0862
PHB_08702,Moderate Illness,2,0.4584,0.5134,0.6449,25.944,1.3134,24.634,65.487,6.329,0.0563,0.0723
PHB_03430,Severe Disease,3,0.3473,0.5731,0.4792,26.963,1.2303,25.421,71.682,6.489,0.0598,0.0766
PHB_08871,Moderate Illness,2,0.4697,0.5564,0.4764,26.929,1.4559,20.622,57.299,6.17,0.0469,0.0572
PHB_06963,Moderate Illness,2,0.4408,0.5463,0.6003,25.385,1.4583,27.41,57.581,6.181,0.0444,0.0615
PHB_02089,Moderate Illness,2,0.5035,0.544,0.5904,23.556,1.2775,23.861,61.985,6.25,0.0461,0.045
PHB_08500,Healthy,0,0.7708,0.1177,0.9047,25.489,0.9339,24.895,62.305,6.566,0.0237,0.0316
PHB_06163,Early Disease,1,0.6571,0.2299,0.7152,25.392,1.0853,23.604,64.91,6.343,0.0247,0.0494
PHB_03211,Early Disease,1,0.577,0.3318,0.818,24.635,1.309,22.775,57.573,6.712,0.0363,0.0468
PHB_09201,Healthy,0,0.7905,0.0657,0.9649,24.642,1.0515,23.856,68.781,6.149,0.0327,0.0441
PHB_06606,Healthy,0,0.8214,0.0498,0.8622,24.109,1.0342,28.444,73.846,6.641,0.0225,0.0221
PHB_01110,Healthy,0,0.819,0.1311,0.8532,24.297,0.9416,26.515,58.602,6.508,0.0162,0.0466
PHB_05729,Severe Disease,3,0.3418,0.658,0.4374,27.204,1.2393,29.425,71.028,6.268,0.067,0.0637
PHB_07830,Healthy,0,0.8077,0.1047,0.7815,24.961,1.1499,25.974,66.272,6.307,0.0222,0.0317
PHB_01039,Early Disease,1,0.6457,0.412,0.8171,24.178,1.255,25.698,55.116,6.494,0.0412,0.0425
PHB_01195,Severe Disease,3,0.4483,0.767,0.4125,27.837,1.4495,23.584,63.456,6.092,0.0596,0.0798
PHB_04475,Early Disease,1,0.6652,0.2188,0.759,25.336,1.2658,23.004,75.835,6.352,0.0199,0.0362
PHB_09875,Healthy,0,0.8273,0.1597,0.8666,25.442,1.089,22.576,72.086,6.637,0.0391,0.0276
PHB_02123,Early Disease,1,0.653,0.2868,0.8161,24.942,0.998,26.416,64.088,6.219,0.0448,0.0419
PHB_04983,Early Disease,1,0.6359,0.3271,0.7827,26.105,1.1425,24.066,66.186,6.555,0.0277,0.0459
PHB_08974,Healthy,0,0.803,0.2441,0.8756,24.352,1.1457,27.093,64.362,6.266,0.0531,0.0236
PHB_05701,Severe Disease,3,0.3236,0.5962,0.4775,27.44,1.4102,25.741,63.384,6.006,0.0785,0.0817
PHB_00935,Severe Disease,3,0.3975,0.761,0.4835,26.006,1.3459,24.372,59.416,6.118,0.0746,0.0686
PHB_06102,Healthy,0,0.8516,0.1785,1.0995,24.647,1.0877,21.565,75.013,6.152,0.0335,0.0364
PHB_04690,Moderate Illness,2,0.4467,0.5434,0.6719,26.059,1.3749,26.609,75.754,6.108,0.0419,0.0506
PHB_00395,Healthy,0,0.7007,0.0707,0.9535,23.597,1.1186,22.53,78.984,6.452,0.0469,0.0269
PHB_04686,Early Disease,1,0.6761,0.3899,0.8293,25.86,1.1218,26.547,65.869,6.163,0.0306,0.041
PHB_08777,Early Disease,1,0.6179,0.3389,0.7139,25.356,0.9992,24.388,59.085,6.304,0.0524,0.033
PHB_09166,Early Disease,1,0.6997,0.348,0.8477,25.516,1.1428,23.355,70.318,6.427,0.038,0.028
PHB_05981,Moderate Illness,2,0.4486,0.4517,0.431,26.334,1.2714,28.378,55.435,6.208,0.061,0.0469
PHB_09943,Severe Disease,3,0.3513,0.7203,0.5328,28.769,1.3779,21.706,68.131,6.229,0.0574,0.06
PHB_02192,Moderate Illness,2,0.4786,0.4953,0.6779,27.006,1.3396,23.796,67.641,6.111,0.0467,0.0761
PHB_01298,Healthy,0,0.7797,0.2108,0.7999,23.585,1.0473,23.46,71.369,6.491,0.0197,0.039
PHB_05045,Healthy,0,0.849,0.0265,0.9073,25.033,1.0172,26.305,60.346,6.528,0.0311,0.0348
PHB_01163,Severe Disease,3,0.3801,0.7349,0.5036,26.965,1.5293,25.013,54.798,6.408,0.0638,0.0877
PHB_04255,Severe Disease,3,0.3589,0.7428,0.4986,27.57,1.3568,25.378,79.974,6.206,0.0661,0.1
PHB_06373,Severe Disease,3,0.3867,0.6474,0.4832,27.663,1.5825,23.444,66.426,6.341,0.0592,0.0419
PHB_01528,Early Disease,1,0.6362,0.3098,0.7801,25.551,1.3655,24.463,62.379,6.249,0.045,0.0239
PHB_04343,Moderate Illness,2,0.5101,0.5064,0.5836,27.242,1.3557,24.381,76.205,6.887,0.0498,0.0566
PHB_02031,Healthy,0,0.8191,0.0,1.0225,25.293,1.1291,25.115,69.924,6.63,0.0127,0.0241
PHB_03061,Moderate Illness,2,0.5517,0.456,0.5787,25.041,1.3442,26.079,65.859,6.014,0.0597,0.045
PHB_00059,Healthy,0,0.8381,0.0356,0.8991,24.429,1.1733,23.454,65.034,6.637,0.0123,0.0369
PHB_02406,Healthy,0,0.7828,0.2288,0.9253,25.149,0.9997,25.711,64.642,6.511,0.0283,0.0385
PHB_05007,Severe Disease,3,0.3953,0.7704,0.452,28.017,1.5876,24.838,76.456,6.158,0.0533,0.0877
PHB_06158,Healthy,0,0.7728,0.0784,0.8738,24.766,0.9549,25.42,54.825,6.287,0.0316,0.0252
PHB_07376,Healthy,0,0.7719,0.0535,0.8528,24.235,1.3746,25.807,56.787,6.426,0.0284,0.0144
PHB_04507,Early Disease,1,0.7058,0.4061,0.7804,24.277,1.2384,28.4,82.605,6.546,0.0385,0.0417
PHB_05215,Early Disease,1,0.7328,0.3074,0.7128,25.534,1.2554,25.524,51.184,6.186,0.0256,0.0482
PHB_06030,Healthy,0,0.8387,0.1061,0.845,24.4,1.0193,24.564,61.338,6.4,0.0417,0.0439
PHB_01781,Healthy,0,0.8394,0.1176,0.9058,22.284,1.1583,25.371,68.346,6.472,0.021,0.0347
PHB_05448,Early Disease,1,0.6574,0.3938,0.8302,25.069,1.0832,23.246,68.692,6.389,0.0546,0.047
PHB_04607,Severe Disease,3,0.4373,0.6808,0.3695,27.701,1.4917,25.839,54.175,6.52,0.056,0.0621
PHB_06915,Moderate Illness,2,0.5,0.4734,0.5902,26.028,1.1959,25.829,58.41,6.487,0.056,0.0731
PHB_00677,Severe Disease,3,0.3684,0.7474,0.3357,27.569,1.4953,25.434,42.253,6.224,0.0633,0.063
PHB_03583,Early Disease,1,0.6332,0.3604,0.7773,26.713,1.0012,24.735,70.218,5.672,0.0462,0.0386
PHB_03654,Healthy,0,0.864,0.0759,0.8226,25.34,1.0005,24.053,58.917,6.59,0.0235,0.0291
PHB_07921,Moderate Illness,2,0.5299,0.491,0.5594,25.689,1.4739,25.626,60.256,6.72,0.0395,0.0598
PHB_09500,Healthy,0,0.9166,0.109,0.9539,23.091,0.8258,27.386,74.079,6.782,0.0221,0.0538
PHB_02733,Moderate Illness,2,0.4782,0.489,0.5545,25.833,1.3001,27.499,71.18,6.406,0.0635,0.0425
PHB_04788,Moderate Illness,2,0.4552,0.4332,0.6504,25.769,1.3084,26.087,54.704,6.612,0.051,0.0725
PHB_02755,Severe Disease,3,0.3631,0.6647,0.4497,27.108,1.2929,24.533,73.922,6.007,0.0499,0.0765
PHB_02338,Early Disease,1,0.6028,0.3454,0.6244,25.604,1.1738,24.286,66.497,6.557,0.04,0.033
PHB_03644,Healthy,0,0.6962,0.0222,0.9511,24.309,1.1755,24.629,75.912,6.463,0.0239,0.0166
PHB_07738,Early Disease,1,0.6562,0.3114,0.669,24.834,1.2554,25.771,73.905,6.483,0.0251,0.0656
PHB_05517,Healthy,0,0.7763,0.1192,0.9062,24.853,0.966,25.927,69.929,6.749,0.0376,0.06
PHB_05247,Moderate Illness,2,0.4948,0.4922,0.5637,26.063,1.1683,23.647,66.217,6.02,0.0524,0.07
PHB_00867,Severe Disease,3,0.2745,0.7558,0.3554,26.953,1.359,27.146,71.058,6.239,0.0585,0.0582
PHB_04448,Early Disease,1,0.6601,0.171,0.6602,25.524,1.2213,24.485,70.094,6.634,0.023,0.0507
PHB_05072,Early Disease,1,0.6369,0.2472,0.7775,25.297,1.2455,26.115,69.567,6.641,0.0297,0.0687
PHB_04882,Moderate Illness,2,0.5275,0.6836,0.5563,26.678,1.2179,27.924,74.245,6.542,0.0659,0.0678
PHB_09511,Moderate Illness,2,0.5002,0.6232,0.5241,26.04,1.2209,22.323,64.389,6.259,0.0351,0.055
PHB_03003,Healthy,0,0.7958,0.0728,0.8028,24.52,1.1358,24.59,79.382,6.65,0.024,0.0304
PHB_02226,Early Disease,1,0.626,0.2906,0.7678,25.264,1.1063,26.793,63.365,6.898,0.0461,0.0446
PHB_09057,Moderate Illness,2,0.5023,0.5679,0.5406,25.907,1.2644,23.157,66.294,6.236,0.0517,0.0442
PHB_04827,Healthy,0,0.7516,0.1093,0.9531,24.488,0.9219,24.947,70.804,6.495,0.0322,0.0386
PHB_07622,Moderate Illness,2,0.4555,0.5767,0.6633,25.763,1.2162,21.879,55.951,6.491,0.0257,0.0684
PHB_09690,Healthy,0,0.8666,0.0729,0.8914,25.0,1.2497,25.137,69.938,6.47,0.0316,0.034
PHB_05501,Healthy,0,0.776,0.0892,0.9346,25.069,0.9786,22.469,71.214,6.445,0.0276,0.0364
PHB_09701,Healthy,0,0.8342,0.0513,0.8706,24.619,1.1404,26.779,61.401,6.619,0.0267,0.0487
PHB_08479,Early Disease,1,0.6991,0.3262,0.709,25.261,1.1489,25.252,69.706,6.509,0.0362,0.0641
PHB_05503,Healthy,0,0.7934,0.0812,1.0059,24.49,1.2336,25.563,65.922,6.231,0.0411,0.0363
PHB_01211,Severe Disease,3,0.3655,0.6844,0.4199,26.443,1.5749,28.299,64.956,6.334,0.0532,0.0867
PHB_09084,Healthy,0,0.7995,0.1659,0.9903,25.365,1.0663,23.141,63.237,6.295,0.0313,0.0428
PHB_02289,Healthy,0,0.789,0.0514,0.8773,24.785,1.0423,22.295,78.663,6.473,0.0257,0.026
PHB_02184,Healthy,0,0.8587,0.1027,0.9566,25.327,1.1327,23.911,61.129,6.329,0.0322,0.0305
PHB_02863,Early Disease,1,0.7859,0.3746,0.7433,25.078,1.3549,25.017,63.949,6.872,0.0544,0.0425
PHB_06862,Severe Disease,3,0.3524,0.7675,0.4873,27.979,1.5264,23.224,60.676,6.648,0.0565,0.0672
PHB_02363,Early Disease,1,0.6572,0.333,0.7594,25.143,1.1956,28.672,80.437,5.957,0.0408,0.0197
PHB_08464,Severe Disease,3,0.2791,0.7347,0.3462,31.325,1.4734,27.578,66.077,6.678,0.0713,0.0542
PHB_06333,Moderate Illness,2,0.5834,0.517,0.5119,26.623,1.3466,24.525,77.147,5.954,0.0397,0.0466
PHB_04065,Healthy,0,0.817,0.1429,0.8626,24.572,1.1297,26.976,62.394,6.189,0.0297,0.0278
PHB_09547,Moderate Illness,2,0.5919,0.4344,0.4363,27.068,1.2887,24.812,78.428,6.476,0.0444,0.0752
PHB_00618,Early Disease,1,0.5492,0.233,0.7446,25.58,1.0563,25.415,76.599,6.358,0.0352,0.0511
PHB_03282,Healthy,0,0.7448,0.1416,0.8188,22.682,1.0582,24.41,67.662,6.781,0.01,0.0435
PHB_05227,Healthy,0,0.8463,0.1779,0.9878,25.28,1.6024,24.832,71.113,6.388,0.0536,0.0258
PHB_03398,Healthy,0,0.7895,0.1164,0.826,24.475,1.0801,23.528,72.666,6.254,0.0202,0.0603
PHB_03066,Early Disease,1,0.6449,0.2586,0.709,23.529,1.169,27.013,66.365,6.407,0.0262,0.0388
PHB_00767,Healthy,0,0.9226,0.0755,0.8868,24.815,1.0937,22.494,78.314,6.637,0.0374,0.0163
PHB_07079,Healthy,0,0.7776,0.0901,0.8318,24.476,1.1344,26.316,57.984,6.568,0.0277,0.0558
PHB_05280,Moderate Illness,2,0.4846,0.4631,0.5543,25.594,1.1692,24.388,72.797,6.625,0.0464,0.076
PHB_04150,Early Disease,1,0.6836,0.2965,0.7331,26.002,1.1791,27.797,57.686,6.732,0.024,0.0456
PHB_01145,Early Disease,1,0.6793,0.4193,0.8417,25.536,1.1967,20.267,52.57,6.287,0.0256,0.0347
PHB_04249,Healthy,0,0.8387,0.0762,0.8686,23.854,1.2526,20.72,70.654,6.43,0.0121,0.0288
PHB_04111,Early Disease,1,0.7154,0.2391,0.7096,25.587,1.4177,27.958,67.765,6.171,0.0435,0.0599
PHB_00463,Severe Disease,3,0.3424,0.7091,0.5367,27.606,1.3987,23.631,68.889,6.212,0.0529,0.0657
PHB_02933,Moderate Illness,2,0.5226,0.487,0.6102,26.162,1.1244,26.687,65.504,6.093,0.0439,0.0503
PHB_04624,Severe Disease,3,0.2582,0.6857,0.3617,27.961,1.4849,27.968,62.838,6.374,0.0624,0.0639
PHB_03814,Healthy,0,0.7736,0.2309,0.7909,23.939,0.9795,29.431,72.742,6.204,0.0068,0.0457
PHB_06309,Early Disease,1,0.5792,0.4175,0.8669,25.992,1.3034,24.638,60.226,6.424,0.0408,0.0404
PHB_04342,Healthy,0,0.8785,0.0782,0.8444,23.188,1.2432,25.805,66.338,6.559,0.0207,0.0294
PHB_05301,Moderate Illness,2,0.5719,0.4092,0.529,26.865,1.2922,25.054,55.775,6.396,0.0345,0.05
PHB_06805,Severe Disease,3,0.3281,0.7286,0.4134,28.373,1.8152,21.943,66.888,5.942,0.0711,0.0386
PHB_03283,Early Disease,1,0.6797,0.2859,0.764,25.995,1.1702,23.372,62.099,5.99,0.0431,0.0263
PHB_02575,Moderate Illness,2,0.4328,0.5936,0.588,25.709,1.3392,25.445,58.356,6.163,0.0264,0.0558
PHB_07962,Early Disease,1,0.5925,0.3064,0.6161,26.448,1.0126,25.478,64.461,6.55,0.044,0.0637
PHB_07880,Severe Disease,3,0.324,0.7564,0.5986,27.578,1.3742,25.273,71.974,6.199,0.0488,0.0639
PHB_00829,Severe Disease,3,0.3221,0.7991,0.43,27.482,1.4069,27.061,65.817,6.163,0.0494,0.0548
PHB_06487,Early Disease,1,0.7673,0.3871,0.6991,24.9,1.0646,23.22,71.582,6.66,0.0352,0.0445
PHB_07600,Moderate Illness,2,0.5082,0.5625,0.5489,27.082,1.4107,27.348,72.88,6.164,0.0554,0.0752
PHB_02541,Moderate Illness,2,0.4964,0.5126,0.4647,26.251,1.1921,26.648,50.273,6.459,0.0493,0.0435
PHB_05747,Healthy,0,0.7058,0.1928,0.9131,24.15,1.0875,23.767,69.405,6.546,0.035,0.0264
PHB_08527,Severe Disease,3,0.284,0.7341,0.4074,27.641,1.4383,26.7,63.007,6.118,0.0695,0.0827
PHB_09567,Healthy,0,0.895,0.2285,0.9555,25.048,1.0844,24.71,66.504,6.245,0.0248,0.0219
PHB_03743,Severe Disease,3,0.3284,0.6255,0.5018,27.515,1.3697,26.294,53.884,5.914,0.0577,0.0734
PHB_07499,Moderate Illness,2,0.509,0.5444,0.6967,26.252,1.2488,24.924,65.395,6.456,0.0529,0.0754
PHB_03525,Moderate Illness,2,0.5804,0.4093,0.5479,25.933,1.34,26.206,73.952,6.159,0.0475,0.0738
PHB_00021,Severe Disease,3,0.3845,0.7226,0.4551,26.75,1.2582,22.855,65.742,6.155,0.0439,0.0634
PHB_01916,Healthy,0,0.7408,0.1511,0.7855,23.576,1.1765,25.29,74.063,6.267,0.0319,0.0334
PHB_06572,Moderate Illness,2,0.5857,0.4768,0.6716,26.282,1.3158,24.111,66.506,6.424,0.0361,0.0317
PHB_09019,Moderate Illness,2,0.5313,0.4275,0.5963,25.079,1.2153,22.86,59.574,6.41,0.046,0.0735
PHB_02013,Healthy,0,0.7088,0.1367,0.9464,25.62,1.1493,24.436,70.707,6.589,0.0039,0.0376
PHB_05406,Moderate Illness,2,0.5709,0.4606,0.5476,27.04,1.4527,27.284,73.92,6.41,0.0363,0.0642
PHB_01296,Early Disease,1,0.6018,0.323,0.7001,24.795,1.3553,29.082,57.015,6.314,0.0396,0.0563
PHB_03746,Moderate Illness,2,0.447,0.5162,0.6313,25.569,1.1659,27.804,66.663,6.501,0.0572,0.0422
PHB_00592,Early Disease,1,0.5493,0.3419,0.749,24.428,0.9897,22.251,68.534,6.152,0.0385,0.0669
PHB_01407,Severe Disease,3,0.3062,0.7572,0.5078,26.643,1.2329,30.28,66.789,6.085,0.045,0.0887
PHB_00222,Early Disease,1,0.6757,0.4335,0.8841,25.373,1.2787,27.019,73.124,6.307,0.0322,0.0474
PHB_05618,Severe Disease,3,0.3905,0.8293,0.491,27.835,1.4784,20.549,70.456,5.919,0.0665,0.0631
PHB_06249,Moderate Illness,2,0.4855,0.4941,0.4994,25.432,1.2892,24.026,67.444,6.494,0.0574,0.0438
PHB_04419,Healthy,0,0.7862,0.0484,0.8974,24.652,0.9541,24.714,73.725,6.699,0.0194,0.038
PHB_00859,Early Disease,1,0.6283,0.3416,0.7528,25.486,1.1677,25.099,61.175,5.949,0.0405,0.0556
PHB_01784,Healthy,0,0.7809,0.1274,0.832,24.348,1.2451,26.4,67.265,6.812,0.0313,0.0298
PHB_07260,Healthy,0,1.2,0.1039,0.7855,23.844,1.1649,25.434,67.065,6.252,0.0222,0.0531
PHB_06857,Healthy,0,0.7912,0.0705,0.9792,24.4,1.2402,24.385,61.339,6.734,0.0296,0.0378
PHB_01955,Severe Disease,3,0.2998,0.6985,0.5103,27.385,1.2748,27.608,61.974,6.491,0.0564,0.076
PHB_01747,Moderate Illness,2,0.5016,0.5908,0.4902,26.158,1.6132,27.376,66.525,6.116,0.0432,0.0597
PHB_03133,Healthy,0,0.8001,0.0281,0.7592,23.952,1.0589,26.51,70.36,6.152,0.0246,0.0317
PHB_08037,Early Disease,1,0.6211,0.2496,0.765,25.823,1.3535,23.61,57.845,6.81,0.0192,0.0392
PHB_08851,Early Disease,1,0.5916,0.311,0.7651,24.14,1.4216,26.279,59.961,6.613,0.0366,0.0438
PHB_00995,Severe Disease,3,0.2915,0.6362,0.5921,26.841,1.4299,24.613,66.873,6.066,0.0594,0.0576
PHB_06109,Early Disease,1,0.7201,0.4632,0.7245,24.029,1.2214,26.564,73.809,5.957,0.0464,0.0402
PHB_00731,Early Disease,1,0.5784,0.2054,0.6614,25.359,1.0752,23.66,60.825,6.342,0.0439,0.0444
PHB_06975,Moderate Illness,2,0.4975,0.4146,0.4887,25.776,1.2179,25.858,71.061,5.916,0.0528,0.0594
PHB_06274,Healthy,0,0.782,0.0844,0.8737,24.923,1.1023,25.218,65.573,6.474,0.0272,0.0335
PHB_06752,Early Disease,1,0.7854,0.1794,0.7026,25.354,1.2172,24.972,70.437,6.592,0.0481,0.061
PHB_03510,Early Disease,1,0.7327,0.266,0.8477,25.27,1.1376,24.517,64.076,6.085,0.0322,0.0479
PHB_03534,Healthy,0,0.9594,0.1548,0.9518,24.697,1.3412,26.938,66.514,6.619,0.0265,0.0285
PHB_02514,Healthy,0,0.7999,0.1626,0.6743,24.558,1.0799,26.166,59.046,6.832,0.0251,0.0424
PHB_05437,Severe Disease,3,0.3246,0.7486,0.3823,27.606,1.4849,29.507,55.266,6.233,0.0719,0.0651
PHB_03626,Moderate Illness,2,0.4882,0.5733,0.5771,26.395,1.025,26.72,58.94,6.532,0.0574,0.057
PHB_00466,Moderate Illness,2,0.5147,0.4446,0.661,26.096,1.2699,22.9,56.891,6.363,0.0485,0.0622
PHB_06756,Healthy,0,0.8248,0.0848,0.9628,25.535,1.1854,27.315,67.52,6.398,0.0237,0.0388
PHB_06760,Healthy,0,0.7192,0.0927,0.8547,23.185,0.966,27.657,60.713,6.106,0.0134,0.007
PHB_07992,Severe Disease,3,0.3939,0.7165,0.5202,26.355,1.3619,25.419,63.889,6.26,0.0639,0.0711
PHB_00158,Moderate Illness,2,0.4582,0.5935,0.5297,26.778,1.5595,25.185,62.795,6.234,0.0439,0.0385
PHB_03961,Early Disease,1,0.6669,0.274,0.8212,25.731,1.1613,23.869,56.254,6.579,0.0409,0.042
PHB_08833,Healthy,0,0.8825,0.02,0.7303,25.068,1.1468,26.688,69.482,6.588,0.0458,0.0495
PHB_05471,Moderate Illness,2,0.5589,0.5064,0.7436,26.32,1.2956,24.691,60.029,6.606,0.058,0.0574
PHB_00186,Moderate Illness,2,0.3235,0.5832,0.6495,25.628,1.2013,27.048,78.464,6.15,0.0363,0.0658
PHB_01003,Healthy,0,0.8811,0.1679,0.9065,24.825,1.0307,25.729,73.957,5.981,0.0034,0.0378
PHB_09509,Moderate Illness,2,0.5116,0.4588,0.5753,26.192,1.4955,22.94,63.321,6.548,0.0541,0.0623
PHB_05624,Moderate Illness,2,0.5735,0.434,0.5994,27.041,1.0789,26.765,75.723,5.848,0.0538,0.0642
PHB_00401,Early Disease,1,0.6165,0.3551,0.8413,25.646,1.0694,19.539,84.852,6.503,0.0453,0.0481
PHB_06241,Moderate Illness,2,0.4472,0.5315,0.501,26.299,1.1604,28.068,69.305,6.724,0.0374,0.0578
PHB_08941,Healthy,0,0.7937,0.1972,0.9246,24.285,1.0706,26.829,76.037,6.542,0.0176,0.0346
PHB_09933,Early Disease,1,0.6738,0.3269,0.7981,25.614,1.1273,22.993,75.358,6.467,0.0406,0.0491
PHB_07343,Severe Disease,3,0.413,0.7146,0.429,27.068,1.3522,23.897,60.536,6.115,0.0642,0.0651
PHB_09833,Moderate Illness,2,0.5287,0.5812,0.529,27.041,1.2462,23.213,58.795,6.44,0.0537,0.0445
PHB_08467,Early Disease,1,0.6452,0.2972,0.8349,25.036,1.2361,26.214,63.081,6.559,0.0297,0.061
PHB_08757,Early Disease,1,0.7724,0.285,0.7905,24.593,1.1134,29.775,67.146,6.279,0.0349,0.0361
PHB_07959,Healthy,0,0.8482,0.0693,0.8992,24.425,1.1713,24.227,74.364,6.497,0.0169,0.0367
PHB_01251,Healthy,0,0.9019,0.1433,0.9991,25.474,1.1242,23.263,77.876,6.36,0.026,0.0338
PHB_03144,Healthy,0,0.8554,0.1631,1.0038,24.492,1.0748,27.583,73.148,6.741,0.0177,0.0433
PHB_07431,Severe Disease,3,0.2811,0.6018,0.4121,26.874,1.2795,31.483,64.701,5.942,0.0492,0.0736
PHB_00060,Healthy,0,0.7667,0.1176,0.9291,23.728,1.1496,27.208,71.683,6.141,0.0176,0.0493
PHB_07856,Severe Disease,3,0.3383,0.6708,0.5054,27.692,1.2188,27.873,67.743,5.977,0.0742,0.0897
PHB_01114,Severe Disease,3,0.355,0.7489,0.3814,27.249,1.2812,23.647,56.89,5.957,0.0594,0.0481
PHB_03058,Healthy,0,0.7392,0.1136,0.952,25.853,1.1667,27.848,81.548,5.996,0.0253,0.0297
PHB_09570,Moderate Illness,2,0.5277,0.4508,0.6489,26.202,1.3789,25.563,62.364,6.148,0.0285,0.0632
PHB_01329,Early Disease,1,0.6994,0.2676,0.8182,26.087,1.2252,25.835,63.252,6.416,0.016,0.0517
PHB_04996,Healthy,0,0.8411,0.0972,0.8742,23.6,1.3218,22.635,85.733,6.619,0.0196,0.0405
PHB_06683,Moderate Illness,2,0.4658,0.5911,0.625,26.695,1.3229,26.752,70.614,5.902,0.0572,0.0449
PHB_02073,Early Disease,1,0.706,0.3254,0.5612,25.787,1.1009,26.767,66.769,6.1,0.0267,0.0382
PHB_04794,Severe Disease,3,0.2242,0.811,0.4178,27.411,1.5808,21.61,73.722,6.064,0.0482,0.077
PHB_06830,Moderate Illness,2,0.509,0.4108,0.5822,26.124,1.3439,24.119,66.312,6.426,0.04,0.0641
PHB_09630,Moderate Illness,2,0.4355,0.4998,0.7058,27.197,1.2765,23.641,63.325,6.447,0.0413,0.041
PHB_08219,Early Disease,1,0.6426,0.3965,0.6326,24.979,1.1281,27.288,62.751,6.394,0.053,0.0638
PHB_07568,Moderate Illness,2,0.5753,0.4907,0.5721,26.01,1.9852,24.754,63.581,5.915,0.0475,0.0659
PHB_05923,Moderate Illness,2,0.5187,0.5191,0.5655,26.13,1.1752,22.552,72.467,6.0,0.0425,0.0596
PHB_01551,Healthy,0,0.9289,0.2104,0.8269,24.142,0.9711,23.906,76.878,6.408,0.0142,0.0481
PHB_01010,Early Disease,1,0.7082,0.3462,0.7686,24.803,1.2232,26.706,69.21,5.925,0.026,0.0503
PHB_03756,Early Disease,1,0.6553,0.3257,0.6735,25.707,1.0333,25.754,64.94,6.508,0.047,0.0683
PHB_08682,Moderate Illness,2,0.5089,0.4932,0.5906,26.546,1.2037,27.456,64.396,6.148,0.0615,0.0658
PHB_09343,Severe Disease,3,0.3,0.7976,0.4024,26.973,1.3394,27.091,66.299,6.428,0.0606,0.0796
PHB_08010,Moderate Illness,2,0.3911,0.5041,0.6153,26.46,1.2808,22.131,48.555,6.828,0.0554,0.0592
PHB_03861,Early Disease,1,0.6606,0.2986,0.7625,23.889,1.3134,28.832,64.287,6.322,0.053,0.049
PHB_03149,Severe Disease,3,0.3978,0.7948,0.467,27.621,1.3962,26.299,52.864,6.404,0.0578,0.0656
PHB_02520,Healthy,0,0.7787,0.1001,0.8231,23.399,1.2299,25.583,80.645,6.627,0.0109,0.0254
PHB_03128,Healthy,0,0.8503,0.1155,0.9114,24.584,1.0623,23.842,73.144,6.271,0.0282,0.0502
PHB_09085,Healthy,0,0.9184,0.1314,0.8832,23.586,1.099,22.965,65.945,6.767,0.0031,0.052
PHB_05317,Healthy,0,0.8228,0.1501,0.9058,25.074,0.8412,21.203,68.353,6.448,0.0361,0.0284
PHB_01196,Healthy,0,0.9265,0.0973,0.8569,24.109,1.1712,24.855,65.543,6.718,0.0424,0.0433
PHB_09051,Healthy,0,0.7272,0.0637,0.817,23.757,1.1256,25.118,57.738,6.6,0.0334,0.0533
PHB_00880,Moderate Illness,2,0.479,0.5067,0.5299,25.183,1.6259,23.134,61.039,6.163,0.0408,0.0495
PHB_06990,Healthy,0,0.9587,0.0,0.735,24.325,1.0079,27.744,65.157,6.423,0.0348,0.005
PHB_02488,Severe Disease,3,0.2862,0.7539,0.4102,26.57,1.5624,26.565,57.802,6.491,0.0554,0.0727
PHB_02841,Severe Disease,3,0.3739,0.7993,0.4777,27.733,1.3768,19.344,65.607,6.323,0.0524,0.0634
PHB_04330,Severe Disease,3,0.292,0.7385,0.3175,27.593,1.1512,28.227,57.136,6.034,0.0654,0.0586
PHB_02931,Moderate Illness,2,0.4645,0.4367,0.69,27.267,1.1784,24.718,69.755,6.142,0.0401,0.0592
PHB_06425,Healthy,0,0.7141,0.1483,0.8829,26.164,1.1107,26.923,61.46,6.804,0.0261,0.01
PHB_02486,Early Disease,1,0.5888,0.4159,0.7466,25.537,1.0549,27.914,59.575,6.706,0.0217,0.0372
PHB_05748,Severe Disease,3,0.308,0.6658,0.4674,26.747,1.2764,24.619,66.454,6.372,0.0728,0.1
PHB_00884,Early Disease,1,0.6155,0.2734,0.7839,26.288,1.1709,24.313,64.965,6.134,0.0434,0.0448
PHB_04915,Early Disease,1,0.7053,0.347,0.7691,24.57,1.298,23.454,71.688,6.582,0.0343,0.0331
PHB_06211,Healthy,0,0.7903,0.1079,0.7557,24.321,1.1625,30.521,66.275,6.148,0.0373,0.0457
PHB_09579,Healthy,0,0.7981,0.2517,0.9553,24.363,1.0447,19.57,61.258,6.512,0.0234,0.0274
PHB_00212,Moderate Illness,2,0.4158,0.6645,0.5162,25.658,1.304,24.711,73.842,6.35,0.0495,0.0408
PHB_02276,Healthy,0,0.7374,0.2048,0.9416,23.399,1.1024,23.791,69.671,6.524,0.0136,0.0512
PHB_02329,Moderate Illness,2,0.5071,0.5801,0.6005,25.357,1.5588,22.402,64.543,6.261,0.0654,0.0515
PHB_04951,Healthy,0,0.8748,0.0383,0.9584,23.122,1.0593,24.207,76.266,6.54,0.0476,0.0411
PHB_03320,Early Disease,1,0.5961,0.414,0.6667,26.45,1.1477,27.226,56.843,6.605,0.0412,0.0457
PHB_09835,Severe Disease,3,0.2918,0.6973,0.4953,28.142,1.3627,24.377,57.953,6.105,0.0652,0.0377
PHB_04608,Healthy,0,0.8313,0.0513,0.8459,23.254,0.6967,26.898,79.062,6.653,0.0236,0.016
PHB_01439,Severe Disease,3,0.4048,0.6086,0.4414,28.303,1.301,26.019,71.929,6.024,0.063,0.0546
PHB_00468,Severe Disease,3,0.3521,0.7224,0.333,28.633,1.3458,26.135,58.778,6.563,0.0505,0.0552
PHB_05467,Severe Disease,3,0.3553,0.7105,0.4451,28.013,1.1861,30.042,64.964,6.485,0.0704,0.0842
PHB_03330,Healthy,0,0.8113,0.0935,0.9297,24.902,0.9086,24.93,53.004,6.701,0.0284,0.0379
PHB_05829,Moderate Illness,2,0.5385,0.6159,0.5614,26.967,1.344,25.046,60.334,6.175,0.0289,0.0591
PHB_08608,Moderate Illness,2,0.5265,0.4516,0.6085,26.974,1.5164,25.043,60.065,6.69,0.065,0.0768
PHB_00697,Moderate Illness,2,0.5161,0.4939,0.5452,27.451,1.2185,22.548,59.125,6.509,0.0509,0.0679
PHB_07268,Moderate Illness,2,0.6215,0.3587,0.6135,27.287,1.4536,21.359,73.095,6.14,0.0573,0.0573
PHB_09145,Healthy,0,0.855,0.0156,0.9358,23.904,1.0057,27.211,68.62,6.368,0.0158,0.0193
PHB_08181,Early Disease,1,0.6466,0.3838,0.6789,25.407,1.3461,25.464,65.362,5.99,0.0306,0.0606
PHB_09939,Severe Disease,3,0.2417,0.771,0.3442,27.3,1.3856,26.798,65.963,6.325,0.0543,0.0757
PHB_01315,Healthy,0,0.7319,0.1521,0.7844,24.372,1.1792,23.461,78.466,6.596,0.0282,0.0295
PHB_02302,Severe Disease,3,0.2873,0.7155,0.4811,27.554,1.2707,28.55,58.464,6.578,0.0533,0.0813
PHB_02040,Severe Disease,3,0.3518,0.6659,0.4274,27.164,1.4406,27.539,63.466,6.412,0.079,0.0578
PHB_07109,Early Disease,1,0.6443,0.2945,0.62,24.744,0.9066,24.21,76.208,6.627,0.0464,0.0751
PHB_03667,Healthy,0,0.6995,0.2364,0.8216,23.398,1.0831,22.34,53.936,6.131,0.0251,0.0276
PHB_00915,Severe Disease,3,0.3692,0.7873,0.5216,27.492,1.4295,26.49,59.666,6.101,0.0623,0.0843
PHB_00013,Moderate Illness,2,0.4963,0.5449,0.5664,25.965,1.486,23.771,72.227,6.278,0.0618,0.0461
PHB_08584,Healthy,0,0.7612,0.123,0.8996,24.172,1.1006,26.483,67.508,6.501,0.0355,0.0196
PHB_06428,Early Disease,1,0.6449,0.2877,0.8336,25.016,1.2966,29.507,62.805,5.972,0.0232,0.045
PHB_01537,Severe Disease,3,0.35,0.7559,0.4509,26.264,1.3952,25.447,57.561,6.098,0.0446,0.0906
PHB_00737,Healthy,0,0.8814,0.1428,0.8275,25.333,1.068,27.679,67.651,6.65,0.035,0.0404
PHB_08202,Severe Disease,3,0.4257,0.7144,0.4483,25.918,1.3412,24.953,62.902,6.136,0.0702,0.0721
PHB_08653,Severe Disease,3,0.331,0.6959,0.4853,28.481,1.1035,23.969,75.404,6.188,0.0873,0.0581
PHB_00454,Healthy,0,0.7602,0.1249,0.8198,25.177,1.0,25.554,73.109,6.33,0.0326,0.0377
PHB_04346,Severe Disease,3,0.3195,0.6736,0.5042,28.358,1.4227,26.048,57.184,6.214,0.0473,0.0526
PHB_00928,Severe Disease,3,0.3672,0.6746,0.5155,27.755,1.392,24.634,66.527,6.36,0.0859,0.0553
PHB_06292,Severe Disease,3,0.2613,0.8032,0.4995,26.912,1.3495,23.307,59.115,6.149,0.0545,0.0655
PHB_08282,Moderate Illness,2,0.4955,0.5496,0.6985,26.023,1.3289,25.06,59.123,6.364,0.0598,0.0774
PHB_08723,Moderate Illness,2,0.505,0.5503,0.5871,26.317,1.2974,21.4,70.883,6.444,0.0456,0.0587
PHB_06474,Moderate Illness,2,0.5402,0.4513,0.6724,27.421,1.2431,23.628,66.93,6.54,0.052,0.0725
PHB_00038,Early Disease,1,0.6599,0.3848,0.7935,27.056,1.1373,25.636,64.731,6.209,0.0278,0.0335
PHB_05771,Severe Disease,3,0.3617,0.7936,0.5436,26.501,1.3585,24.912,70.266,5.705,0.066,0.09
PHB_02555,Early Disease,1,0.6935,0.26,0.6608,24.974,1.0651,22.105,69.794,6.622,0.0621,0.0501
PHB_07633,Severe Disease,3,0.3792,0.7702,0.5045,27.014,1.3974,23.194,64.745,6.764,0.055,0.0501
PHB_09999,Early Disease,1,0.6979,0.211,0.7813,25.5,1.1558,25.091,65.498,6.926,0.0452,0.0363
PHB_06621,Severe Disease,3,0.3546,0.7394,0.4246,26.443,1.23,24.259,57.381,6.202,0.069,0.0853
PHB_00941,Early Disease,1,0.6631,0.2822,0.7429,25.078,0.9866,23.326,68.6,6.156,0.0315,0.0427
PHB_07399,Severe Disease,3,0.3501,0.6638,0.4483,28.295,1.3773,24.969,68.053,6.046,0.069,0.0648
PHB_06129,Moderate Illness,2,0.477,0.6415,0.6211,26.339,1.1905,21.038,73.397,6.399,0.0468,0.0554
PHB_09830,Moderate Illness,2,0.5516,0.5266,0.5604,27.044,1.3461,28.785,83.255,6.565,0.0575,0.0584
PHB_02681,Severe Disease,3,0.2657,0.687,0.5154,27.585,1.7088,21.106,67.929,6.243,0.0574,0.0957
PHB_04355,Severe Disease,3,0.304,0.638,0.5064,26.816,1.217,29.846,64.098,6.231,0.0554,0.0805
PHB_03059,Healthy,0,0.8257,0.0869,0.8698,23.702,1.1603,27.596,65.223,6.46,0.0245,0.0558
PHB_07881,Early Disease,1,0.5671,0.3081,0.7028,26.17,1.1362,20.282,65.842,6.272,0.0319,0.0432
PHB_00739,Early Disease,1,0.7423,0.3034,0.665,26.205,1.0117,23.02,67.983,6.196,0.0377,0.0413
PHB_00539,Healthy,0,0.8194,0.0541,0.998,24.31,1.0512,22.357,63.048,6.474,0.0328,0.0424
PHB_03326,Severe Disease,3,0.4384,0.6893,0.5172,27.03,1.4259,23.867,56.474,5.959,0.0547,0.0556
PHB_04240,Moderate Illness,2,0.5491,0.4488,0.6865,26.566,1.1463,26.891,69.573,6.39,0.0449,0.0415
PHB_01401,Early Disease,1,0.6465,0.3145,0.7192,25.239,1.1576,21.476,71.717,6.727,0.0436,0.0596
PHB_04047,Healthy,0,0.7836,0.0872,0.8883,25.59,0.9999,26.028,65.146,6.74,0.0495,0.0612
PHB_05138,Healthy,0,0.9304,0.1307,0.8825,24.751,1.2084,23.933,77.07,6.381,0.0435,0.0362
PHB_04230,Early Disease,1,0.6771,0.197,0.7077,24.66,1.3087,23.359,70.11,6.803,0.0242,0.0216
PHB_04192,Moderate Illness,2,0.5485,0.6336,0.6182,25.316,1.475,20.224,59.417,6.535,0.0389,0.0647
PHB_09143,Healthy,0,0.8285,0.1372,0.9184,25.758,0.8055,24.723,73.038,7.112,0.023,0.0225
PHB_05539,Early Disease,1,0.5731,0.3367,0.8416,24.652,1.0105,25.947,77.445,6.184,0.0265,0.0319
PHB_02693,Severe Disease,3,0.2845,0.7323,0.4531,26.488,1.5879,26.854,57.439,6.152,0.077,0.0581
PHB_05341,Early Disease,1,0.7219,0.403,0.7488,25.589,1.196,27.136,69.529,6.628,0.0309,0.041
PHB_09918,Early Disease,1,0.7006,0.3138,0.7123,26.652,1.0451,24.541,65.267,6.379,0.0167,0.0582
PHB_07671,Severe Disease,3,0.3147,0.7006,0.4285,26.517,1.4346,24.37,69.816,6.237,0.0722,0.081
PHB_09174,Healthy,0,0.8715,0.1219,0.8089,24.302,1.1106,26.542,79.243,6.478,0.0168,0.0378
PHB_01808,Early Disease,1,0.6664,0.332,0.8512,24.609,1.2771,21.743,72.47,6.133,0.0586,0.0527
PHB_05112,Moderate Illness,2,0.4947,0.4728,0.6612,25.762,1.141,25.982,73.722,5.951,0.0496,0.0599
PHB_03990,Severe Disease,3,0.3591,0.7227,0.4666,26.619,1.5512,25.883,74.785,6.758,0.069,0.0748
PHB_03456,Severe Disease,3,0.3927,0.7496,0.4971,26.951,1.3164,21.413,46.6,6.562,0.0728,0.0651
PHB_02908,Healthy,0,0.8757,0.1686,0.9065,24.027,1.0536,24.545,63.387,6.507,0.0204,0.0619
PHB_06652,Severe Disease,3,0.3269,0.6263,0.4856,26.418,1.5564,25.302,67.572,6.262,0.0551,0.0505
PHB_08288,Severe Disease,3,0.3244,0.8583,0.4613,26.609,1.4367,23.649,57.855,6.434,0.0679,0.0709
PHB_06245,Healthy,0,0.8223,0.1617,0.9179,25.452,0.9713,29.633,66.156,6.28,0.0059,0.0619
PHB_02698,Healthy,0,0.7686,0.1798,0.8039,24.533,1.2824,26.306,76.78,6.493,0.0273,0.0384
PHB_04017,Early Disease,1,0.6666,0.3771,0.7218,25.957,1.1388,25.202,62.035,6.302,0.0301,0.0483
PHB_04340,Severe Disease,3,0.3002,0.745,0.4627,27.688,1.5845,28.595,57.966,6.224,0.0586,0.073
PHB_04646,Severe Disease,3,0.2816,0.7464,0.3801,28.099,1.302,26.658,58.69,6.276,0.0748,0.0732
PHB_07740,Early Disease,1,0.6258,0.2072,0.7892,24.786,1.1462,22.843,57.23,6.142,0.0562,0.0335
PHB_07092,Moderate Illness,2,0.4667,0.5648,0.5964,25.664,1.2524,26.258,47.325,6.436,0.047,0.0642
PHB_04693,Moderate Illness,2,0.5364,0.5601,0.7385,26.535,1.3775,25.128,65.671,6.011,0.0269,0.0602
PHB_01740,Severe Disease,3,0.3103,0.8543,0.4828,26.525,1.4411,24.699,65.966,6.093,0.0725,0.071
PHB_05407,Early Disease,1,0.6794,0.3932,0.6706,25.245,1.042,21.373,55.943,6.46,0.0581,0.0274
PHB_04589,Moderate Illness,2,0.5305,0.5121,0.7471,26.093,1.3323,26.881,72.16,5.993,0.0717,0.0651
PHB_03126,Healthy,0,0.7986,0.0961,1.0793,24.423,1.2559,24.12,55.819,6.216,0.0101,0.0345
PHB_02158,Early Disease,1,0.6769,0.3463,0.8407,25.784,1.2319,21.727,65.91,6.418,0.0231,0.0534
PHB_05334,Healthy,0,0.8525,0.0494,0.7395,25.182,1.1482,27.484,68.29,6.472,0.024,0.0282
PHB_08637,Early Disease,1,0.727,0.3234,0.621,24.648,1.2776,27.333,61.356,6.495,0.0383,0.0605
PHB_01826,Healthy,0,0.8545,0.0535,0.9155,24.464,0.8066,22.899,60.826,6.55,0.0188,0.0224
PHB_04231,Severe Disease,3,0.3689,0.7529,0.5409,26.431,1.2557,23.037,69.414,6.218,0.0516,0.0799
PHB_03488,Moderate Illness,2,0.5411,0.5901,0.6125,26.026,1.3128,25.82,53.68,6.543,0.0418,0.0639
PHB_09054,Severe Disease,3,0.4444,0.8427,0.417,27.822,1.4591,23.145,66.528,5.74,0.0546,0.0507
PHB_09769,Moderate Illness,2,0.4961,0.4678,0.5347,27.949,1.3117,25.006,58.664,6.591,0.0602,0.0348
PHB_03648,Early Disease,1,0.5789,0.3732,0.7101,24.616,1.3623,21.564,61.405,6.284,0.0257,0.0346
PHB_05903,Healthy,0,0.7937,0.0661,0.8802,26.109,1.1997,25.343,64.321,6.591,0.0212,0.0281
PHB_06386,Severe Disease,3,0.4356,0.7084,0.4352,26.848,1.5672,28.182,58.765,6.22,0.0806,0.0779
PHB_05639,Healthy,0,0.8557,0.1204,0.9626,25.719,0.9577,25.854,74.071,6.518,0.0313,0.0224
PHB_06424,Severe Disease,3,0.3289,0.8786,0.3996,27.121,1.4329,22.998,74.696,6.065,0.0543,0.0611
PHB_07827,Severe Disease,3,0.3736,0.7124,0.5203,27.987,1.4023,25.84,46.815,6.156,0.0491,0.0694
PHB_07744,Severe Disease,3,0.3424,0.7374,0.526,27.058,1.2619,25.54,63.523,6.426,0.0515,0.0802
PHB_03013,Severe Disease,3,0.3373,0.7394,0.4553,28.026,1.3248,23.499,61.906,6.433,0.0487,0.0746
PHB_07672,Healthy,0,0.8027,0.1566,0.8303,24.908,1.2417,27.855,62.361,6.421,0.036,0.0342
PHB_09549,Moderate Illness,2,0.5447,0.5099,0.621,26.753,1.2963,20.814,47.074,5.925,0.0428,0.074
PHB_09978,Severe Disease,3,0.2999,0.7075,0.5017,27.268,1.3107,26.517,68.081,6.185,0.0625,0.0904
PHB_03081,Healthy,0,0.9091,0.092,0.9466,24.057,0.9628,24.279,78.679,6.958,0.0045,0.0319
PHB_03521,Moderate Illness,2,0.565,0.5348,0.6904,25.899,1.2695,26.009,57.708,6.63,0.0438,0.0592
PHB_04979,Severe Disease,3,0.2968,0.7284,0.4602,27.044,1.4245,24.741,67.068,6.104,0.0724,0.0629
PHB_07620,Severe Disease,3,0.263,0.7471,0.4576,28.332,1.4623,24.858,62.47,6.262,0.053,0.1
PHB_04348,Severe Disease,3,0.286,0.7583,0.3001,27.545,1.3624,24.176,62.578,6.382,0.0642,0.0765
PHB_08441,Severe Disease,3,0.3069,0.7362,0.5677,27.397,1.4178,23.053,47.166,6.311,0.0523,0.0907
PHB_01347,Early Disease,1,0.6499,0.2431,0.7429,26.978,1.1393,26.856,69.111,6.428,0.0439,0.0587
PHB_07088,Early Disease,1,0.6513,0.1952,0.7677,25.575,1.1147,21.982,71.968,6.135,0.0431,0.0626
PHB_08948,Moderate Illness,2,0.5969,0.5936,0.5705,26.265,1.2327,25.956,63.969,6.488,0.048,0.0636
PHB_05652,Early Disease,1,0.7919,0.3011,0.8144,26.335,1.2153,26.839,66.873,6.869,0.0341,0.0524
PHB_08082,Moderate Illness,2,0.5591,0.5033,0.6027,26.07,1.2945,26.7,59.169,6.259,0.0535,0.0674
PHB_01792,Early Disease,1,0.7063,0.2729,0.6708,25.074,0.9463,23.845,70.249,6.636,0.0436,0.0468
PHB_07429,Moderate Illness,2,0.509,0.5188,0.6031,25.415,1.3439,27.011,65.195,5.928,0.0425,0.0585
PHB_09580,Healthy,0,0.8774,0.1951,0.804,24.564,1.0458,24.935,79.92,6.432,0.0146,0.0367
PHB_09960,Early Disease,1,0.6867,0.2309,0.7579,26.006,1.2004,23.88,66.723,6.269,0.0417,0.0355
PHB_02271,Moderate Illness,2,0.4892,0.6323,0.5828,26.425,1.0541,25.426,56.241,6.48,0.0452,0.0633
PHB_09767,Early Disease,1,0.7298,0.3109,0.5765,26.233,1.2119,25.314,74.698,6.227,0.0387,0.048
PHB_02956,Early Disease,1,0.6394,0.3617,0.77,25.428,1.2665,24.151,77.979,6.621,0.0428,0.0447
PHB_03444,Early Disease,1,0.6841,0.354,0.7588,24.192,1.1359,24.73,65.424,6.288,0.035,0.0468
PHB_07736,Early Disease,1,0.5788,0.3059,0.7053,24.12,1.3211,27.2,85.13,6.024,0.0353,0.047
PHB_00834,Moderate Illness,2,0.4997,0.5561,0.6594,25.857,1.1508,25.46,69.049,6.523,0.061,0.0636
PHB_06499,Early Disease,1,0.7183,0.2765,0.7934,25.43,1.1212,25.652,73.504,6.478,0.03,0.0626
PHB_02992,Severe Disease,3,0.3348,0.6466,0.4464,26.458,1.3411,27.589,60.293,6.001,0.0675,0.0549
PHB_07793,Healthy,0,0.8561,0.1349,0.8345,24.084,1.005,24.902,64.917,6.712,0.0225,0.0391
PHB_02151,Moderate Illness,2,0.5256,0.4561,0.5887,27.544,1.5305,22.287,70.431,6.197,0.045,0.0674
PHB_04023,Early Disease,1,0.7009,0.3276,0.6169,25.031,1.0364,27.922,64.32,6.46,0.0238,0.0449
PHB_07615,Early Disease,1,0.6247,0.3647,0.7841,25.589,1.2957,25.749,72.115,6.587,0.0355,0.0431
PHB_06124,Early Disease,1,0.6284,0.2801,0.7703,23.79,1.2964,25.868,64.496,6.592,0.0272,0.061
PHB_03339,Early Disease,1,0.6294,0.3346,0.5726,23.897,1.1993,24.895,74.024,6.372,0.0327,0.041
PHB_04344,Healthy,0,0.8604,0.0948,0.8404,25.112,1.2952,21.721,71.791,6.244,0.0336,0.0327
PHB_04464,Severe Disease,3,0.407,0.7005,0.4079,27.987,1.1311,21.426,47.724,5.871,0.0558,0.0663
PHB_02376,Healthy,0,0.7675,0.1853,0.8596,24.906,1.0333,21.138,58.513,6.617,0.034,0.0075
PHB_09044,Moderate Illness,2,0.4706,0.4908,0.664,25.605,1.2666,31.331,68.241,6.768,0.0345,0.0744
PHB_05571,Healthy,0,0.754,0.2489,0.8391,25.056,1.0237,20.124,66.695,6.171,0.0253,0.0413
PHB_08599,Early Disease,1,0.7625,0.2969,0.808,25.241,1.115,27.221,68.893,6.503,0.0421,0.0511
PHB_08504,Moderate Illness,2,0.4151,0.5474,0.6353,28.03,1.4703,25.183,64.679,6.275,0.0623,0.0615
PHB_08880,Early Disease,1,0.5603,0.3418,0.6037,26.176,1.1981,26.648,56.646,6.598,0.0368,0.0416
PHB_01887,Healthy,0,0.8507,0.1,0.9659,24.17,1.2225,23.829,69.332,6.368,0.0397,0.0296
PHB_01198,Moderate Illness,2,0.507,0.5005,0.5952,26.012,1.2701,25.93,63.373,6.391,0.0575,0.0535
PHB_06427,Healthy,0,0.8229,0.0784,0.9753,24.111,1.1237,23.561,51.974,6.363,0.028,0.0364
PHB_08911,Early Disease,1,0.7115,0.3017,0.7267,25.713,1.1424,25.351,68.203,6.276,0.0375,0.039
PHB_02936,Early Disease,1,0.5968,0.3379,0.7343,25.817,1.1464,24.926,70.804,6.314,0.0518,0.0416
PHB_06342,Severe Disease,3,0.4096,0.7159,0.5059,26.633,1.2824,23.653,53.127,6.043,0.0606,0.0575
PHB_01430,Early Disease,1,0.6578,0.3398,0.7812,24.943,1.148,24.219,62.478,6.54,0.0361,0.0578
PHB_06307,Moderate Illness,2,0.5194,0.4673,0.6526,25.9,1.3886,25.509,48.174,6.548,0.0529,0.0449
PHB_03650,Severe Disease,3,0.4501,0.743,0.4003,26.74,1.5893,24.638,54.487,6.078,0.0444,0.0594
PHB_01938,Moderate Illness,2,0.4761,0.511,0.5655,26.535,1.2947,30.825,68.125,6.002,0.042,0.0838
PHB_05172,Moderate Illness,2,0.4367,0.579,0.7121,25.238,1.2406,24.834,74.557,6.221,0.054,0.0727
PHB_07764,Early Disease,1,0.7256,0.3665,0.5939,26.816,1.1234,21.685,67.741,6.033,0.0439,0.0483
PHB_06393,Early Disease,1,0.6734,0.3141,0.7252,24.957,1.2351,23.886,47.976,6.369,0.0552,0.047
PHB_01154,Healthy,0,0.7956,0.0032,0.8958,24.327,0.9065,26.536,61.087,6.206,0.0286,0.0275
PHB_06250,Early Disease,1,0.6165,0.3793,0.7937,24.765,1.0283,23.294,68.981,6.1,0.0429,0.081
PHB_07037,Healthy,0,0.9084,0.204,0.8248,24.157,1.1967,22.917,70.328,6.44,0.0443,0.0111
PHB_04229,Moderate Illness,2,0.5382,0.4229,0.6743,26.082,1.3869,24.835,62.039,6.707,0.0698,0.0522
PHB_04975,Moderate Illness,2,0.4514,0.5807,0.657,26.738,1.3339,21.46,65.287,6.368,0.0364,0.0669
PHB_06401,Healthy,0,0.8279,0.1467,1.0225,25.27,1.0069,21.296,63.217,6.668,0.0388,0.046
PHB_03640,Moderate Illness,2,0.4766,0.4306,0.6583,27.116,1.1848,25.587,72.329,6.493,0.046,0.0678
PHB_03972,Healthy,0,0.798,0.2062,0.8676,22.394,1.2633,24.532,67.605,6.069,0.0263,0.047
PHB_09594,Moderate Illness,2,0.5262,0.528,0.7215,27.026,1.265,23.532,65.254,6.029,0.0503,0.0617
PHB_03376,Early Disease,1,0.6058,0.2924,0.7432,25.561,1.1186,25.515,51.748,6.278,0.0457,0.0346
PHB_02487,Severe Disease,3,0.3126,0.7639,0.4268,26.722,1.3821,26.8,57.009,6.318,0.0662,0.0559
PHB_06954,Moderate Illness,2,0.4459,0.6356,0.6108,26.9,1.6384,23.722,54.752,5.824,0.0233,0.053
PHB_00606,Severe Disease,3,0.4453,0.8119,0.4847,27.648,1.4433,25.786,55.811,5.778,0.0659,0.0879
PHB_07444,Healthy,0,0.8115,0.1209,0.9654,23.75,1.0835,22.704,74.38,6.568,0.0286,0.024
PHB_05928,Severe Disease,3,0.3242,0.6939,0.3851,28.024,1.4821,24.71,69.328,6.485,0.0428,0.0869
PHB_02454,Severe Disease,3,0.3391,0.7421,0.5097,28.347,1.4743,27.791,62.089,6.206,0.0677,0.0489
PHB_03609,Healthy,0,0.8754,0.0575,0.879,24.093,1.1572,26.036,79.932,6.312,0.0368,0.0468
PHB_01484,Healthy,0,0.8665,0.1146,0.7447,24.547,1.0846,23.057,80.978,6.095,0.0328,0.0291
PHB_04519,Severe Disease,3,0.3397,0.78,0.3455,27.154,1.403,26.921,63.132,6.105,0.0553,0.0583
PHB_03038,Healthy,0,0.7973,0.183,0.8896,24.47,1.1105,29.023,67.434,7.035,0.0269,0.0341
PHB_09352,Moderate Illness,2,0.4843,0.5753,0.6391,26.375,1.3202,19.08,67.378,6.2,0.0498,0.0637
PHB_07692,Early Disease,1,0.6214,0.2684,0.7526,25.71,1.186,25.929,59.352,6.287,0.043,0.0453
PHB_04116,Early Disease,1,0.6476,0.2967,0.7614,27.051,1.2227,25.254,67.145,6.557,0.0482,0.0764
PHB_01427,Healthy,0,0.8078,0.175,0.9664,23.925,0.8782,26.876,59.361,6.241,0.0263,0.0448
PHB_00497,Early Disease,1,0.6638,0.2901,0.7376,25.473,1.4001,23.846,63.669,6.155,0.0426,0.0359
PHB_03353,Healthy,0,0.855,0.1542,0.9558,24.774,1.2467,23.74,80.622,6.334,0.0293,0.039
PHB_08794,Moderate Illness,2,0.4361,0.5531,0.7373,26.581,1.0922,22.05,62.486,6.044,0.0275,0.0436
PHB_00759,Healthy,0,0.7656,0.0876,0.8095,23.668,1.1352,24.879,58.279,6.627,0.0308,0.0223
PHB_00838,Severe Disease,3,0.3788,0.6814,0.4892,27.607,1.4352,22.691,68.262,6.367,0.0906,0.073
PHB_04327,Healthy,0,0.7093,0.171,0.9631,24.836,1.1045,27.055,71.569,6.445,0.0223,0.033
PHB_02128,Early Disease,1,0.6526,0.3131,0.8548,26.127,1.1544,24.09,71.245,6.32,0.0369,0.0526
PHB_01023,Severe Disease,3,0.2608,0.8444,0.4603,26.719,1.5785,25.007,51.523,6.374,0.058,0.0593
PHB_08762,Healthy,0,0.7685,0.1744,0.8914,23.228,1.0628,23.65,77.585,6.267,0.0128,0.0446
PHB_05614,Moderate Illness,2,0.5383,0.4181,0.5763,26.363,1.2925,28.58,67.085,6.287,0.0255,0.0422
PHB_05581,Moderate Illness,2,0.6433,0.5237,0.7544,26.236,1.3515,27.004,62.297,6.081,0.0439,0.0408
PHB_01058,Healthy,0,0.871,0.1161,0.7852,23.559,1.1865,20.698,75.022,6.559,0.0278,0.0308
PHB_09542,Severe Disease,3,0.2556,0.7289,0.4339,27.561,1.2512,26.821,52.606,6.138,0.0691,0.0549
PHB_06856,Early Disease,1,0.6195,0.2427,0.7188,25.26,1.0762,24.562,56.737,6.189,0.0218,0.0452
PHB_07349,Early Disease,1,0.6025,0.3483,0.6272,25.216,1.2414,27.254,69.607,6.089,0.03,0.0651
PHB_09045,Early Disease,1,0.6928,0.2973,0.76,24.068,1.2028,27.031,71.698,6.373,0.0479,0.0432
PHB_02129,Healthy,0,0.8444,0.1366,0.8397,24.276,1.0658,23.462,65.018,6.595,0.0212,0.0319
PHB_02767,Early Disease,1,0.6686,0.4276,0.764,24.981,1.1176,27.673,69.072,6.22,0.0524,0.0417
PHB_02109,Early Disease,1,0.5921,0.2741,0.7765,25.262,1.2921,22.264,66.361,6.397,0.0301,0.0553
PHB_03617,Early Disease,1,0.6818,0.2568,0.769,24.079,1.0743,29.451,74.403,6.579,0.0222,0.0548
PHB_01545,Early Disease,1,0.6503,0.3022,0.7508,26.002,1.1555,26.576,59.254,6.629,0.0319,0.0365
PHB_06914,Moderate Illness,2,0.523,0.5634,0.6229,27.258,1.3206,26.268,60.454,6.19,0.0539,0.0822
PHB_01719,Moderate Illness,2,0.5349,0.562,0.4493,25.405,1.3567,28.087,66.019,6.004,0.0473,0.0369
PHB_07435,Healthy,0,0.7659,0.1483,0.8666,24.585,1.2018,23.546,60.524,6.575,0.0272,0.0411
PHB_07365,Healthy,0,0.7654,0.1798,0.7131,24.439,1.0042,22.425,73.098,6.927,0.029,0.0216
PHB_06235,Early Disease,1,0.6331,0.3175,0.7235,25.509,1.1686,19.355,51.263,6.448,0.0283,0.0329
PHB_00725,Healthy,0,0.8262,0.0,0.8568,24.625,1.1216,24.893,58.987,6.602,0.0433,0.0515
PHB_06673,Moderate Illness,2,0.4858,0.4896,0.5502,26.736,1.5554,28.956,61.847,6.066,0.0552,0.0395
PHB_08029,Severe Disease,3,0.3066,0.7267,0.4213,26.771,1.5361,21.011,66.935,6.307,0.0792,0.0756
PHB_05492,Moderate Illness,2,0.4597,0.52,0.6391,25.106,1.0975,26.345,65.05,6.044,0.062,0.0776
PHB_01128,Moderate Illness,2,0.4467,0.4921,0.7831,26.7,1.2428,25.443,71.187,6.084,0.0282,0.0546
PHB_02957,Healthy,0,0.8984,0.1359,0.8749,22.937,1.2461,26.482,68.953,6.858,0.0122,0.0212
PHB_05156,Healthy,0,0.9498,0.0639,0.8401,22.457,1.1986,25.064,65.93,6.317,0.0195,0.0469
PHB_04817,Healthy,0,0.748,0.0928,0.9262,25.43,1.1237,27.944,73.985,6.571,0.008,0.0199
PHB_06202,Early Disease,1,0.5778,0.19,0.7697,25.469,1.2146,25.355,61.708,6.365,0.0426,0.0374
PHB_06224,Healthy,0,0.75,0.2288,0.9245,25.046,1.0629,22.738,59.456,6.527,0.0183,0.0275
PHB_08686,Healthy,0,0.7925,0.1298,1.0068,24.663,1.0574,22.845,74.765,6.261,0.0364,0.0379
PHB_07114,Moderate Illness,2,0.4598,0.4898,0.4305,27.255,1.3053,23.214,59.572,6.542,0.0502,0.0647
PHB_05275,Early Disease,1,0.6386,0.2543,0.6742,25.608,1.0257,26.324,57.189,6.264,0.0378,0.0673
PHB_08536,Healthy,0,0.8037,0.0625,0.894,23.566,2.0,22.803,72.335,6.278,0.0258,0.0582
PHB_03044,Early Disease,1,0.6419,0.3801,0.6645,26.048,1.2546,28.058,64.864,6.493,0.05,0.0398
PHB_06912,Moderate Illness,2,0.4936,0.5352,0.5889,26.088,1.2544,26.424,55.693,6.116,0.0513,0.0401
PHB_00150,Healthy,0,0.7728,0.0689,1.017,25.291,1.0121,24.498,63.958,6.055,0.0104,0.042
PHB_07574,Early Disease,1,0.6153,0.3177,0.7603,25.028,1.0639,24.918,66.819,6.584,0.0346,0.0425
PHB_04206,Severe Disease,3,0.375,0.7102,0.4751,29.004,1.4058,25.458,56.737,6.084,0.036,0.06
PHB_05493,Healthy,0,0.7713,0.2061,0.8503,23.763,0.9859,24.728,65.167,6.334,0.0145,0.0284
PHB_02690,Moderate Illness,2,0.4876,0.4401,0.6381,26.724,1.2326,23.818,58.743,6.384,0.0259,0.0611
PHB_04221,Healthy,0,0.8156,0.0,0.8478,24.779,1.0593,29.058,52.413,6.326,0.0203,0.0407
PHB_09102,Moderate Illness,2,0.5254,0.521,0.7629,27.424,1.4231,23.741,59.497,6.393,0.0488,0.0623
PHB_00842,Severe Disease,3,0.3093,0.6496,0.3395,27.803,1.4223,28.185,57.334,6.174,0.0522,0.0877
PHB_08137,Moderate Illness,2,0.5215,0.5388,0.5597,27.846,1.3836,28.735,66.992,6.515,0.0462,0.0632
PHB_06438,Early Disease,1,0.637,0.3231,0.6344,25.656,1.1844,21.696,73.124,6.056,0.043,0.0622
PHB_09700,Healthy,0,0.7635,0.204,0.7773,24.394,1.2937,22.987,63.289,6.318,0.0135,0.0478
PHB_06200,Severe Disease,3,0.2601,0.7583,0.5304,26.081,1.2787,24.894,76.057,6.219,0.077,0.0779
PHB_02795,Severe Disease,3,0.3466,0.7167,0.4586,27.493,1.3714,27.815,67.961,6.323,0.064,0.0784
PHB_07626,Healthy,0,0.7914,0.0938,0.9332,23.399,1.1105,28.76,70.342,6.488,0.0117,0.038
PHB_08475,Early Disease,1,0.5555,0.2942,0.67,25.485,0.95,23.438,42.398,6.381,0.0386,0.0489
PHB_07890,Moderate Illness,2,0.5053,0.4921,0.6243,26.723,1.2959,24.607,63.529,5.88,0.06,0.0607
PHB_06608,Healthy,0,0.8723,0.0869,0.8311,24.298,1.0901,26.161,62.364,6.726,0.0258,0.0511
PHB_09195,Early Disease,1,0.7671,0.3292,0.7515,26.733,1.3317,23.507,68.091,6.298,0.0544,0.0368
PHB_08248,Healthy,0,0.8324,0.1082,0.9821,22.976,0.9968,28.14,69.263,6.21,0.0328,0.0181
PHB_01393,Healthy,0,0.994,0.0051,0.8701,23.913,1.2198,24.194,68.269,6.139,0.0213,0.0383
PHB_01922,Early Disease,1,0.7646,0.3393,0.7836,25.132,1.1765,22.324,56.347,6.136,0.0514,0.055
PHB_07019,Healthy,0,0.8545,0.2926,0.9821,24.126,1.0786,26.875,71.992,6.224,0.0145,0.049
PHB_03622,Early Disease,1,0.6402,0.3833,0.817,24.441,1.1583,25.62,68.016,5.897,0.0388,0.0381
PHB_04849,Healthy,0,0.8744,0.0942,0.828,24.809,1.026,26.053,56.353,6.395,0.0342,0.0314
PHB_02292,Moderate Illness,2,0.5106,0.5169,0.5638,26.49,1.4671,24.403,57.333,6.221,0.0657,0.0613
PHB_02134,Severe Disease,3,0.4902,0.7149,0.4103,26.866,1.3361,24.236,70.966,6.394,0.0587,0.0789
PHB_00551,Early Disease,1,0.7008,0.3295,0.6661,24.922,1.2781,27.74,67.2,6.449,0.0218,0.0617
PHB_01741,Healthy,0,0.8625,0.1481,0.9517,23.644,1.2577,23.405,76.837,6.39,0.0245,0.0429
PHB_05290,Moderate Illness,2,0.4177,0.4938,0.6564,26.109,1.3954,23.885,56.995,6.097,0.0555,0.0618
PHB_01818,Early Disease,1,0.5416,0.3773,0.7032,25.74,1.1705,22.912,78.762,6.281,0.0381,0.0389
PHB_04699,Moderate Illness,2,0.6187,0.6392,0.6341,25.606,1.5221,30.062,64.796,6.597,0.0515,0.0421
PHB_05182,Early Disease,1,0.7223,0.3544,0.6923,26.053,1.1447,24.123,57.481,6.642,0.0202,0.0141
PHB_03019,Early Disease,1,0.6529,0.3699,0.8048,26.491,1.2894,22.779,70.859,6.353,0.048,0.0489
PHB_00018,Healthy,0,0.8439,0.205,0.7779,24.335,0.9432,22.077,74.811,6.281,0.0141,0.0304
PHB_01771,Moderate Illness,2,0.5655,0.4655,0.6415,24.671,1.3145,28.57,64.266,6.366,0.0601,0.0761
PHB_01889,Severe Disease,3,0.3684,0.6636,0.4573,27.398,1.4065,23.271,65.318,6.1,0.0611,0.0673
PHB_02153,Severe Disease,3,0.3155,0.6365,0.4828,26.505,1.6558,26.916,59.78,6.078,0.0727,0.0669
PHB_01643,Early Disease,1,0.689,0.3652,0.738,24.592,1.3259,23.861,63.713,6.054,0.0351,0.0231
PHB_07847,Moderate Illness,2,0.3972,0.6092,0.592,25.926,1.2837,25.679,69.686,6.463,0.0358,0.0457
PHB_04194,Severe Disease,3,0.446,0.7352,0.5048,27.585,1.4243,25.073,56.141,5.912,0.0505,0.069
PHB_09433,Moderate Illness,2,0.4541,0.5999,0.6537,25.52,1.4137,25.05,57.956,6.585,0.04,0.0428
PHB_08899,Early Disease,1,0.7065,0.3662,0.6506,25.051,1.2656,25.694,66.386,6.122,0.0308,0.0505
PHB_00534,Moderate Illness,2,0.4495,0.544,0.6411,25.795,1.2783,25.208,71.177,6.341,0.0493,0.0358
PHB_00133,Moderate Illness,2,0.5034,0.5775,0.627,26.488,1.3137,25.642,76.341,6.445,0.0559,0.074
PHB_07723,Healthy,0,0.7873,0.1019,0.8716,24.03,1.0101,25.669,64.374,6.343,0.0237,0.0443
PHB_08459,Moderate Illness,2,0.5238,0.4368,0.552,26.234,1.077,23.012,51.714,6.454,0.0531,0.0476
PHB_00965,Severe Disease,3,0.4875,0.6344,0.5563,26.92,1.4658,27.611,68.032,6.15,0.0593,0.0717
PHB_08720,Healthy,0,0.8696,0.0072,0.9434,23.028,1.1624,26.504,76.999,6.787,0.0145,0.0149
PHB_06413,Early Disease,1,0.6412,0.2734,0.6996,25.912,1.3147,25.034,57.53,6.042,0.0327,0.0351
PHB_08286,Healthy,0,0.8778,0.0721,0.8158,25.14,1.1072,23.586,62.779,6.476,0.0227,0.0453
PHB_07854,Early Disease,1,0.6457,0.2021,0.5759,25.202,1.4187,23.7,68.947,6.386,0.0324,0.0578
PHB_01096,Early Disease,1,0.7485,0.3429,0.7327,25.137,1.2093,20.685,63.799,6.191,0.0153,0.0464
PHB_06930,Severe Disease,3,0.1998,0.7991,0.4724,28.202,1.3506,24.327,62.199,5.923,0.065,0.0656
PHB_09255,Severe Disease,3,0.3605,0.7081,0.4782,27.627,1.4129,27.99,52.508,6.627,0.0484,0.0689
PHB_01562,Moderate Illness,2,0.5155,0.384,0.5734,26.597,1.2123,24.752,70.334,6.41,0.0585,0.0509
PHB_01671,Early Disease,1,0.7265,0.2267,0.8363,25.424,1.1282,26.355,57.907,6.558,0.0264,0.0406
PHB_06088,Healthy,0,0.8793,0.0,0.9615,24.991,0.9519,24.731,71.474,6.096,0.0296,0.0301
PHB_06670,Severe Disease,3,0.2853,0.6519,0.4373,28.555,1.38,22.66,55.192,5.93,0.0504,0.0676
PHB_05934,Healthy,0,0.798,0.1947,0.8815,24.917,1.2369,23.781,76.388,6.856,0.0245,0.0253
PHB_08830,Severe Disease,3,0.2823,0.6328,0.5762,26.273,1.6407,24.633,68.558,6.034,0.0474,0.0908
PHB_07946,Early Disease,1,0.7442,0.3179,0.8122,23.857,1.2875,26.104,67.572,5.909,0.0286,0.0474
PHB_03509,Moderate Illness,2,0.356,0.5659,0.657,27.578,1.2961,25.085,50.306,6.373,0.0545,0.0777
PHB_02003,Severe Disease,3,0.3819,0.7595,0.5086,28.347,1.2812,27.923,58.062,6.521,0.0503,0.0783
PHB_05867,Severe Disease,3,0.2731,0.6766,0.5171,27.471,1.3975,24.637,58.871,5.783,0.0481,0.0679
PHB_00169,Early Disease,1,0.6786,0.2379,0.7395,24.785,1.1568,24.302,60.38,6.064,0.0358,0.0437
PHB_02589,Early Disease,1,0.6997,0.3869,0.7708,24.16,1.2004,25.374,72.804,6.41,0.0351,0.0363
PHB_05906,Severe Disease,3,0.2992,0.7345,0.374,27.121,1.3215,22.889,58.652,5.821,0.0529,0.0846
PHB_09530,Early Disease,1,0.6441,0.322,0.8005,24.872,0.8449,24.896,75.666,6.052,0.0559,0.0441
PHB_06385,Healthy,0,0.8928,0.1058,0.7355,23.701,1.2639,23.25,72.265,6.834,0.0155,0.0546
PHB_07825,Severe Disease,3,0.2007,0.8442,0.5104,27.214,1.4307,24.493,64.561,6.47,0.0499,0.0597
PHB_09780,Severe Disease,3,0.2895,0.6449,0.5004,28.231,1.413,21.774,58.872,6.029,0.0573,0.0664
PHB_04630,Early Disease,1,0.5937,0.3681,0.6694,25.293,1.1281,22.611,70.231,6.463,0.0409,0.0394
PHB_08561,Early Disease,1,0.7104,0.2346,0.6983,25.54,1.3087,28.064,50.615,6.049,0.0386,0.0498
PHB_09292,Severe Disease,3,0.2417,0.7094,0.4922,27.299,1.4939,24.504,74.92,6.087,0.0687,0.0512
PHB_06875,Healthy,0,0.8326,0.2186,0.8993,24.292,1.1766,23.369,63.802,6.506,0.0237,0.0378
PHB_06522,Early Disease,1,0.6472,0.3307,0.7571,25.573,1.3451,24.228,65.315,6.184,0.0278,0.0515
PHB_08980,Moderate Illness,2,0.573,0.5122,0.7888,26.191,1.199,22.973,70.138,6.129,0.0455,0.0582
PHB_06648,Healthy,0,0.7785,0.1622,0.8299,23.035,0.932,23.804,51.123,6.666,0.0204,0.0398
PHB_09826,Healthy,0,0.8649,0.1235,0.9483,23.572,1.0493,21.516,66.402,5.973,0.0292,0.012
PHB_00211,Moderate Illness,2,0.4286,0.5524,0.7035,26.414,1.4153,25.539,58.934,6.41,0.057,0.0564
PHB_05279,Healthy,0,0.8067,0.0063,0.8875,25.225,1.013,28.234,68.848,6.236,0.0216,0.0327
PHB_01920,Severe Disease,3,0.4684,0.7113,0.4388,27.745,1.4953,23.648,61.781,5.89,0.0742,0.0576
PHB_00719,Moderate Illness,2,0.5751,0.4946,0.642,25.081,1.2423,25.454,61.556,6.127,0.0429,0.0525
PHB_04869,Early Disease,1,0.6957,0.2439,0.7855,23.656,1.0962,25.713,53.871,5.967,0.0408,0.0447
PHB_07835,Moderate Illness,2,0.5322,0.4682,0.471,25.475,1.3273,24.369,77.548,6.622,0.0352,0.0543
PHB_01299,Moderate Illness,2,0.4347,0.4704,0.6474,26.588,1.9289,24.704,69.969,5.91,0.0493,0.0406
PHB_09194,Early Disease,1,0.7251,0.4116,0.77,25.191,1.0218,24.511,72.594,6.563,0.0376,0.0401
PHB_04618,Moderate Illness,2,0.5438,0.5207,0.5139,25.621,1.2816,26.475,72.529,6.224,0.0425,0.0624
PHB_03129,Moderate Illness,2,0.4847,0.5887,0.5694,26.434,1.2889,24.273,59.588,6.366,0.0436,0.0687
PHB_09796,Moderate Illness,2,0.4458,0.5991,0.5211,26.642,1.2958,22.891,67.267,6.449,0.0528,0.0665
PHB_03980,Moderate Illness,2,0.5157,0.4588,0.645,26.092,1.3866,25.768,56.235,6.211,0.0502,0.0451
PHB_09925,Healthy,0,0.8489,0.1542,0.913,24.048,1.0018,23.609,59.276,6.169,0.0165,0.0443
PHB_08318,Severe Disease,3,0.3986,0.696,0.4116,27.584,1.2567,22.452,63.34,5.909,0.0564,0.0911
PHB_04394,Moderate Illness,2,0.5108,0.4907,0.6285,26.463,1.3319,24.357,59.261,6.308,0.0569,0.0799
PHB_01288,Early Disease,1,0.6616,0.2771,0.7782,24.978,1.1726,25.02,61.453,6.304,0.0425,0.0473
PHB_04356,Moderate Illness,2,0.4999,0.5918,0.5172,26.077,1.2462,24.429,68.104,6.43,0.0464,0.036
PHB_07014,Moderate Illness,2,0.615,0.4936,0.6621,25.293,1.2069,23.553,59.48,6.566,0.0552,0.0563
PHB_03886,Healthy,0,0.7416,0.0946,0.8905,23.763,1.1076,18.976,68.778,6.809,0.0132,0.0434
PHB_05750,Severe Disease,3,0.246,0.8688,0.5685,27.281,1.46,24.896,63.629,6.068,0.0486,0.0707
PHB_09170,Early Disease,1,0.6918,0.3464,0.8589,26.169,1.2258,22.195,67.937,6.462,0.0331,0.0742
PHB_02408,Early Disease,1,0.6499,0.4009,0.6275,25.233,1.192,21.655,81.667,6.533,0.0414,0.0438
PHB_02014,Early Disease,1,0.6746,0.2241,0.7316,24.57,1.2722,26.832,76.556,6.426,0.0213,0.0585
PHB_05154,Healthy,0,0.8611,0.1815,0.7732,23.6,1.0645,26.578,68.986,6.341,0.0291,0.0384
PHB_08552,Moderate Illness,2,0.4559,0.5503,0.4719,25.846,1.3572,21.596,61.717,6.748,0.0642,0.0562
PHB_04377,Moderate Illness,2,0.4589,0.5612,0.6185,26.478,1.2291,22.801,71.196,6.534,0.0393,0.0711
PHB_08823,Moderate Illness,2,0.4722,0.5349,0.6629,25.08,1.1139,23.353,60.818,5.988,0.0522,0.0466
PHB_04274,Severe Disease,3,0.3837,0.7174,0.5018,26.6,1.155,23.573,63.197,6.256,0.0596,0.0456
PHB_05826,Healthy,0,0.8226,0.0272,0.8776,25.036,1.2092,21.074,62.489,6.43,0.0185,0.0336
PHB_06700,Moderate Illness,2,0.5514,0.4955,0.5854,27.421,1.4237,23.112,63.308,6.252,0.047,0.063
PHB_07244,Severe Disease,3,0.4162,0.7374,0.5315,26.906,1.52,25.066,59.82,6.287,0.0794,0.0676
PHB_00450,Moderate Illness,2,0.5149,0.5487,0.6314,27.564,1.2189,24.23,85.297,6.601,0.0579,0.0522
PHB_02228,Healthy,0,0.8009,0.1038,0.7647,23.782,1.3842,25.836,75.042,6.378,0.0172,0.0383
PHB_05757,Healthy,0,0.8508,0.2018,0.8519,24.397,1.281,24.284,68.751,6.652,0.0278,0.0092
PHB_00811,Healthy,0,0.8287,0.1951,0.8909,23.627,1.2513,24.709,71.218,6.464,0.0213,0.0356
PHB_04181,Moderate Illness,2,0.4916,0.5372,0.4465,26.306,1.4494,26.781,54.719,6.085,0.0449,0.0738
PHB_09001,Severe Disease,3,0.2444,0.6934,0.4838,25.478,1.5736,24.301,74.34,6.363,0.0545,0.0674
PHB_05439,Severe Disease,3,0.3558,0.7636,0.5435,27.114,1.0068,25.93,66.979,6.149,0.0681,0.0375
PHB_07534,Healthy,0,0.8234,0.1938,0.9967,24.775,1.0014,24.403,71.507,6.932,0.029,0.0339
PHB_06370,Moderate Illness,2,0.5434,0.5564,0.4636,27.098,1.2585,27.659,64.561,6.418,0.0474,0.0597
PHB_08417,Severe Disease,3,0.3426,0.6663,0.3688,27.142,1.4149,26.295,57.301,6.46,0.0668,0.0684
PHB_01478,Severe Disease,3,0.3975,0.7249,0.4533,26.216,1.2743,24.054,61.168,6.377,0.0674,0.0757
PHB_01791,Severe Disease,3,0.2827,0.8123,0.4841,28.895,1.0754,25.621,72.455,6.483,0.0612,0.0729
PHB_02009,Healthy,0,0.7936,0.114,0.7911,25.24,0.6312,23.851,80.263,6.442,0.0327,0.0385
PHB_00683,Healthy,0,0.765,0.0016,0.8895,24.063,1.2067,25.624,71.326,6.548,0.0375,0.0395
PHB_02817,Early Disease,1,0.8061,0.2939,0.8454,24.632,1.0644,21.864,65.847,6.064,0.0495,0.0343
PHB_09432,Healthy,0,0.8237,0.174,0.8173,24.161,1.1769,28.579,55.647,6.457,0.0164,0.0355
PHB_03775,Severe Disease,3,0.401,0.7267,0.3756,32.796,1.2862,26.222,61.136,6.097,0.0813,0.0818
PHB_06496,Healthy,0,0.8793,0.2033,1.0004,23.845,1.0275,26.49,80.941,5.894,0.022,0.0161
PHB_08879,Healthy,0,0.8696,0.1998,0.8375,24.993,1.1556,23.433,80.491,6.353,0.0474,0.0526
PHB_07362,Severe Disease,3,0.3337,0.9064,0.3216,27.173,1.3128,22.418,70.023,6.194,0.0732,0.0703
PHB_08367,Healthy,0,0.7822,0.0594,0.8939,25.586,1.006,22.154,68.361,6.193,0.0108,0.0242
PHB_07475,Early Disease,1,0.6013,0.2523,0.778,24.607,0.9349,23.181,62.098,6.345,0.0303,0.0512
PHB_00047,Early Disease,1,0.7079,0.2451,0.7842,24.735,1.4069,25.766,65.729,6.541,0.0217,0.0446
PHB_00031,Moderate Illness,2,0.4496,0.4542,0.5708,27.494,1.2025,23.871,68.385,6.753,0.0407,0.0715
PHB_08251,Early Disease,1,0.6556,0.3086,0.6662,25.752,1.2494,26.723,55.53,6.104,0.0274,0.0372
PHB_06936,Moderate Illness,2,0.4218,0.5389,0.6315,25.664,1.1976,25.947,63.212,6.096,0.0782,0.0865
PHB_01469,Moderate Illness,2,0.4682,0.5489,0.6994,26.201,1.3036,23.429,53.905,6.011,0.0775,0.0378
PHB_01666,Severe Disease,3,0.3589,0.7496,0.3683,27.838,1.4651,23.909,65.212,6.058,0.0609,0.0668
PHB_01417,Moderate Illness,2,0.5084,0.4973,0.5577,26.43,1.2739,25.848,68.59,6.121,0.0408,0.052
PHB_06481,Severe Disease,3,0.3757,0.7266,0.4731,27.9,1.5794,21.385,66.283,6.26,0.0562,0.0833
PHB_04853,Severe Disease,3,0.3055,0.7752,0.4203,27.428,1.4449,25.328,55.014,6.159,0.0664,0.0862
PHB_02471,Early Disease,1,0.6719,0.4626,0.6889,26.4,1.0092,23.961,71.187,6.724,0.0131,0.0622
PHB_04374,Healthy,0,0.6591,0.0779,0.7483,24.22,1.2071,24.656,63.417,6.515,0.0312,0.0506
PHB_08525,Healthy,0,0.7233,0.1619,0.8666,24.834,0.9522,24.446,60.469,6.421,0.0182,0.0225
PHB_00430,Severe Disease,3,0.3163,0.7103,0.5297,27.807,1.3343,29.699,61.147,6.132,0.035,0.0628
PHB_05245,Early Disease,1,0.5319,0.3169,0.685,26.095,1.185,25.057,73.016,6.395,0.0429,0.0433
PHB_02120,Healthy,0,0.8405,0.1413,0.9217,24.665,1.0787,27.299,73.584,6.524,0.0459,0.0246
PHB_00386,Severe Disease,3,0.331,0.7324,0.4205,27.415,1.4201,26.189,70.513,5.792,0.0702,0.0549
PHB_01946,Severe Disease,3,0.3861,0.6488,0.4879,27.167,1.4943,23.491,67.61,6.554,0.0567,0.0723
PHB_04225,Healthy,0,0.7863,0.0581,0.9658,22.983,1.0709,28.303,71.208,6.599,0.0268,0.024
PHB_00474,Healthy,0,0.8189,0.1895,0.9188,25.149,1.0467,23.958,69.443,6.812,0.0265,0.0534
PHB_02130,Healthy,0,0.9016,0.1847,0.9475,24.893,0.8207,24.704,70.932,6.931,0.0203,0.0254
PHB_06557,Severe Disease,3,0.3411,0.764,0.4137,27.377,1.4307,26.945,72.51,6.411,0.0681,0.0627
PHB_06999,Severe Disease,3,0.3896,0.6671,0.4848,26.072,1.4926,23.008,65.645,6.347,0.0529,0.0829
PHB_01056,Moderate Illness,2,0.5227,0.5044,0.5907,26.28,1.2837,24.303,60.084,6.448,0.0481,0.0673
PHB_03275,Moderate Illness,2,0.4752,0.5799,0.5897,26.437,1.3126,23.953,66.678,6.43,0.0419,0.0431
PHB_04962,Healthy,0,0.8617,0.1361,0.8626,23.762,1.1716,25.671,67.456,6.481,0.0243,0.0346
PHB_05364,Severe Disease,3,0.4111,0.7328,0.4102,26.999,1.3396,24.13,54.919,6.384,0.0376,0.0633
PHB_05817,Early Disease,1,0.6314,0.1699,0.8641,24.893,1.0599,26.129,74.031,6.253,0.0374,0.0375
PHB_00812,Healthy,0,0.8538,0.1173,0.9417,24.822,0.9906,23.605,73.819,6.322,0.0236,0.0536
PHB_04574,Early Disease,1,0.6303,0.331,0.7431,25.76,0.9047,24.955,78.042,6.297,0.039,0.0517
PHB_06138,Healthy,0,0.9163,0.097,0.8172,24.174,1.0175,25.681,71.661,6.314,0.0167,0.044
PHB_02389,Moderate Illness,2,0.4845,0.5929,0.5314,27.487,1.3842,24.812,64.872,5.967,0.0414,0.0518
PHB_09649,Healthy,0,0.7724,0.1668,0.8934,23.866,1.1413,23.758,74.964,6.565,0.0258,0.0338
PHB_06226,Healthy,0,0.6742,0.0644,0.9239,23.277,1.2527,23.667,73.364,6.564,0.0123,0.0281
PHB_00112,Healthy,0,0.9367,0.0498,0.7189,23.888,1.2351,24.063,74.125,6.872,0.0181,0.0351
PHB_08910,Healthy,0,0.8039,0.176,0.7991,24.19,1.1363,24.955,65.947,6.738,0.0194,0.072
PHB_01746,Moderate Illness,2,0.4936,0.5797,0.7065,26.297,1.4397,23.095,54.987,6.244,0.05,0.0593
PHB_07852,Severe Disease,3,0.3052,0.6141,0.4562,27.353,1.6386,26.973,65.551,6.199,0.0737,0.0677
PHB_01453,Severe Disease,3,0.4323,0.7269,0.4155,27.873,1.0697,24.734,60.712,5.951,0.0615,0.0746
PHB_00320,Severe Disease,3,0.2614,0.7206,0.3526,28.238,1.2022,27.72,61.504,6.348,0.0612,0.0831
PHB_08594,Early Disease,1,0.614,0.4391,0.6852,25.626,1.2672,24.511,63.783,6.803,0.0309,0.0455
PHB_03334,Healthy,0,0.8293,0.0,1.0304,23.955,0.9925,25.501,60.565,6.692,0.0287,0.0522
PHB_01923,Early Disease,1,0.7203,0.2777,0.731,25.483,1.1342,24.418,63.75,6.452,0.0372,0.0708
PHB_05866,Early Disease,1,0.6646,0.2893,0.7593,25.132,1.2379,24.4,65.098,6.566,0.0221,0.039
PHB_09529,Severe Disease,3,0.3907,0.8272,0.4448,27.668,1.3607,27.701,54.567,6.337,0.0644,0.051
PHB_03686,Healthy,0,0.7184,0.1588,0.8852,24.614,1.0499,23.045,65.352,6.262,0.0492,0.0391
PHB_04276,Healthy,0,0.8066,0.1176,0.8512,25.644,1.1756,24.358,69.889,6.197,0.0388,0.038
PHB_04890,Severe Disease,3,0.2278,0.6982,0.4969,28.527,1.3394,22.43,62.714,6.194,0.0825,0.0726
PHB_05226,Early Disease,1,0.6329,0.3396,0.6969,25.958,1.288,24.962,52.906,6.568,0.0465,0.0653
PHB_07473,Early Disease,1,0.6667,0.3604,0.7217,26.188,1.1016,24.679,66.365,6.14,0.0194,0.0486
PHB_03606,Healthy,0,0.8868,0.1956,0.8826,25.062,1.1749,26.088,62.545,6.351,0.0242,0.0408
PHB_01053,Early Disease,1,0.7659,0.3245,0.8178,25.16,1.1514,24.675,60.564,5.848,0.0169,0.0586
PHB_04157,Severe Disease,3,0.3507,0.6947,0.433,26.396,1.3513,21.38,67.665,6.347,0.0944,0.0796
PHB_09677,Moderate Illness,2,0.4086,0.6167,0.6874,27.058,1.1358,25.358,58.807,6.488,0.0484,0.054
PHB_00100,Severe Disease,3,0.3738,0.8211,0.507,27.622,1.6454,23.705,67.11,6.47,0.0641,0.0587
PHB_07509,Moderate Illness,2,0.5148,0.5834,0.6467,26.824,1.0371,23.228,47.452,6.31,0.0392,0.0529
PHB_01457,Healthy,0,0.8621,0.1059,0.7862,24.481,1.2813,21.606,71.292,6.599,0.0204,0.005
PHB_07689,Early Disease,1,0.6516,0.383,0.7206,31.178,1.2517,21.428,79.251,5.899,0.0289,0.0271
PHB_04005,Moderate Illness,2,0.585,0.5649,0.5698,27.955,1.1804,23.807,60.735,6.258,0.0338,0.0611
PHB_06867,Moderate Illness,2,0.4675,0.6534,0.6293,27.599,1.2577,24.739,57.341,6.612,0.0537,0.0735
PHB_04510,Early Disease,1,0.5965,0.3043,0.7212,25.575,1.0548,24.353,72.333,6.499,0.0254,0.0336
PHB_03300,Healthy,0,0.7803,0.1316,0.8494,23.258,1.2801,25.17,61.204,6.072,0.0167,0.0268
PHB_03800,Early Disease,1,0.6891,0.3706,0.7379,25.123,1.0787,22.796,69.895,6.431,0.0485,0.0618
PHB_04282,Early Disease,1,0.6771,0.3643,0.7317,25.155,1.191,25.546,62.794,6.635,0.0498,0.0489
PHB_09052,Moderate Illness,2,0.5924,0.427,0.546,25.907,1.3554,25.511,71.796,6.246,0.0457,0.053
PHB_06463,Moderate Illness,2,0.4522,0.5269,0.6623,26.083,1.1547,25.162,68.356,6.338,0.0453,0.0424
PHB_07913,Early Disease,1,0.6853,0.2745,0.6743,25.352,1.1461,23.753,72.726,6.586,0.0207,0.0354
PHB_01415,Healthy,0,0.816,0.1466,0.8978,25.718,1.191,20.08,70.195,6.396,0.023,0.0351
PHB_00541,Severe Disease,3,0.389,0.8494,0.4059,26.486,1.3607,24.831,56.438,6.331,0.0597,0.0518
PHB_05816,Severe Disease,3,0.3207,0.8574,0.3965,27.625,1.4166,23.735,65.914,6.667,0.0377,0.0848
PHB_08200,Healthy,0,0.837,0.2866,0.8842,25.674,1.0923,26.012,74.027,6.531,0.0277,0.0647
PHB_03681,Moderate Illness,2,0.4791,0.603,0.6173,26.31,1.3457,24.45,62.01,6.596,0.0574,0.0701
PHB_00755,Moderate Illness,2,0.4663,0.5307,0.5913,26.19,1.2207,26.607,75.864,6.442,0.0525,0.0472
PHB_04197,Healthy,0,0.8107,0.2074,0.9362,23.802,0.9494,26.896,72.342,6.544,0.0176,0.0744
PHB_02651,Severe Disease,3,0.3647,0.6635,0.4157,27.721,1.3153,25.952,69.432,6.274,0.068,0.0618
PHB_04523,Severe Disease,3,0.2771,0.8677,0.5092,26.713,1.4052,21.988,55.71,5.957,0.0634,0.0678
PHB_09520,Healthy,0,0.8723,0.1208,0.8849,23.531,0.9468,26.979,61.955,6.105,0.0267,0.0284
PHB_03119,Early Disease,1,0.6339,0.2562,0.7599,26.406,1.317,25.399,69.942,6.36,0.0382,0.0516
PHB_03729,Moderate Illness,2,0.485,0.5553,0.5405,26.86,1.3,26.291,54.442,6.447,0.0479,0.0566
PHB_03887,Severe Disease,3,0.4404,0.6804,0.5455,27.015,1.4051,27.299,69.178,6.169,0.0596,0.0522
PHB_07108,Moderate Illness,2,0.5107,0.5132,0.5805,25.813,1.2027,26.274,57.835,6.516,0.0436,0.0672
PHB_08069,Healthy,0,0.7096,0.1936,0.9175,24.69,1.3943,27.38,76.598,6.349,0.0209,0.0478
PHB_07326,Early Disease,1,0.6374,0.3111,0.7222,24.924,1.0388,28.411,58.304,6.366,0.0316,0.0697
PHB_08484,Moderate Illness,2,0.5587,0.4415,0.7501,24.812,1.1385,25.052,68.771,6.148,0.0443,0.0674
PHB_08768,Severe Disease,3,0.3964,0.7958,0.4812,27.151,1.2843,22.401,70.731,6.056,0.0685,0.0772
PHB_06501,Severe Disease,3,0.3092,0.7601,0.4559,26.943,1.4847,27.56,65.29,5.89,0.052,0.0821
PHB_08427,Severe Disease,3,0.3925,0.6723,0.5541,30.34,1.4809,23.619,61.998,5.954,0.056,0.0772
PHB_07964,Moderate Illness,2,0.4795,0.5844,0.546,26.504,1.2846,22.352,59.846,6.063,0.0474,0.0434
PHB_00602,Severe Disease,3,0.3493,0.6738,0.6474,28.361,1.3401,28.22,52.353,6.11,0.0633,0.0871
PHB_09250,Severe Disease,3,0.3913,0.6901,0.3546,27.437,1.3302,25.936,60.493,6.276,0.0655,0.0853
PHB_08920,Moderate Illness,2,0.5846,0.6046,0.6612,27.831,1.4321,25.559,59.764,6.535,0.0637,0.0521
PHB_06815,Moderate Illness,2,0.5787,0.4972,0.5847,26.622,1.2707,27.553,63.41,5.953,0.0455,0.0749
PHB_05412,Severe Disease,3,0.4168,0.7268,0.5567,27.406,1.3945,25.36,50.407,6.101,0.0656,0.0737
PHB_08748,Severe Disease,3,0.2634,0.6996,0.4687,27.693,1.5483,26.719,52.883,6.45,0.0445,0.0764
PHB_05523,Early Disease,1,0.6137,0.2785,0.8449,24.54,1.0577,22.526,86.297,6.503,0.0234,0.0531
PHB_01045,Healthy,0,0.9402,0.1568,0.8429,24.778,0.9819,26.137,69.058,5.903,0.0213,0.042
PHB_07335,Early Disease,1,0.6293,0.313,0.7059,25.11,1.3627,25.631,61.488,6.211,0.0233,0.037
PHB_01558,Early Disease,1,0.6178,0.2309,0.6872,25.633,1.2291,22.975,61.921,6.87,0.0419,0.057
PHB_03740,Early Disease,1,0.6044,0.4064,0.6778,24.697,1.0992,24.433,63.047,6.64,0.057,0.0481
PHB_03523,Healthy,0,0.7723,0.1556,0.8969,24.32,1.0512,27.08,54.468,6.514,0.0112,0.0407
PHB_00181,Severe Disease,3,0.2905,0.7336,0.5009,27.125,1.452,23.263,72.695,5.961,0.0404,0.0761
PHB_02116,Severe Disease,3,0.4248,0.7973,0.4319,26.982,1.29,23.035,61.9,6.339,0.0604,0.0584
PHB_01700,Moderate Illness,2,0.4629,0.506,0.5479,26.18,1.2863,25.935,69.481,6.015,0.0445,0.0531
PHB_01380,Early Disease,1,0.5723,0.3889,0.7483,26.137,1.1374,21.454,59.979,6.491,0.0453,0.0528
PHB_07230,Severe Disease,3,0.3405,0.642,0.4354,28.159,1.4393,24.177,59.61,6.042,0.0497,0.0521
PHB_09144,Moderate Illness,2,0.5373,0.4756,0.6503,26.739,1.263,26.002,66.448,6.355,0.0339,0.0719
PHB_00619,Healthy,0,0.8033,0.009,0.8303,24.441,1.0652,25.71,52.044,6.574,0.0285,0.0329
PHB_03182,Early Disease,1,0.6126,0.2854,0.8056,24.862,1.1502,27.333,62.751,6.869,0.0582,0.0539
PHB_09852,Moderate Illness,2,0.5864,0.5292,0.5663,26.836,1.2826,24.07,76.319,6.243,0.0554,0.0664
PHB_01601,Severe Disease,3,0.2577,0.6382,0.4567,27.174,1.2125,24.756,59.215,6.324,0.0586,0.076
PHB_05964,Early Disease,1,0.6257,0.2012,0.7968,26.259,1.2949,27.919,64.586,6.791,0.042,0.0596
PHB_01616,Healthy,0,0.7362,0.122,0.9052,24.535,1.146,27.662,65.844,6.51,0.0306,0.0387
PHB_05921,Early Disease,1,0.7298,0.2542,0.6432,25.098,1.3689,23.7,76.751,6.165,0.0499,0.0317
PHB_09592,Healthy,0,0.8874,0.02,0.9664,26.097,1.1205,24.583,78.246,6.64,0.0493,0.0091
PHB_03892,Moderate Illness,2,0.4744,0.5653,0.688,27.826,1.2576,24.943,67.819,6.15,0.0483,0.0709
PHB_02084,Healthy,0,0.7642,0.119,0.9993,24.947,1.1143,24.867,63.428,6.332,0.025,0.0398
PHB_04575,Severe Disease,3,0.3402,0.7439,0.4833,27.282,1.4629,26.847,72.352,6.259,0.0626,0.092
PHB_05595,Moderate Illness,2,0.5739,0.5931,0.5144,26.51,1.2066,26.205,80.428,6.097,0.0441,0.0574
PHB_05122,Early Disease,1,0.8047,0.3117,0.7576,24.503,1.2265,24.073,71.164,5.995,0.036,0.0542
PHB_04588,Severe Disease,3,0.3371,0.8782,0.459,28.387,1.3971,24.925,58.783,6.593,0.0511,0.0748
PHB_04903,Healthy,0,0.7783,0.1959,0.8773,24.639,1.0265,25.201,62.937,6.683,0.0249,0.0522
PHB_08253,Moderate Illness,2,0.5188,0.4922,0.5901,26.643,1.272,28.339,67.211,6.321,0.0607,0.0538
PHB_05917,Severe Disease,3,0.2934,0.6906,0.5353,26.993,1.3151,22.76,69.755,6.26,0.0684,0.0805
PHB_05130,Severe Disease,3,0.2936,0.7343,0.4647,27.773,1.5957,29.169,62.035,6.425,0.0679,0.0768
PHB_08335,Healthy,0,0.7492,0.0066,0.8603,23.29,1.0416,28.063,66.568,6.093,0.0269,0.0556
PHB_01919,Moderate Illness,2,0.5408,0.5492,0.6082,25.774,1.2161,29.329,57.506,6.127,0.0398,0.067
PHB_08331,Healthy,0,0.844,0.0634,0.8965,24.399,0.9041,29.342,62.96,6.413,0.0274,0.0198
PHB_05708,Severe Disease,3,0.2401,0.6227,0.4353,27.657,1.4462,25.551,70.438,6.129,0.0743,0.0789
PHB_05385,Healthy,0,0.8743,0.1754,0.8144,24.83,0.8352,24.341,65.453,6.445,0.04,0.0363
PHB_06337,Early Disease,1,0.7731,0.311,0.5939,24.298,1.2772,24.606,70.782,6.264,0.0412,0.0244
PHB_02055,Early Disease,1,0.7124,0.3141,0.7726,26.361,1.267,27.476,73.128,6.557,0.0325,0.0331
PHB_07613,Moderate Illness,2,0.4989,0.5707,0.54,27.299,1.2418,25.304,63.545,6.005,0.0646,0.0665
PHB_09210,Moderate Illness,2,0.4444,0.5557,0.6314,27.123,1.2495,23.173,62.473,6.433,0.0539,0.0594
PHB_03964,Early Disease,1,0.549,0.3239,0.7625,25.91,1.1543,23.457,71.423,6.701,0.041,0.0387
PHB_01127,Moderate Illness,2,0.5394,0.5388,0.6284,25.759,1.2504,25.283,55.623,6.614,0.052,0.0544
PHB_03429,Severe Disease,3,0.2731,0.8007,0.5238,27.299,1.6085,23.312,65.927,6.29,0.0696,0.0637
PHB_04602,Severe Disease,3,0.2321,0.6144,0.3555,28.057,1.502,28.461,50.447,6.332,0.0543,0.0487
PHB_03722,Moderate Illness,2,0.5206,0.4239,0.6309,25.789,1.1741,25.759,64.549,6.546,0.0331,0.0587
PHB_02390,Healthy,0,0.7826,0.1882,1.0066,23.342,1.1856,26.95,83.841,6.208,0.0394,0.0257
PHB_01323,Healthy,0,0.7764,0.12,0.8429,23.836,1.1945,26.351,65.386,6.802,0.0367,0.0313
PHB_01604,Severe Disease,3,0.2524,0.7218,0.5981,27.72,1.2955,25.001,65.957,5.865,0.0496,0.0796
PHB_07225,Moderate Illness,2,0.5179,0.5653,0.6311,26.388,1.2405,22.134,66.896,6.314,0.0593,0.0566
PHB_07426,Healthy,0,0.8386,0.1645,0.8011,25.932,1.2329,23.295,63.785,6.187,0.02,0.0237
PHB_04337,Healthy,0,0.7037,0.1731,0.8478,24.487,1.1369,26.206,73.095,6.439,0.0456,0.025
PHB_05594,Healthy,0,0.8216,0.124,0.902,24.709,1.0913,24.85,67.502,6.546,0.0344,0.0387
PHB_04412,Healthy,0,0.754,0.0096,0.9491,23.4,0.8496,25.172,78.617,6.491,0.0431,0.043
PHB_05859,Moderate Illness,2,0.5266,0.4855,0.5804,26.18,1.0851,24.456,80.092,6.402,0.0579,0.0715
PHB_09344,Healthy,0,0.8197,0.172,0.9183,23.294,1.1193,23.717,65.116,6.376,0.0261,0.0305
PHB_03992,Early Disease,1,0.696,0.2971,0.6881,25.667,1.2236,24.501,81.335,6.479,0.0433,0.0381
PHB_06080,Severe Disease,3,0.4106,0.7321,0.454,26.525,1.3384,24.977,62.904,6.273,0.0626,0.0798
PHB_01560,Severe Disease,3,0.3205,0.731,0.5321,27.001,1.5637,23.117,63.791,6.496,0.0516,0.0724
PHB_04683,Severe Disease,3,0.3237,0.7592,0.5163,27.353,1.3564,29.864,60.182,6.132,0.0544,0.0875
PHB_07558,Early Disease,1,0.6851,0.2751,0.7982,25.23,1.1442,25.104,57.285,6.577,0.0338,0.0484
PHB_03773,Moderate Illness,2,0.5433,0.4993,0.677,30.477,1.4321,26.541,71.058,6.516,0.0438,0.0455
PHB_08780,Healthy,0,0.8042,0.1457,0.9203,24.546,1.1529,26.541,61.027,6.573,0.0102,0.04
PHB_03458,Severe Disease,3,0.2207,0.8118,0.3486,28.32,1.2709,20.675,61.864,6.112,0.0399,0.0629
PHB_08384,Early Disease,1,0.7121,0.263,0.6934,24.96,1.2218,22.752,69.15,6.21,0.0322,0.0635
PHB_01355,Severe Disease,3,0.2779,0.7322,0.4765,24.977,1.3778,25.523,62.221,6.373,0.0544,0.0622
PHB_00046,Severe Disease,3,0.3943,0.7724,0.3545,31.423,1.1249,24.613,57.754,6.246,0.0403,0.0775
PHB_09873,Moderate Illness,2,0.5416,0.5144,0.6778,26.313,1.0704,30.452,65.929,6.503,0.0762,0.0741
PHB_00749,Severe Disease,3,0.3809,0.746,0.3855,27.421,1.453,26.708,64.81,6.64,0.0618,0.0689
PHB_07918,Healthy,0,0.8795,0.1462,0.7809,23.75,1.0555,24.76,80.037,6.16,0.0362,0.0295
PHB_04242,Severe Disease,3,0.4146,0.8544,0.4245,27.19,1.4986,26.243,68.084,6.073,0.0624,0.0661
PHB_05629,Healthy,0,0.8324,0.1545,0.9524,24.8,1.2325,24.099,60.015,6.482,0.0397,0.0294
PHB_04658,Healthy,0,0.7473,0.0753,0.8216,24.54,1.2712,24.672,72.857,6.731,0.0247,0.0543
PHB_04239,Moderate Illness,2,0.5669,0.4875,0.5823,26.705,1.2296,21.681,66.704,6.436,0.0649,0.0638
PHB_03461,Early Disease,1,0.6325,0.2919,0.7656,26.165,1.4402,24.926,66.135,6.833,0.032,0.0537
PHB_07382,Early Disease,1,0.6068,0.2816,0.6714,26.869,1.3009,25.685,75.53,6.511,0.0365,0.062
PHB_05550,Early Disease,1,0.5652,0.3136,0.7362,25.08,1.1184,22.209,64.026,6.151,0.0319,0.0406
PHB_07076,Early Disease,1,0.7438,0.2465,0.5956,24.362,1.117,23.793,71.842,6.677,0.0352,0.0575
PHB_05839,Early Disease,1,0.5955,0.3764,0.7687,25.88,1.1097,21.376,64.897,6.779,0.0269,0.0672
PHB_08092,Healthy,0,0.6962,0.0657,0.9078,24.84,1.1057,25.518,77.908,6.424,0.0211,0.0199
PHB_05475,Moderate Illness,2,0.5271,0.4794,0.5982,26.306,1.4316,24.382,74.193,6.37,0.0508,0.069
PHB_03615,Moderate Illness,2,0.4533,0.4876,0.6459,26.043,1.4071,25.198,53.955,6.46,0.0525,0.0408
PHB_07502,Moderate Illness,2,0.4872,0.4836,0.5473,27.5,1.4152,22.671,72.965,6.091,0.0463,0.0696
PHB_07054,Early Disease,1,1.1891,0.2397,0.6634,25.906,1.1565,22.043,77.825,6.0,0.0396,0.0274
PHB_07368,Severe Disease,3,0.2084,0.6558,0.4171,27.975,1.4834,25.561,66.449,6.314,0.0775,0.0732
PHB_08020,Moderate Illness,2,0.4903,0.4968,0.5621,24.982,1.5154,25.113,69.306,5.983,0.0618,0.0575
PHB_09639,Moderate Illness,2,0.5846,0.5396,0.7326,25.668,1.4471,24.515,55.546,6.024,0.0485,0.049
PHB_09056,Severe Disease,3,0.3401,0.743,0.5655,28.683,1.2866,24.129,67.085,6.202,0.0609,0.0929
PHB_00665,Early Disease,1,0.6035,0.2887,0.8677,24.456,1.1999,27.81,81.115,6.235,0.0241,0.0618
PHB_02320,Severe Disease,3,0.2664,0.7829,0.5435,26.877,1.5682,22.522,62.283,5.628,0.0612,0.0612
PHB_03543,Severe Disease,3,0.364,0.759,0.5076,28.04,1.0731,23.514,59.092,5.888,0.059,0.0905
PHB_03678,Moderate Illness,2,0.4885,0.5872,0.6333,27.952,1.1946,20.737,76.698,6.145,0.0631,0.0524
PHB_09600,Moderate Illness,2,0.4544,0.5784,0.5854,25.315,1.4549,24.908,70.785,6.234,0.0577,0.0662
PHB_03092,Severe Disease,3,0.3222,0.8873,0.5616,26.887,1.271,25.4,52.522,5.784,0.0627,0.0548
PHB_00676,Early Disease,1,0.6022,0.3466,0.8717,24.849,1.1541,26.238,65.903,6.168,0.0307,0.031
PHB_08677,Severe Disease,3,0.3542,0.7341,0.4373,28.428,1.5744,23.835,60.555,6.532,0.0675,0.094
PHB_04885,Severe Disease,3,0.299,0.7855,0.5062,27.678,1.4918,26.823,62.127,6.175,0.0759,0.0642
PHB_08080,Severe Disease,3,0.269,0.7624,0.4372,26.604,1.3572,24.629,74.183,6.017,0.052,0.0665
PHB_01963,Moderate Illness,2,0.4962,0.6021,0.6275,26.815,1.096,29.403,58.816,6.369,0.0628,0.0665
PHB_01841,Healthy,0,0.8436,0.1765,0.8998,24.18,1.2828,25.36,65.103,6.433,0.0187,0.0373
PHB_07169,Moderate Illness,2,0.5646,0.4591,0.7734,27.609,1.2328,23.006,69.232,6.243,0.0435,0.0736
PHB_09899,Moderate Illness,2,0.4636,0.5085,0.6496,25.036,1.2599,25.916,71.122,5.869,0.058,0.0446
PHB_03539,Healthy,0,0.8321,0.0436,0.8399,25.55,0.9745,28.509,75.255,6.675,0.0292,0.025
PHB_08027,Early Disease,1,0.6197,0.3735,0.8288,24.676,1.127,24.145,68.305,6.228,0.0313,0.0439
PHB_04867,Early Disease,1,0.666,0.3229,0.7663,25.064,1.2679,27.745,67.389,6.013,0.0314,0.0474
PHB_04175,Severe Disease,3,0.271,0.6511,0.4973,27.683,1.6159,25.985,63.159,6.31,0.051,0.0863
PHB_08089,Early Disease,1,0.536,0.337,0.8148,26.116,1.3297,24.777,71.913,6.459,0.0531,0.0425
PHB_04378,Healthy,0,0.8067,0.0985,0.8774,25.397,1.1028,25.556,68.157,6.355,0.0033,0.0241
PHB_06212,Moderate Illness,2,0.4954,0.5817,0.5588,25.864,1.2896,25.093,77.766,6.117,0.0662,0.0279
PHB_04767,Moderate Illness,2,0.463,0.5685,0.5243,26.946,1.4316,20.659,71.81,6.386,0.0445,0.0363
PHB_00412,Moderate Illness,2,0.4477,0.5531,0.5797,26.952,1.0795,23.8,68.267,6.065,0.0437,0.0825
PHB_00614,Severe Disease,3,0.4286,0.7208,0.4059,26.61,1.3482,22.096,72.348,6.509,0.0692,0.0549
PHB_06127,Healthy,0,0.778,0.0,0.9959,28.692,1.3544,23.873,73.945,6.595,0.0172,0.0514
PHB_05211,Early Disease,1,0.5896,0.2606,0.8524,25.89,1.1046,24.79,60.513,6.602,0.0457,0.0468
PHB_01431,Severe Disease,3,0.3657,0.7116,0.5394,27.521,1.2687,26.86,69.778,6.344,0.0542,0.0389
PHB_02426,Moderate Illness,2,0.6338,0.6217,0.6401,26.559,1.2051,24.67,49.572,6.132,0.051,0.0814
PHB_08842,Healthy,0,0.786,0.2366,0.876,24.471,1.0544,26.203,71.696,5.961,0.0285,0.0428
PHB_03834,Early Disease,1,0.6922,0.4058,0.6743,25.765,1.1199,22.097,53.755,6.279,0.0288,0.0458
PHB_04719,Moderate Illness,2,0.554,0.5537,0.7175,26.642,1.3902,23.577,75.814,6.663,0.0362,0.0677
PHB_07186,Early Disease,1,0.7063,0.3638,0.868,25.605,1.1433,22.296,60.316,6.737,0.0414,0.0669
PHB_01418,Moderate Illness,2,0.5444,0.4731,0.6995,27.667,1.3368,25.711,53.537,6.515,0.0502,0.0527
PHB_07200,Moderate Illness,2,0.5251,0.3999,0.5485,26.461,1.2234,22.02,68.268,5.947,0.0472,0.0554
PHB_00605,Severe Disease,3,0.292,0.6539,0.3506,27.369,1.42,25.612,60.717,6.097,0.0731,0.0657
PHB_01273,Early Disease,1,0.6816,0.3083,0.6986,25.758,1.0744,26.458,68.029,6.079,0.0259,0.0415
PHB_03965,Early Disease,1,0.7367,0.3431,0.7324,24.389,1.0613,27.017,67.535,6.581,0.0498,0.0511
PHB_06368,Healthy,0,0.8518,0.2143,0.8559,25.318,1.0786,25.169,70.816,6.52,0.0165,0.0468
PHB_08747,Moderate Illness,2,0.4579,0.567,0.5417,27.481,1.2949,26.749,57.744,6.117,0.05,0.0567
PHB_00248,Early Disease,1,0.68,0.3061,0.7594,24.832,1.3701,22.657,67.566,6.637,0.0306,0.0663
PHB_09227,Severe Disease,3,0.2316,0.7949,0.4735,25.303,1.5184,23.907,61.982,6.418,0.0627,0.0808
PHB_01983,Severe Disease,3,0.3436,0.7538,0.3185,27.844,1.3863,23.514,64.766,6.093,0.0506,0.0733
PHB_02836,Moderate Illness,2,0.5049,0.5422,0.6792,27.561,1.1608,26.598,72.124,6.226,0.0635,0.0612
PHB_05376,Moderate Illness,2,0.4905,0.5947,0.5203,25.625,1.1224,21.979,67.694,6.608,0.0425,0.0725
PHB_00200,Early Disease,1,0.6216,0.2859,0.782,25.354,1.1526,26.387,69.276,6.542,0.0322,0.0444
PHB_00486,Early Disease,1,0.7045,0.3642,0.8205,25.589,1.1111,27.17,68.249,6.352,0.039,0.0304
PHB_06084,Healthy,0,0.8367,0.1947,0.8649,24.039,1.1764,24.955,62.14,6.309,0.0147,0.0471
PHB_08957,Moderate Illness,2,0.5303,0.5328,0.5177,27.496,1.0787,24.786,67.203,6.309,0.0399,0.0593
PHB_00456,Healthy,0,0.7953,0.1002,0.9019,23.834,1.0554,26.722,63.448,6.714,0.0442,0.0316
PHB_09799,Healthy,0,0.9241,0.1952,0.8445,24.539,0.9653,21.908,73.623,6.57,0.0213,0.0207
PHB_08827,Moderate Illness,2,0.5664,0.5214,0.6646,25.421,1.2669,23.782,59.117,6.45,0.057,0.0685
PHB_06516,Early Disease,1,0.5838,0.2793,0.8211,24.966,1.1802,22.915,77.812,6.26,0.0407,0.0295
PHB_01722,Healthy,0,0.8813,0.2214,0.8541,24.97,0.9695,27.137,61.589,6.479,0.0187,0.0189
PHB_07051,Severe Disease,3,0.2782,0.6072,0.402,26.714,1.5289,24.719,63.007,6.437,0.0597,0.0634
PHB_06383,Moderate Illness,2,0.4566,0.5423,0.6132,25.625,1.5292,26.295,64.825,6.411,0.0498,0.0518
PHB_08166,Moderate Illness,2,0.5047,0.4653,0.698,26.28,1.2459,24.916,59.737,6.434,0.0653,0.0578
PHB_05768,Moderate Illness,2,0.4751,0.5322,0.5679,25.33,1.1697,21.285,72.265,6.165,0.0523,0.0568
PHB_05810,Severe Disease,3,0.429,0.7465,0.264,26.476,1.4606,23.918,72.65,6.167,0.0745,0.0859
PHB_04627,Severe Disease,3,0.2665,0.7383,0.3684,26.53,1.4621,24.193,50.969,6.422,0.0567,0.068
PHB_00863,Severe Disease,3,0.2357,0.8213,0.4558,26.826,1.589,27.111,63.924,6.509,0.077,0.0642
PHB_02095,Severe Disease,3,0.3903,0.7574,0.4172,27.151,1.3847,25.764,67.867,6.139,0.044,0.0671
PHB_00948,Severe Disease,3,0.38,0.7666,0.3692,27.794,1.4454,24.233,69.71,6.142,0.0567,0.054
PHB_05642,Severe Disease,3,0.3743,0.731,0.5646,27.477,1.4889,25.432,74.162,6.58,0.0808,0.0707
PHB_01445,Healthy,0,0.8277,0.1062,0.9187,25.171,1.133,28.52,83.817,6.392,0.0186,0.0449
PHB_01281,Early Disease,1,0.674,0.4118,0.8187,25.272,1.2702,26.503,50.238,6.046,0.0303,0.0472
PHB_03111,Early Disease,1,0.6882,0.2913,0.8171,26.405,1.3709,24.456,69.062,5.863,0.0287,0.0394
PHB_08953,Early Disease,1,0.6519,0.3772,0.7646,25.971,0.969,22.676,67.783,6.382,0.0239,0.058
PHB_07610,Severe Disease,3,0.469,0.6869,0.5046,26.847,1.3317,25.53,72.221,6.229,0.0537,0.0653
PHB_05136,Moderate Illness,2,0.462,0.4231,0.5386,25.462,1.3943,20.536,64.026,6.249,0.0601,0.042
PHB_03017,Severe Disease,3,0.258,0.6897,0.5534,26.846,1.342,19.84,61.136,6.085,0.0458,0.0855
PHB_02303,Early Disease,1,0.527,0.3056,0.7554,26.254,1.2466,24.593,57.478,6.416,0.0488,0.0392
PHB_02005,Healthy,0,0.7712,0.1779,0.8363,24.083,1.2208,25.791,71.848,6.535,0.0199,0.046
PHB_04581,Moderate Illness,2,0.4589,0.5892,0.6003,27.254,1.1035,25.674,68.77,6.489,0.0478,0.0416
PHB_08705,Early Disease,1,0.6169,0.4172,0.6228,24.823,1.2113,22.999,62.822,6.232,0.0293,0.063
PHB_01006,Early Disease,1,0.6914,0.3725,0.7952,25.423,1.1546,28.459,50.195,6.297,0.0562,0.0423
PHB_05139,Healthy,0,0.7585,0.1103,0.9304,24.511,1.1056,25.873,66.476,6.381,0.016,0.0404
PHB_04318,Severe Disease,3,0.3367,0.6361,0.4211,28.12,1.3703,26.215,60.815,6.444,0.0733,0.0917
PHB_06559,Severe Disease,3,0.421,0.7327,0.5613,26.714,1.6498,22.969,52.164,6.036,0.0791,0.0726
PHB_04388,Healthy,0,0.7899,0.2707,0.8086,25.09,1.256,25.738,66.899,6.521,0.0017,0.0419
PHB_02133,Severe Disease,3,0.3676,0.7825,0.5575,27.376,1.5376,24.602,73.232,6.213,0.0476,0.0643
PHB_04266,Moderate Illness,2,0.5504,0.4037,0.5709,24.898,1.3583,26.037,61.361,6.349,0.0557,0.0587
PHB_02058,Early Disease,1,0.7085,0.2683,0.6617,25.327,1.2434,24.97,68.912,5.881,0.0356,0.0514
PHB_05387,Healthy,0,0.891,0.2503,0.8678,25.39,1.2111,23.905,63.994,6.692,0.0071,0.0382
PHB_00230,Healthy,0,0.8795,0.1612,0.9064,23.817,1.263,24.549,73.095,6.836,0.0235,0.029
PHB_02890,Healthy,0,0.7789,0.0739,0.8546,24.751,1.2689,25.007,61.661,6.297,0.019,0.0473
PHB_04473,Moderate Illness,2,0.6093,0.4376,0.5681,25.575,1.2281,25.286,64.075,6.33,0.0267,0.0526
PHB_06065,Early Disease,1,0.6322,0.3233,0.8878,24.518,1.232,26.751,63.771,6.563,0.0266,0.066
PHB_07925,Severe Disease,3,0.3459,0.7313,0.5333,27.073,1.3335,25.719,69.933,5.944,0.079,0.0843
PHB_07650,Moderate Illness,2,0.393,0.506,0.5958,26.393,1.2781,27.231,66.678,6.289,0.0496,0.0619
PHB_08382,Moderate Illness,2,0.4661,0.5068,0.5706,25.73,1.3095,23.194,66.357,6.305,0.0587,0.0411
PHB_00210,Moderate Illness,2,0.484,0.5485,0.6387,27.337,1.3345,23.096,77.52,6.708,0.0504,0.0421
PHB_02759,Moderate Illness,2,0.4952,0.567,0.6176,26.388,1.3932,20.274,57.576,6.193,0.0424,0.0594
PHB_08472,Severe Disease,3,0.3759,0.6346,0.5077,26.541,1.4315,26.388,60.462,6.27,0.0664,0.0532
PHB_02949,Severe Disease,3,0.38,0.6502,0.4779,27.672,1.4288,27.335,70.046,5.833,0.0527,0.0776
PHB_07117,Early Disease,1,0.6346,0.345,0.7688,24.768,0.9786,26.81,54.035,6.345,0.0262,0.0494
PHB_06331,Early Disease,1,0.724,0.4169,0.6972,26.231,1.1829,25.089,84.977,6.669,0.0543,0.0653
PHB_01729,Healthy,0,0.8238,0.1636,1.0325,24.283,0.9869,26.186,59.914,5.977,0.0086,0.0301
PHB_04177,Moderate Illness,2,0.4883,0.5883,0.5239,27.247,1.0998,26.033,83.206,6.065,0.0557,0.0645
PHB_00338,Moderate Illness,2,0.5167,0.5208,0.5585,25.92,1.3907,25.453,55.938,6.338,0.0653,0.0658
PHB_04985,Early Disease,1,0.641,0.3534,0.7682,25.422,1.0264,23.134,64.807,6.529,0.0326,0.0466
PHB_06879,Moderate Illness,2,0.5571,0.525,0.6096,26.366,1.1777,25.496,76.293,6.264,0.0425,0.087
PHB_07249,Severe Disease,3,0.4326,0.7507,0.4448,27.76,1.4498,25.472,68.478,6.513,0.0758,0.0833
PHB_08453,Healthy,0,0.8401,0.1706,0.8299,24.041,0.9654,23.24,69.449,5.969,0.0248,0.0152
PHB_01227,Early Disease,1,0.7137,0.3127,0.8369,25.659,1.2954,24.162,67.958,6.903,0.0439,0.0492
PHB_07609,Early Disease,1,0.7355,0.2472,0.8429,25.558,1.1237,21.721,65.715,6.262,0.0342,0.042
PHB_06828,Severe Disease,3,0.3736,0.7318,0.4662,27.609,1.3395,26.629,59.238,6.352,0.0624,0.0584
PHB_03541,Severe Disease,3,0.4096,0.7118,0.5092,27.079,1.4688,26.579,64.203,6.517,0.0748,0.0725
PHB_05869,Healthy,0,0.8196,0.11,0.974,24.52,1.0803,25.284,57.714,5.963,0.0211,0.0532
PHB_02112,Moderate Illness,2,0.5012,0.5264,0.6842,28.215,1.2385,26.218,59.909,6.268,0.0616,0.0632
PHB_02692,Early Disease,1,0.6287,0.3299,0.8334,24.159,1.1044,22.099,55.31,6.723,0.0467,0.053
PHB_07154,Moderate Illness,2,0.4605,0.4132,0.7183,25.426,1.2306,23.138,52.024,6.143,0.0391,0.0704
PHB_03708,Moderate Illness,2,0.4731,0.559,0.7279,26.028,1.1248,27.302,64.29,6.526,0.0452,0.062
PHB_01018,Severe Disease,3,0.3357,0.7959,0.563,28.013,1.3858,25.079,59.142,6.18,0.0459,0.0509
PHB_08512,Moderate Illness,2,0.4119,0.5487,0.6451,25.667,1.4873,22.644,56.554,6.235,0.0315,0.0774
PHB_02808,Moderate Illness,2,0.5981,0.5874,0.5109,25.641,1.2688,26.414,57.116,6.272,0.0535,0.0442
PHB_05016,Early Disease,1,0.703,0.316,0.8432,24.235,1.1597,25.991,57.378,6.151,0.0261,0.0426
PHB_01929,Healthy,0,0.8439,0.1173,0.9769,24.198,1.196,25.304,58.282,6.383,0.0174,0.0375
PHB_00351,Moderate Illness,2,0.522,0.3722,0.5515,25.809,1.3486,27.045,66.305,6.352,0.0501,0.0627
PHB_05174,Healthy,0,0.8089,0.104,0.8835,24.645,1.14,19.641,61.119,6.267,0.0439,0.005
PHB_04193,Moderate Illness,2,0.5331,0.5255,0.6399,26.47,1.1832,26.54,56.979,6.51,0.0448,0.0584
PHB_01935,Moderate Illness,2,0.5604,0.4798,0.6176,26.906,1.3489,24.062,65.391,6.481,0.0408,0.0711
PHB_06902,Moderate Illness,2,0.4125,0.5614,0.5789,26.145,1.4035,24.972,70.876,6.03,0.0447,0.063
PHB_04824,Moderate Illness,2,0.4815,0.5667,0.5626,25.777,1.3655,25.239,66.546,6.518,0.0644,0.0581
PHB_00565,Moderate Illness,2,0.5573,0.5948,0.75,25.806,1.3509,25.788,61.566,5.941,0.0497,0.0573
PHB_01583,Early Disease,1,0.7412,0.4091,0.7611,25.369,1.3948,24.549,61.301,6.438,0.0349,0.0373
PHB_04695,Early Disease,1,0.7213,0.4046,0.8024,26.455,1.3015,26.598,52.628,6.118,0.0471,0.0557
PHB_02176,Moderate Illness,2,0.5232,0.4365,0.6734,25.855,1.3198,24.189,56.276,6.364,0.0404,0.067
PHB_07029,Moderate Illness,2,0.5477,0.6027,0.6056,26.504,1.5198,22.166,50.952,6.153,0.0561,0.0717
PHB_04881,Healthy,0,0.8321,0.197,0.8073,25.271,1.1672,24.234,61.247,6.516,0.0289,0.0291
PHB_02229,Healthy,0,0.8535,0.182,0.9426,25.953,0.8744,24.308,69.59,6.609,0.0227,0.051
PHB_01116,Healthy,0,0.7814,0.1502,0.9377,24.961,1.126,28.145,66.645,6.44,0.0232,0.0317
PHB_03127,Moderate Illness,2,0.5029,0.5062,0.589,27.437,1.6071,27.87,59.638,6.323,0.064,0.0511
PHB_03545,Early Disease,1,0.6808,0.3061,0.6089,26.688,1.1312,23.666,70.126,6.672,0.0447,0.0564
PHB_05049,Healthy,0,0.8648,0.0762,0.8096,23.594,1.0711,27.542,73.495,6.308,0.0295,0.0459
PHB_07477,Early Disease,1,0.6232,0.2695,0.731,23.923,1.1005,26.095,73.723,6.588,0.0518,0.0565
PHB_00822,Moderate Illness,2,0.3978,0.5498,0.5816,27.098,1.32,24.815,77.064,6.386,0.0395,0.0627
PHB_06533,Moderate Illness,2,0.5688,0.5402,0.5624,26.984,1.3855,26.874,68.221,6.596,0.071,0.0517
PHB_02273,Severe Disease,3,0.3467,0.7549,0.5074,27.961,1.249,24.588,62.859,6.78,0.0579,0.066
PHB_05546,Early Disease,1,0.6473,0.3649,0.724,26.309,1.2232,22.963,58.389,6.137,0.0336,0.055
PHB_00082,Early Disease,1,0.6995,0.3443,0.7241,24.442,1.2474,23.864,69.109,6.383,0.0292,0.0589
PHB_01324,Severe Disease,3,0.3131,0.7755,0.4357,26.539,1.3292,24.872,68.98,6.243,0.0544,0.0711
PHB_09406,Moderate Illness,2,0.467,0.4889,0.5063,27.503,1.1624,25.154,50.858,6.287,0.0597,0.0542
PHB_01615,Severe Disease,3,0.3559,0.6642,0.4725,27.344,1.6482,22.191,76.574,6.06,0.0619,0.0547
PHB_00832,Moderate Illness,2,0.5488,0.4939,0.5399,26.6,1.3174,26.028,53.79,6.047,0.0359,0.0787
PHB_03884,Early Disease,1,0.607,0.2629,0.7322,26.043,1.3471,24.581,70.639,6.343,0.021,0.0302
PHB_08642,Severe Disease,3,0.3914,0.7007,0.4025,28.531,1.3711,24.281,65.58,6.165,0.0489,0.067
PHB_04465,Healthy,0,0.8206,0.158,0.9463,25.269,1.1755,24.714,61.658,6.194,0.0377,0.019
PHB_05340,Early Disease,1,0.6932,0.3185,0.8266,30.736,1.1047,22.722,68.164,6.166,0.0498,0.0413
PHB_08067,Healthy,0,0.7685,0.1977,0.8843,25.885,1.4207,22.612,71.614,6.432,0.0271,0.0461
PHB_01650,Severe Disease,3,0.3604,0.7618,0.4737,28.694,1.354,25.977,58.476,6.13,0.0551,0.0665
PHB_04066,Severe Disease,3,0.4583,0.7847,0.4316,26.546,1.4066,26.869,69.735,5.957,0.0512,0.0917
PHB_09666,Moderate Illness,2,0.4695,0.4556,0.5434,25.84,1.3118,25.901,51.597,6.102,0.0553,0.0549
PHB_03039,Healthy,0,0.9033,0.0851,0.8854,25.396,1.2515,27.075,80.709,6.458,0.0348,0.0493
PHB_03321,Healthy,0,0.8774,0.1635,0.9346,25.493,1.0615,23.702,65.447,6.492,0.018,0.0238
PHB_07144,Healthy,0,0.7978,0.1024,0.7862,24.864,0.856,27.517,72.368,6.644,0.0082,0.0407
PHB_06890,Moderate Illness,2,0.5003,0.3887,0.6054,27.034,1.6056,25.54,64.2,6.155,0.0475,0.0901
PHB_05093,Early Disease,1,0.6397,0.1788,0.6118,24.906,1.2261,26.267,61.248,6.402,0.0319,0.044
PHB_03721,Moderate Illness,2,0.4916,0.5228,0.7231,26.619,1.3329,27.733,74.187,6.37,0.0431,0.0495
PHB_02424,Healthy,0,0.7863,0.2005,0.945,24.575,1.0303,27.065,66.33,6.234,0.0154,0.046
PHB_00750,Severe Disease,3,0.2996,0.6488,0.4679,28.076,1.4814,28.051,62.377,5.95,0.0687,0.0753
PHB_05272,Severe Disease,3,0.3651,0.839,0.4407,27.148,1.2404,26.13,65.382,6.55,0.0678,0.0728
PHB_02374,Early Disease,1,0.6295,0.3744,0.9148,25.511,1.0986,24.206,77.169,6.41,0.0436,0.0444
PHB_04694,Severe Disease,3,0.274,0.7586,0.4689,26.81,1.4359,22.445,65.656,6.173,0.0563,0.058
PHB_09880,Early Disease,1,0.5758,0.2496,0.7019,26.229,1.3151,28.604,62.094,6.357,0.0495,0.0505
PHB_08371,Early Disease,1,0.5967,0.3012,0.7498,24.34,1.2492,26.707,68.529,6.704,0.062,0.049
PHB_07320,Early Disease,1,0.6254,0.3657,0.7,24.955,1.3547,24.701,74.779,6.476,0.0318,0.0479
PHB_04369,Healthy,0,0.8364,0.1074,0.953,25.698,0.9868,22.292,69.976,6.356,0.0386,0.0191
PHB_06786,Moderate Illness,2,0.5516,0.4154,0.5807,25.461,1.3211,27.127,69.984,6.313,0.0469,0.0697
PHB_07402,Early Disease,1,0.5883,0.3237,0.7425,24.363,1.3919,27.562,68.39,6.428,0.0491,0.0431
PHB_01140,Moderate Illness,2,0.4761,0.5826,0.5811,26.738,1.2154,27.499,60.765,6.531,0.058,0.0523
PHB_07632,Moderate Illness,2,0.5837,0.4934,0.7517,26.665,1.1361,22.016,65.896,5.867,0.0565,0.0452
PHB_02232,Moderate Illness,2,0.4687,0.5173,0.5086,25.335,1.2262,26.105,58.236,6.101,0.0426,0.023
PHB_02165,Severe Disease,3,0.3337,0.8721,0.3609,27.452,1.4197,24.26,65.642,6.094,0.077,0.0743
PHB_05218,Healthy,0,0.9046,0.1131,0.8099,25.212,1.0317,25.391,68.504,6.616,0.025,0.0164
PHB_09445,Moderate Illness,2,0.5596,0.5331,0.5681,26.052,1.2904,25.181,59.725,6.085,0.0491,0.06
PHB_09238,Moderate Illness,2,0.5302,0.4608,0.6577,25.216,1.419,23.607,71.61,6.55,0.0502,0.0559
PHB_04562,Healthy,0,0.8796,0.1596,0.9382,25.672,0.9124,25.337,59.329,6.404,0.0341,0.0207
PHB_01571,Early Disease,1,0.6503,0.3004,0.6878,24.348,1.1062,23.336,63.406,6.19,0.0453,0.0408
PHB_00173,Early Disease,1,0.5906,0.3275,0.9419,24.459,1.2742,24.584,58.531,6.39,0.0198,0.0403
PHB_07164,Severe Disease,3,0.3173,0.7438,0.5328,27.267,1.4096,22.382,64.001,6.226,0.0511,0.0507
PHB_02088,Early Disease,1,0.7107,0.2565,0.767,25.538,1.0201,23.34,68.855,6.122,0.0573,0.0732
PHB_04668,Early Disease,1,0.7314,0.3009,0.6288,25.199,1.2151,24.896,67.03,6.341,0.025,0.039
PHB_04566,Moderate Illness,2,0.3685,0.5478,0.5788,25.504,1.2114,27.047,49.334,6.208,0.0466,0.0717
PHB_07090,Early Disease,1,0.7376,0.292,0.7133,27.349,1.2101,29.6,67.448,6.115,0.0322,0.0524
PHB_06570,Severe Disease,3,0.2938,0.7523,0.3671,29.235,1.4162,23.021,67.71,6.333,0.0573,0.0624
PHB_04784,Moderate Illness,2,0.4943,0.4982,0.5798,27.879,1.1762,23.494,65.804,6.221,0.0494,0.0484
PHB_02685,Early Disease,1,0.7622,0.2405,0.728,24.603,1.1545,24.14,60.59,6.357,0.0448,0.0471
PHB_01833,Early Disease,1,0.6421,0.4021,0.7626,25.087,1.1088,27.066,69.034,6.499,0.0367,0.0556
PHB_08547,Moderate Illness,2,0.5468,0.5368,0.4451,26.344,1.2963,27.133,67.874,6.026,0.0412,0.0445
PHB_05066,Moderate Illness,2,0.5631,0.5765,0.5667,26.953,1.4545,27.517,62.103,6.735,0.0596,0.0584
PHB_09131,Healthy,0,0.7788,0.1493,0.858,24.536,1.0375,28.06,62.097,6.375,0.0317,0.0515
PHB_09356,Early Disease,1,0.6607,0.3788,0.6836,25.175,1.0649,24.153,70.348,6.198,0.0342,0.0414
PHB_04413,Moderate Illness,2,0.4378,0.5536,0.5282,25.245,1.4786,25.348,73.81,6.342,0.0483,0.0657
PHB_07208,Healthy,0,0.8333,0.1595,0.9233,25.608,1.1258,27.263,65.111,6.256,0.0347,0.0356
PHB_09891,Moderate Illness,2,0.4824,0.5743,0.7396,28.016,1.0922,22.297,58.913,6.191,0.044,0.0757
PHB_00835,Moderate Illness,2,0.467,0.4864,0.6896,26.646,1.3621,23.057,58.403,6.087,0.0351,0.0524
PHB_06822,Severe Disease,3,0.3008,0.7247,0.5091,25.258,1.4663,23.815,56.546,6.137,0.0354,0.0768
PHB_03782,Severe Disease,3,0.3394,0.7464,0.5079,27.757,1.3568,22.698,63.62,6.266,0.0627,0.0783
PHB_09013,Severe Disease,3,0.3199,0.6578,0.4317,32.273,1.5856,23.617,61.485,6.178,0.0503,0.0641
PHB_07500,Healthy,0,0.7874,0.0752,0.7994,25.099,1.0055,26.815,69.998,6.334,0.0184,0.0343
PHB_03425,Healthy,0,0.7926,0.0688,0.7881,25.203,1.162,26.87,73.616,6.407,0.0265,0.0331
PHB_00066,Moderate Illness,2,0.5009,0.5555,0.5465,25.926,1.397,25.782,55.404,6.232,0.0422,0.0666
PHB_02964,Moderate Illness,2,0.393,0.4825,0.5601,24.944,1.0565,23.282,67.067,6.041,0.0378,0.0437
PHB_05670,Severe Disease,3,0.3453,0.7146,0.42,26.524,1.5443,22.968,57.223,6.202,0.0697,0.0544
PHB_08963,Moderate Illness,2,0.5514,0.5835,0.628,26.626,1.2104,27.285,59.099,6.503,0.0503,0.0507
PHB_00355,Early Disease,1,0.7004,0.199,0.8488,24.067,1.1318,27.388,60.281,6.583,0.0245,0.0523
PHB_08172,Moderate Illness,2,0.5359,0.4967,0.5551,28.276,1.3257,26.202,61.578,6.572,0.0305,0.0525
PHB_04031,Moderate Illness,2,0.4248,0.4829,0.7192,26.454,1.4077,21.857,54.899,6.087,0.0613,0.0729
PHB_08535,Moderate Illness,2,0.4578,0.481,0.7015,25.976,1.2303,23.317,68.928,6.269,0.0468,0.0778
PHB_03652,Healthy,0,0.7959,0.0616,0.9249,24.328,0.999,23.494,55.478,6.3,0.0074,0.0423
PHB_06740,Early Disease,1,0.6899,0.3227,0.7066,26.803,1.1349,25.833,66.262,6.69,0.0436,0.0605
PHB_03298,Early Disease,1,0.7856,0.4113,0.8381,25.89,1.2875,25.755,50.139,6.314,0.0295,0.0609
PHB_04128,Early Disease,1,0.6319,0.2319,0.7906,25.562,1.1118,26.724,61.811,6.486,0.0582,0.0537
PHB_08044,Early Disease,1,0.6529,0.3184,0.6672,24.737,1.0641,22.818,66.729,6.35,0.0253,0.0467
PHB_04768,Moderate Illness,2,0.5458,0.5305,0.5298,26.155,1.2143,27.981,59.899,6.129,0.0514,0.0529
PHB_00473,Healthy,0,0.8136,0.1238,0.8885,23.486,1.1586,24.111,60.027,6.105,0.022,0.032
PHB_03762,Early Disease,1,0.7006,0.3123,0.7728,25.496,1.3395,22.746,66.303,6.337,0.0401,0.0387
PHB_08618,Moderate Illness,2,0.4383,0.5788,0.5543,26.085,1.3458,24.904,69.588,6.442,0.0508,0.0674
PHB_03567,Severe Disease,3,0.2487,0.7955,0.4885,27.464,1.4437,27.611,65.802,5.822,0.0546,0.0639
PHB_02761,Moderate Illness,2,0.5402,0.5776,0.6875,25.849,1.3332,23.671,78.657,6.614,0.0513,0.0455
PHB_00869,Healthy,0,0.8926,0.0647,1.0512,25.18,0.8371,28.096,72.073,6.325,0.0257,0.0233
PHB_09383,Early Disease,1,0.6872,0.3269,0.7845,25.986,1.2141,23.359,67.019,6.618,0.032,0.0491
PHB_08689,Healthy,0,0.7523,0.1767,0.9094,24.431,1.2639,21.93,73.958,6.916,0.0284,0.0538
PHB_04053,Moderate Illness,2,0.6166,0.4557,0.5598,26.097,1.1869,22.312,62.888,5.997,0.0504,0.0669
PHB_06131,Early Disease,1,0.687,0.3032,0.7263,25.589,1.0575,27.796,63.484,6.02,0.0386,0.0389
PHB_03245,Healthy,0,0.839,0.104,0.9432,24.925,1.0387,27.827,60.918,6.257,0.013,0.0264
PHB_04843,Early Disease,1,0.6938,0.2624,0.7704,25.599,1.2448,25.542,71.705,6.09,0.0447,0.0393
PHB_09331,Moderate Illness,2,0.4778,0.5748,0.533,26.305,1.1069,29.034,65.597,6.294,0.0595,0.0408
PHB_05641,Early Disease,1,0.6534,0.3696,0.7329,25.295,1.1476,24.229,72.56,6.212,0.0436,0.0475
PHB_05781,Severe Disease,3,0.235,0.6571,0.4092,26.82,1.3731,25.912,55.111,5.808,0.0652,0.067
PHB_08541,Healthy,0,0.835,0.1583,0.8659,23.835,1.1845,26.355,66.528,6.562,0.0371,0.0467
PHB_01076,Early Disease,1,0.6028,0.323,0.74,26.863,1.0759,26.207,60.876,6.548,0.0343,0.0458
PHB_02958,Healthy,0,0.9032,0.1477,0.8687,24.686,1.267,23.252,63.072,6.247,0.0377,0.0246
PHB_06753,Severe Disease,3,0.4536,0.7418,0.5286,27.3,1.4522,25.546,69.487,6.393,0.0655,0.0686
PHB_08658,Early Disease,1,0.6424,0.3066,0.6453,24.072,1.1141,25.442,68.288,6.224,0.0157,0.076
PHB_07273,Healthy,0,0.8444,0.1273,0.8963,25.226,1.1177,21.403,61.338,6.391,0.0265,0.0365
PHB_04760,Severe Disease,3,0.3911,0.7182,0.4845,27.865,1.3011,24.913,56.339,6.399,0.0423,0.0737
PHB_04863,Early Disease,1,0.6732,0.3028,0.6588,24.899,1.1069,22.155,80.937,6.602,0.043,0.0513
PHB_07026,Moderate Illness,2,0.4501,0.6448,0.6202,25.738,1.1986,25.051,66.046,6.078,0.0573,0.0586
PHB_07648,Early Disease,1,0.6624,0.1932,0.7986,25.89,1.3175,24.419,61.083,6.251,0.0366,0.0557
PHB_07162,Early Disease,1,0.604,0.3681,0.6353,25.925,1.2102,25.832,69.252,6.407,0.0368,0.0602
PHB_00074,Healthy,0,0.7484,0.1745,0.896,23.677,0.9688,24.026,61.097,6.681,0.0148,0.0162
PHB_04902,Early Disease,1,0.6227,0.2812,0.5942,26.253,1.1012,21.58,64.464,5.975,0.0392,0.0349
PHB_04376,Healthy,0,0.8042,0.1674,0.836,24.421,1.0863,22.492,63.435,6.188,0.0272,0.027
PHB_06699,Moderate Illness,2,0.5084,0.4234,0.6315,26.862,1.2969,22.549,70.027,6.55,0.0374,0.0565
PHB_09806,Severe Disease,3,0.3424,0.7195,0.3166,27.113,1.3194,26.913,74.385,5.927,0.0505,0.0625
PHB_01102,Early Disease,1,0.6062,0.3952,0.7012,25.704,1.1357,26.509,67.644,6.392,0.0276,0.0527
PHB_09538,Healthy,0,0.8723,0.1224,0.8729,25.441,1.1769,25.155,60.468,6.204,0.0266,0.0539
PHB_07656,Severe Disease,3,0.4289,0.7002,0.4635,27.439,1.5045,21.761,57.57,5.928,0.0702,0.1
PHB_05236,Moderate Illness,2,0.5198,0.6169,0.599,26.905,1.2038,26.241,72.759,6.183,0.0431,0.069
PHB_05166,Moderate Illness,2,0.4832,0.5135,0.5744,25.604,1.3453,25.726,73.445,5.952,0.0503,0.0601
PHB_00119,Early Disease,1,0.7377,0.2299,0.7353,24.923,1.2895,22.667,65.755,6.374,0.0369,0.058
PHB_02023,Healthy,0,0.7027,0.2214,0.7901,26.12,1.0398,28.358,70.169,7.094,0.0164,0.0481
PHB_09886,Severe Disease,3,0.4819,0.7604,0.3358,27.321,1.4128,24.091,65.76,6.214,0.0563,0.0699
PHB_02639,Severe Disease,3,0.3717,0.6674,0.3424,29.503,1.4079,22.975,67.398,6.021,0.0694,0.0622
PHB_02035,Healthy,0,0.7787,0.1459,0.871,25.113,1.0669,21.763,65.866,6.206,0.0147,0.0446
PHB_02565,Moderate Illness,2,0.5346,0.5189,0.6038,27.142,1.2948,24.388,70.193,6.143,0.066,0.059
PHB_08666,Moderate Illness,2,0.3823,0.5493,0.67,27.241,1.2174,26.013,80.517,6.463,0.0434,0.0573
PHB_03544,Healthy,0,0.7803,0.0985,0.9716,24.252,1.1615,26.92,77.032,6.296,0.0281,0.0335
PHB_01220,Healthy,0,0.8605,0.1394,0.9146,24.981,1.1192,26.209,52.545,6.959,0.0254,0.0372
PHB_09715,Healthy,0,0.8399,0.1109,0.8349,23.726,1.0945,29.343,68.814,6.49,0.037,0.0649
PHB_06712,Severe Disease,3,0.3056,0.7077,0.5828,27.137,1.6371,27.565,60.564,6.246,0.0595,0.0657
PHB_02904,Severe Disease,3,0.3595,0.5731,0.4675,26.846,1.4174,26.914,56.731,6.337,0.0535,0.088
PHB_03027,Early Disease,1,0.6812,0.2317,0.765,25.962,1.4146,22.96,66.983,6.331,0.0358,0.0499
PHB_02511,Early Disease,1,0.7382,0.2947,0.7756,25.964,1.1592,28.004,54.249,5.996,0.045,0.0415
PHB_04202,Severe Disease,3,0.2952,0.7327,0.4555,27.091,1.4376,26.465,55.755,5.837,0.0418,0.0582
PHB_03208,Healthy,0,0.8163,0.2694,0.8901,24.805,0.8601,22.063,56.897,6.313,0.0334,0.0278
PHB_04490,Moderate Illness,2,0.6125,0.5934,0.6254,26.258,1.1207,21.605,57.448,5.901,0.0559,0.0545
PHB_02756,Severe Disease,3,0.3049,0.7049,0.4627,27.796,1.3963,28.937,72.037,6.334,0.0449,0.0782
PHB_08890,Healthy,0,0.7812,0.1126,0.8773,24.728,1.0928,24.49,61.031,6.711,0.0166,0.0318
PHB_00178,Severe Disease,3,0.1978,0.6446,0.3784,27.213,1.448,22.207,62.206,6.219,0.0706,0.0675
PHB_01644,Healthy,0,0.7995,0.1156,0.8958,23.916,1.0336,29.415,62.975,6.189,0.0192,0.0305
PHB_09293,Moderate Illness,2,0.3842,0.5274,0.6247,26.612,1.155,24.736,71.128,5.976,0.0527,0.054
PHB_03519,Moderate Illness,2,0.5717,0.5476,0.518,25.351,1.354,28.075,61.6,6.206,0.0398,0.06
PHB_01375,Severe Disease,3,0.4199,0.5759,0.5694,26.211,1.5462,20.814,64.411,6.366,0.0598,0.043
PHB_01721,Healthy,0,0.8625,0.0642,0.9478,25.141,0.9339,21.27,48.663,6.72,0.027,0.0446
PHB_03996,Healthy,0,0.8858,0.235,0.8498,23.885,1.2048,27.128,67.676,6.339,0.0293,0.0361
PHB_03689,Moderate Illness,2,0.5129,0.5193,0.5458,25.685,1.4464,22.146,56.558,6.699,0.0401,0.0494
PHB_02265,Moderate Illness,2,0.5122,0.4527,0.7427,26.051,1.1323,27.166,60.291,6.754,0.0425,0.058
PHB_00088,Early Disease,1,0.5868,0.2901,0.627,25.031,1.0286,25.329,60.289,6.421,0.0408,0.0645
PHB_02849,Severe Disease,3,0.3267,0.7009,0.4996,26.972,1.3982,25.442,62.842,6.045,0.0578,0.0588
PHB_08688,Early Disease,1,0.6648,0.3293,0.7698,23.983,1.0346,22.917,61.443,6.503,0.0456,0.0598
PHB_00404,Healthy,0,0.7705,0.1857,0.8676,23.924,0.9007,26.378,67.757,6.218,0.0253,0.0624
PHB_09901,Healthy,0,0.6986,0.0929,0.9745,23.855,1.153,21.782,67.433,6.758,0.0146,0.0305
PHB_04078,Moderate Illness,2,0.5385,0.4755,0.4875,27.782,1.384,24.034,56.363,6.66,0.052,0.0598
PHB_06836,Healthy,0,0.796,0.1549,0.8913,24.597,1.0771,23.134,55.452,6.52,0.026,0.0236
PHB_06538,Moderate Illness,2,0.4595,0.4997,0.5446,27.004,1.2849,25.15,53.87,6.243,0.0511,0.0605
PHB_02457,Moderate Illness,2,0.3774,0.4585,0.6038,25.867,1.19,25.799,56.205,6.828,0.0476,0.0634
PHB_02752,Moderate Illness,2,0.3905,0.6146,0.6656,25.876,1.2417,22.409,60.459,6.343,0.0346,0.0785
PHB_02215,Severe Disease,3,0.3418,0.7481,0.4731,26.783,1.3705,25.536,70.222,6.332,0.0754,0.0798
PHB_01028,Early Disease,1,0.6514,0.291,0.7056,26.197,1.2063,26.159,69.757,5.939,0.0246,0.0537
PHB_09704,Early Disease,1,1.0297,0.3264,0.8565,26.161,1.2614,25.932,59.995,6.318,0.0148,0.0374
PHB_01422,Early Disease,1,0.5098,0.1444,0.7125,25.504,1.1523,22.939,66.768,6.357,0.0455,0.0172
PHB_02437,Moderate Illness,2,0.5742,0.4981,0.5615,26.076,1.2516,21.556,64.752,6.521,0.0459,0.0852
PHB_04278,Severe Disease,3,0.3409,0.7603,0.3879,27.383,1.2094,23.888,68.41,6.162,0.0564,0.0835
PHB_09610,Early Disease,1,0.7249,0.261,0.7475,25.382,1.4837,24.373,65.468,6.391,0.0417,0.075
PHB_01279,Severe Disease,3,0.3524,0.7485,0.4999,26.92,1.4044,26.161,69.69,6.127,0.0764,0.0694
PHB_06221,Early Disease,1,0.732,0.2684,0.7451,25.699,1.2348,17.912,68.4,6.407,0.0438,0.0602
PHB_04908,Healthy,0,0.8567,0.0296,0.8591,23.818,0.9192,22.182,73.946,6.745,0.0248,0.0292
PHB_05065,Severe Disease,3,0.251,0.7033,0.3674,27.272,1.3487,17.605,69.814,6.371,0.0649,0.0514
PHB_01979,Moderate Illness,2,0.4093,0.4519,0.5062,26.958,1.3144,21.422,62.651,6.484,0.0426,0.0601
PHB_01062,Moderate Illness,2,0.4639,0.5028,0.5438,25.98,1.2376,22.453,64.157,6.346,0.0511,0.0416
PHB_05015,Healthy,0,0.7685,0.0057,0.893,23.801,1.1883,28.19,67.356,6.517,0.0145,0.0379
PHB_04536,Healthy,0,0.7214,0.0993,0.8762,23.795,0.9198,26.781,77.776,6.439,0.023,0.0507
PHB_06994,Moderate Illness,2,0.6127,0.5663,0.5298,25.486,1.3949,26.491,69.516,5.984,0.0505,0.0698
PHB_09254,Severe Disease,3,0.3021,0.6909,0.3847,28.14,1.4002,23.33,60.736,5.8,0.0674,0.0642
PHB_01503,Early Disease,1,0.7154,0.3016,0.7792,25.728,0.9398,23.425,69.007,6.188,0.0217,0.0715
PHB_08569,Moderate Illness,2,0.4866,0.5639,0.6088,26.912,1.235,23.846,70.212,6.091,0.0594,0.0766
PHB_09315,Healthy,0,0.9152,0.08,0.8448,24.415,1.0771,23.841,71.131,6.196,0.0193,0.0341
PHB_08837,Moderate Illness,2,0.5094,0.4239,0.6467,25.415,1.4498,22.588,53.042,6.047,0.0482,0.0598
PHB_08921,Early Disease,1,0.7321,0.2513,0.7451,24.798,0.9896,27.299,64.252,6.365,0.0334,0.0545
PHB_04919,Severe Disease,3,0.3493,0.6952,0.548,27.734,1.3477,24.116,65.351,6.178,0.0532,0.0636
PHB_00679,Healthy,0,0.7676,0.1317,0.9562,24.566,1.0235,25.348,72.285,6.393,0.0279,0.035
PHB_05077,Early Disease,1,0.642,0.303,0.7048,25.949,1.1662,24.461,57.939,6.155,0.0217,0.0666
PHB_08065,Severe Disease,3,0.2589,0.6094,0.3605,28.371,1.2991,23.664,52.589,5.549,0.0555,0.0586
PHB_07569,Severe Disease,3,0.3687,0.8422,0.3952,26.163,1.3636,22.75,56.647,6.005,0.0666,0.0517
PHB_00103,Early Disease,1,0.6821,0.3736,0.7387,25.943,1.1516,20.743,79.733,6.351,0.0342,0.0528
PHB_00958,Moderate Illness,2,0.7408,0.4345,0.624,23.81,1.4018,24.279,72.494,6.563,0.043,0.0494
PHB_08557,Moderate Illness,2,0.5132,0.5135,0.6333,26.426,1.1863,26.308,74.782,6.269,0.0514,0.0466
PHB_03786,Severe Disease,3,0.4765,0.74,0.569,27.831,1.37,22.094,62.968,6.28,0.0621,0.0699
PHB_09631,Severe Disease,3,0.4615,0.6868,0.5266,28.522,1.4416,25.788,54.622,6.138,0.0365,0.0718
PHB_07174,Moderate Illness,2,0.4403,0.5185,0.6057,26.415,1.1775,27.704,74.665,6.404,0.0615,0.0414
PHB_04044,Severe Disease,3,0.3872,0.7819,0.5097,26.504,1.5319,22.982,69.333,6.133,0.0728,0.0512
PHB_02649,Moderate Illness,2,0.5956,0.4338,0.6569,25.127,1.1677,26.232,58.196,6.34,0.0492,0.0569
PHB_06001,Early Disease,1,0.658,0.2187,0.834,25.062,1.221,28.059,64.34,6.413,0.0394,0.0528
PHB_07928,Early Disease,1,0.7321,0.2338,0.7978,25.708,1.1868,25.703,66.99,6.396,0.0281,0.0293
PHB_02827,Early Disease,1,0.563,0.3468,0.7246,25.4,1.3837,20.942,65.922,6.199,0.0424,0.052
PHB_04095,Healthy,0,0.8531,0.0883,0.8895,24.217,0.9211,22.805,66.723,6.412,0.0247,0.0561
PHB_07775,Moderate Illness,2,0.4361,0.6539,0.5551,27.928,1.2892,28.169,60.264,6.245,0.0553,0.0402
PHB_09259,Early Disease,1,0.5909,0.3337,0.8501,26.426,1.1475,26.009,63.286,6.473,0.0166,0.0617
PHB_08114,Moderate Illness,2,0.4617,0.6379,0.6163,26.248,1.302,25.072,45.215,6.202,0.0441,0.0449
PHB_04773,Healthy,0,0.7784,0.1789,0.7655,25.762,1.3564,25.009,62.694,6.533,0.0299,0.0217
PHB_01948,Severe Disease,3,0.3218,0.7002,0.5199,26.808,1.5067,25.153,53.068,6.004,0.05,0.0815
PHB_06110,Moderate Illness,2,0.6209,0.5106,0.5652,26.234,1.4561,26.203,60.908,6.095,0.0411,0.0633
PHB_02300,Moderate Illness,2,0.4525,0.5352,0.6381,24.845,1.3927,19.742,62.068,6.183,0.0595,0.0556
PHB_07845,Healthy,0,0.7083,0.1184,1.0506,24.576,1.0088,28.322,70.999,6.964,0.015,0.0475
PHB_04383,Healthy,0,0.6223,0.1044,0.7448,26.423,1.0879,26.342,67.308,6.491,0.0286,0.005
PHB_05426,Moderate Illness,2,0.534,0.4179,0.6731,26.957,1.3944,23.721,83.273,6.272,0.0484,0.0675
PHB_06772,Moderate Illness,2,0.4642,0.4878,0.5675,26.018,1.2961,22.621,69.01,6.473,0.0275,0.0757
PHB_08579,Moderate Illness,2,0.494,0.4991,0.5719,26.269,1.4355,26.717,71.315,6.262,0.0442,0.0653
PHB_04292,Healthy,0,0.8292,0.1979,0.864,25.278,0.878,28.42,66.137,6.701,0.022,0.0427
PHB_00529,Severe Disease,3,0.3024,0.724,0.5441,29.284,1.3679,27.343,65.146,5.724,0.0708,0.0826
PHB_01234,Moderate Illness,2,0.5385,0.5534,0.6367,26.933,1.2221,26.955,57.086,6.108,0.0507,0.0353
PHB_00780,Severe Disease,3,0.3029,0.6638,0.5135,28.062,1.4292,23.331,61.894,6.111,0.0671,0.0728
PHB_05860,Early Disease,1,0.7234,0.3298,0.802,25.971,0.9652,25.389,70.128,6.164,0.0293,0.0438
PHB_03060,Early Disease,1,0.7715,0.2023,0.7089,23.557,1.3306,21.376,63.283,6.612,0.0373,0.0408
PHB_08588,Early Disease,1,0.7109,0.3402,0.6173,25.23,1.0916,28.063,61.73,5.774,0.041,0.0515
PHB_01861,Moderate Illness,2,0.3974,0.5418,0.5851,28.173,1.3092,26.879,69.225,6.721,0.0516,0.0463
PHB_08439,Severe Disease,3,0.3344,0.7885,0.3725,28.503,1.3543,26.861,55.008,6.299,0.0666,0.0744
PHB_07404,Moderate Illness,2,0.3802,0.4603,0.5738,25.318,1.3048,25.462,76.184,6.503,0.0516,0.0668
PHB_04640,Healthy,0,0.8149,0.2345,0.9239,25.213,1.1493,27.612,67.078,6.207,0.0222,0.0352
PHB_04251,Early Disease,1,0.6846,0.3128,0.626,25.408,1.1458,25.81,76.163,6.284,0.0382,0.0534
PHB_01993,Early Disease,1,0.6057,0.3109,0.6953,24.73,1.2381,24.267,70.773,6.502,0.0408,0.0497
PHB_07380,Early Disease,1,0.6252,0.3788,0.6638,24.733,1.2153,25.661,69.258,6.598,0.0454,0.0554
PHB_07306,Early Disease,1,0.6232,0.3252,0.7598,25.575,1.0528,23.858,61.82,6.477,0.0404,0.0482
PHB_05304,Early Disease,1,0.6922,0.2693,0.7465,26.88,1.2053,25.526,72.273,6.286,0.044,0.0312
PHB_08193,Healthy,0,0.8532,0.1387,0.8318,23.698,1.0233,23.959,76.407,6.29,0.0213,0.0459
PHB_07448,Early Disease,1,0.6224,0.3298,0.5976,26.569,1.3338,20.69,66.553,6.29,0.0259,0.0621
PHB_02472,Severe Disease,3,0.2891,0.7484,0.5455,28.075,1.3898,27.516,71.109,6.393,0.0668,0.0782
PHB_07198,Severe Disease,3,0.3513,0.7103,0.4105,27.292,1.4105,25.744,57.414,6.43,0.0446,0.0582
PHB_05313,Early Disease,1,0.519,0.3287,0.7429,25.692,0.9769,24.213,65.58,6.413,0.0437,0.0363
PHB_09036,Early Disease,1,0.6164,0.3134,0.8259,25.04,1.0135,26.364,66.157,5.953,0.0471,0.0496
PHB_01397,Moderate Illness,2,0.4873,0.4745,0.5109,26.975,1.3658,25.301,69.906,5.958,0.055,0.0483
PHB_04003,Severe Disease,3,0.374,0.7288,0.4632,26.532,1.2406,27.542,57.293,6.126,0.046,0.0879
PHB_05372,Severe Disease,3,0.2945,0.7869,0.5039,27.801,1.5345,21.796,68.349,6.204,0.0554,0.086
PHB_03236,Healthy,0,0.856,0.1418,1.0235,25.83,1.0665,26.336,65.888,6.581,0.0355,0.0292
PHB_01043,Moderate Illness,2,0.4722,0.5235,0.6265,26.385,1.2665,22.567,64.397,6.098,0.0489,0.0518
PHB_03299,Early Disease,1,0.6795,0.2439,0.8225,24.603,1.1188,26.189,68.474,6.391,0.0344,0.0461
PHB_07257,Early Disease,1,0.6427,0.2738,0.6929,25.429,1.2711,24.642,72.07,6.452,0.0242,0.0595
PHB_00258,Healthy,0,0.8193,0.2229,1.0052,23.691,0.9261,28.029,76.379,6.174,0.0087,0.0335
PHB_07287,Severe Disease,3,0.3809,0.7068,0.5369,26.407,1.3091,25.292,61.259,5.88,0.0571,0.0609
PHB_08617,Moderate Illness,2,0.4731,0.6924,0.578,26.839,1.3333,23.391,63.41,6.139,0.0651,0.0607
PHB_07817,Moderate Illness,2,0.4958,0.5753,0.6521,27.522,1.1598,26.418,62.182,6.528,0.0494,0.0758
PHB_05844,Moderate Illness,2,0.4948,0.5294,0.6199,27.879,1.1602,23.226,72.387,6.241,0.0338,0.063
PHB_02090,Early Disease,1,0.6644,0.3132,0.7253,24.793,0.9242,22.905,76.315,6.341,0.0395,0.046
PHB_07703,Moderate Illness,2,0.5533,0.615,0.4955,26.267,1.3672,24.776,77.162,6.514,0.0446,0.0431
PHB_00504,Moderate Illness,2,0.4921,0.6379,0.4906,26.216,1.3674,23.481,69.805,6.707,0.0586,0.053
PHB_05266,Healthy,0,0.8659,0.018,0.8713,24.475,0.7515,24.118,66.431,6.278,0.0308,0.0414
PHB_08815,Severe Disease,3,0.2796,0.7442,0.4524,26.883,1.3961,24.204,61.929,6.365,0.0466,0.0571
PHB_01346,Moderate Illness,2,0.4382,0.4464,0.6423,26.858,1.0846,21.092,60.905,6.118,0.0413,0.0467
PHB_08456,Healthy,0,0.8514,0.1306,0.8662,24.073,1.06,25.995,70.281,6.522,0.0263,0.0412
PHB_05047,Healthy,0,0.7665,0.2233,0.8588,24.641,1.1138,27.016,72.44,6.038,0.0261,0.0253
PHB_02249,Early Disease,1,0.5397,0.4015,0.6647,24.427,1.2375,25.466,68.362,6.745,0.0294,0.0292
PHB_04982,Healthy,0,0.8427,0.269,1.026,23.608,0.9826,25.967,68.641,5.677,0.0281,0.0455
PHB_00373,Early Disease,1,0.6911,0.2945,0.8031,25.551,1.0989,22.436,81.351,6.324,0.0347,0.0468
PHB_08455,Healthy,0,0.8104,0.1887,0.9974,23.002,1.296,25.916,79.816,6.275,0.0067,0.0359
PHB_03371,Severe Disease,3,0.368,0.806,0.4626,26.943,1.3878,27.572,68.487,6.499,0.0704,0.0854
PHB_02007,Early Disease,1,0.5793,0.3092,0.7523,25.029,1.1685,24.981,56.422,6.411,0.0354,0.0374
PHB_03657,Healthy,0,0.8701,0.1371,0.8733,23.757,0.9991,25.035,70.702,6.87,0.008,0.0398
PHB_08328,Moderate Illness,2,0.5267,0.4387,0.541,25.319,1.1781,25.62,73.398,6.172,0.0671,0.0293
PHB_07522,Early Disease,1,0.5436,0.3222,0.7664,25.906,1.1941,24.731,68.08,6.246,0.043,0.0442
PHB_04002,Early Disease,1,0.7387,0.3583,0.8064,24.606,1.1826,27.778,69.596,6.58,0.0233,0.0489
PHB_06073,Healthy,0,0.9161,0.1664,0.9117,24.842,0.954,26.167,82.799,6.264,0.0163,0.0411
PHB_08737,Moderate Illness,2,0.4,0.5571,0.55,26.614,1.1619,27.079,60.42,6.484,0.0517,0.082
PHB_00998,Healthy,0,0.8635,0.0452,0.8514,24.525,1.0764,25.824,82.029,6.215,0.023,0.0257
PHB_08180,Early Disease,1,0.5895,0.2861,0.8366,26.156,1.2306,24.557,75.173,6.593,0.0327,0.0489
PHB_03291,Early Disease,1,0.7008,0.341,0.6911,25.274,1.2918,23.825,71.071,6.575,0.0237,0.0584
PHB_01177,Early Disease,1,0.7238,0.3118,0.7357,25.521,1.2896,23.886,75.123,6.149,0.0317,0.0544
PHB_00552,Healthy,0,0.8363,0.1717,0.8325,24.44,1.0184,24.777,74.264,5.871,0.0446,0.0384
PHB_00745,Moderate Illness,2,0.4789,0.5308,0.626,27.292,1.324,24.819,74.017,6.318,0.0469,0.0367
PHB_07224,Healthy,0,0.8831,0.1996,0.8454,23.501,1.1927,23.498,82.46,6.429,0.0438,0.0456
PHB_04555,Early Disease,1,0.6194,0.4202,0.8759,25.348,1.181,30.817,59.611,6.415,0.0465,0.0466
PHB_02860,Early Disease,1,0.731,0.3185,0.6879,26.147,1.1969,19.005,67.739,6.488,0.0342,0.0558
PHB_08821,Early Disease,1,0.6415,0.3182,0.7934,25.813,1.1024,25.123,58.895,6.234,0.0358,0.0118
PHB_03460,Severe Disease,3,0.2524,0.6888,0.4243,28.459,1.7635,27.1,62.353,6.277,0.0682,0.0657
PHB_02725,Healthy,0,0.8098,0.1497,0.8887,26.032,1.263,25.502,52.938,6.526,0.0292,0.0313
PHB_06848,Early Disease,1,0.6819,0.3063,0.7318,26.256,1.3406,22.897,68.258,6.678,0.0281,0.037
PHB_07616,Severe Disease,3,0.3724,0.7371,0.451,26.604,1.4627,24.428,62.662,6.372,0.0477,0.0549
PHB_07548,Healthy,0,0.8272,0.1376,0.8276,24.989,1.3494,22.539,77.354,6.359,0.016,0.0204
PHB_09175,Severe Disease,3,0.3469,0.8287,0.5641,27.585,1.3299,27.344,72.012,6.517,0.0538,0.0773
PHB_06394,Healthy,0,0.817,0.1549,0.9472,26.228,1.0437,25.947,71.084,6.322,0.048,0.0378
PHB_05359,Early Disease,1,0.6424,0.333,0.9206,25.632,1.2885,25.039,63.786,6.628,0.0474,0.0443
PHB_09489,Severe Disease,3,0.2551,0.7163,0.4049,27.795,1.4599,21.834,71.266,5.725,0.055,0.0894
PHB_02969,Moderate Illness,2,0.435,0.4355,0.5456,27.195,1.4215,23.398,67.436,6.132,0.035,0.0591
PHB_00694,Early Disease,1,0.7142,0.2679,0.7176,26.119,1.256,24.181,72.915,6.17,0.0179,0.0535
PHB_02534,Healthy,0,0.7811,0.1308,0.8953,26.105,1.1696,26.37,70.789,6.455,0.0177,0.0465
PHB_06400,Severe Disease,3,0.3126,0.7499,0.4903,26.997,1.4129,25.129,60.437,6.16,0.071,0.0631
PHB_00983,Moderate Illness,2,0.4218,0.5187,0.6729,27.138,1.0131,25.818,66.219,5.863,0.049,0.0596
PHB_05365,Severe Disease,3,0.2896,0.7835,0.2876,27.818,1.4814,20.597,74.617,6.138,0.0717,0.0671
PHB_00080,Severe Disease,3,0.3048,0.7082,0.469,27.853,1.36,27.149,78.284,5.972,0.0457,0.0728
PHB_04054,Early Disease,1,0.6356,0.3481,0.6641,25.154,1.241,22.554,72.217,6.209,0.026,0.054
PHB_06259,Early Disease,1,0.6919,0.3688,0.7584,25.383,1.207,23.712,59.394,5.748,0.0344,0.0328
PHB_09577,Healthy,0,0.7652,0.091,0.8486,24.657,1.1085,26.614,66.939,6.362,0.0094,0.027
PHB_09026,Moderate Illness,2,0.5342,0.5144,0.7264,26.012,1.2281,23.386,66.388,6.603,0.0449,0.0657
PHB_03108,Moderate Illness,2,0.4719,0.4352,0.4545,27.142,1.3112,23.421,60.326,6.352,0.0492,0.0474
PHB_03602,Healthy,0,0.7753,0.1206,0.9586,24.972,1.0672,25.494,65.482,6.513,0.0266,0.0157
PHB_06074,Healthy,0,0.8798,0.1122,0.9414,24.83,1.0351,23.967,69.445,6.692,0.0178,0.0191
PHB_08127,Early Disease,1,0.6257,0.2772,0.7431,25.417,0.89,23.011,61.358,6.154,0.0338,0.048
PHB_02143,Severe Disease,3,0.3603,0.6814,0.4594,27.921,1.4089,21.452,64.389,6.257,0.0537,0.0903
PHB_06311,Healthy,0,0.8303,0.0071,0.8741,25.486,1.288,25.577,76.41,6.605,0.0305,0.0526
PHB_02269,Moderate Illness,2,0.5435,0.4454,0.5282,26.537,1.3766,21.955,63.155,6.078,0.0472,0.0905
PHB_00446,Moderate Illness,2,0.504,0.4857,0.7642,26.699,1.3906,24.068,63.011,6.23,0.032,0.0707
PHB_04884,Early Disease,1,0.6511,0.4125,0.8797,25.056,1.2895,24.739,61.429,6.271,0.0364,0.047
PHB_04467,Healthy,0,0.8738,0.2151,0.8688,25.484,1.1002,26.952,56.083,6.54,0.0157,0.0304
PHB_09027,Severe Disease,3,0.3096,0.6521,0.5609,27.261,1.5647,22.154,60.447,6.244,0.0671,0.0845
PHB_06633,Severe Disease,3,0.2531,0.6263,0.537,27.844,1.2293,24.631,53.252,6.087,0.0821,0.079
PHB_03317,Moderate Illness,2,0.4348,0.579,0.6633,25.679,1.4502,25.005,75.214,6.711,0.0271,0.0511
PHB_01702,Severe Disease,3,0.3374,0.7068,0.4481,27.402,1.5016,23.918,49.641,6.309,0.0676,0.0746
PHB_02527,Severe Disease,3,0.2269,0.6432,0.4832,27.544,1.6463,26.089,69.631,6.259,0.078,0.0821
PHB_00069,Healthy,0,0.8231,0.1056,0.861,24.8,1.1428,23.604,51.93,6.228,0.0359,0.0278
PHB_01169,Severe Disease,3,0.3158,0.7007,0.5651,28.114,1.4569,25.389,50.553,6.118,0.0593,0.0703
PHB_00049,Moderate Illness,2,0.5234,0.3753,0.5168,25.746,1.4374,26.203,72.293,6.464,0.0374,0.0358
PHB_01054,Healthy,0,0.8148,0.1616,0.8874,26.31,0.9199,23.14,70.019,6.688,0.0049,0.0198
PHB_04030,Severe Disease,3,0.5324,0.6795,0.5596,27.661,1.2842,22.024,64.704,6.304,0.0556,0.0729
PHB_00881,Early Disease,1,0.5434,0.3568,0.6694,26.368,1.1292,23.036,75.335,6.291,0.0308,0.0622
PHB_02652,Early Disease,1,0.5571,0.3718,0.8266,26.93,1.3108,27.708,68.163,6.31,0.0399,0.0509
PHB_07760,Moderate Illness,2,0.5153,0.4676,0.5917,27.155,1.0351,22.543,63.659,6.236,0.0517,0.051
PHB_02440,Severe Disease,3,0.2955,0.6632,0.4691,27.11,1.5238,24.93,57.692,6.267,0.0728,0.0489
PHB_04925,Early Disease,1,0.7862,0.418,0.6583,27.021,1.1356,24.105,67.006,6.102,0.0299,0.0603
PHB_01468,Healthy,0,0.8129,0.172,0.9167,25.864,0.8347,23.913,63.268,6.654,0.0345,0.0419
PHB_07293,Severe Disease,3,0.4489,0.8221,0.4927,26.701,1.9403,24.649,58.371,6.578,0.0584,0.0744
PHB_05036,Healthy,0,0.7771,0.1274,0.8012,24.203,1.3823,22.64,71.164,6.373,0.025,0.0348
PHB_02442,Healthy,0,0.7196,0.1682,0.7715,23.606,1.1373,22.08,62.069,6.383,0.0199,0.0605
PHB_06555,Healthy,0,0.8598,0.04,0.8636,25.089,1.1714,27.715,72.638,6.542,0.0121,0.0432
PHB_00231,Healthy,0,0.8083,0.1597,0.7873,24.211,1.2675,27.477,59.382,6.786,0.0315,0.0149
PHB_01321,Early Disease,1,0.6124,0.3161,0.791,26.042,1.0683,26.981,47.608,6.053,0.0407,0.0255
PHB_00042,Severe Disease,3,0.3254,0.6852,0.4079,27.762,1.3505,22.873,63.808,6.141,0.0628,0.0882
PHB_00778,Healthy,0,0.8976,0.1639,0.9738,23.854,1.2382,28.598,70.02,6.578,0.018,0.0529
PHB_08951,Early Disease,1,0.5352,0.1773,0.6232,26.001,1.2347,22.632,56.2,6.495,0.0257,0.0502
PHB_08405,Severe Disease,3,0.3228,0.6205,0.4683,27.707,1.1175,25.871,53.065,6.269,0.0711,0.0735
PHB_01730,Early Disease,1,0.7571,0.3982,0.73,26.952,1.1213,23.287,65.296,6.449,0.0262,0.0394
PHB_03911,Moderate Illness,2,0.4682,0.5695,0.6445,26.97,1.3539,23.404,63.766,6.284,0.055,0.0541
PHB_00580,Early Disease,1,0.7589,0.3482,0.8325,24.833,1.3184,24.356,57.8,6.564,0.0257,0.0384
PHB_09942,Healthy,0,0.6864,0.2309,0.8689,23.871,1.099,23.253,63.064,6.237,0.0219,0.0343
PHB_05840,Healthy,0,0.8109,0.1408,0.9265,23.556,1.1974,27.389,67.509,6.704,0.0115,0.0247
PHB_08272,Healthy,0,0.8436,0.0619,0.8188,25.113,0.9229,27.285,75.605,6.348,0.0299,0.0359
PHB_07276,Severe Disease,3,0.3642,0.7689,0.4179,27.754,1.3484,28.139,56.706,6.475,0.0472,0.0889
PHB_01492,Severe Disease,3,0.3251,0.7471,0.405,27.305,1.4523,29.093,60.887,6.254,0.0592,0.0613
PHB_09110,Early Disease,1,0.5969,0.3566,0.671,24.554,1.3927,24.392,65.482,6.053,0.0214,0.0503
PHB_05611,Healthy,0,0.8447,0.0789,0.9405,26.148,0.9222,22.438,62.468,6.463,0.016,0.0356
PHB_00062,Early Disease,1,0.6658,0.3114,0.7585,23.604,1.2347,25.799,73.419,6.599,0.0305,0.0622
PHB_05472,Healthy,0,0.8843,0.0326,0.7609,24.113,1.0912,22.428,73.842,6.31,0.0164,0.0259
PHB_03906,Moderate Illness,2,0.5934,0.4591,0.6567,25.484,1.4094,26.568,61.425,6.204,0.0597,0.0435
PHB_06532,Severe Disease,3,0.3517,0.7226,0.5864,28.46,1.2308,26.92,53.692,6.077,0.048,0.0721
PHB_00403,Severe Disease,3,0.3119,0.7329,0.4361,27.873,1.4095,29.5,52.937,6.131,0.0675,0.0831
PHB_00333,Moderate Illness,2,0.4545,0.7016,0.7163,27.522,1.2218,28.773,68.495,6.08,0.0498,0.0687
PHB_02085,Moderate Illness,2,0.5073,0.5039,0.6068,26.905,1.2237,26.433,55.789,6.166,0.044,0.0672
PHB_09558,Moderate Illness,2,0.4988,0.6008,0.5472,25.903,1.3883,27.529,55.182,5.884,0.0382,0.0814
PHB_00165,Moderate Illness,2,0.5015,0.4809,0.6505,26.31,1.347,22.955,63.358,6.078,0.0374,0.0629
PHB_04380,Healthy,0,0.6429,0.0565,0.9192,23.984,0.9584,24.873,69.089,6.345,0.035,0.0358
PHB_02716,Healthy,0,0.7314,0.0244,0.9437,25.119,1.1178,23.398,79.269,6.609,0.0184,0.0368
PHB_08924,Early Disease,1,0.7749,0.3056,0.63,25.356,1.4161,22.183,55.229,6.575,0.0363,0.0482
PHB_07347,Early Disease,1,0.5731,0.254,0.7539,26.393,1.0562,24.988,73.281,6.106,0.0467,0.0306
PHB_05454,Healthy,0,0.8137,0.1775,0.9383,25.137,1.1933,24.321,69.792,6.541,0.0022,0.0479
PHB_07047,Early Disease,1,0.6349,0.2514,0.8093,25.253,1.2545,23.888,65.42,6.441,0.026,0.04
PHB_01335,Severe Disease,3,0.3161,0.6961,0.3738,26.572,1.4359,24.658,57.37,5.782,0.0718,0.0571
PHB_08699,Healthy,0,0.861,0.1961,0.9074,24.336,1.0789,22.239,72.346,6.533,0.0234,0.0471
PHB_01660,Healthy,0,0.8106,0.0376,0.9634,23.387,0.9739,27.951,77.594,6.106,0.0185,0.0348
PHB_03579,Moderate Illness,2,0.5145,0.5087,0.5449,27.684,1.2543,24.829,70.306,6.105,0.0329,0.0538
PHB_00754,Early Disease,1,0.7053,0.3343,0.7756,25.846,1.1134,25.726,62.056,6.506,0.0226,0.039
PHB_06585,Early Disease,1,0.6366,0.389,0.7793,24.273,1.1322,24.06,68.657,5.971,0.026,0.0458
PHB_00707,Severe Disease,3,0.3278,0.66,0.4293,27.739,1.3875,26.754,62.039,6.344,0.0832,0.0759
PHB_03015,Early Disease,1,0.6344,0.2941,0.7545,24.978,1.1212,27.733,69.836,6.442,0.0432,0.0443
PHB_08559,Early Disease,1,0.5787,0.3397,0.6292,25.089,0.977,23.963,75.843,6.82,0.0349,0.0514
PHB_09876,Early Disease,1,0.755,0.2943,0.7578,24.486,1.1644,19.89,79.988,6.196,0.0343,0.0456
PHB_09583,Healthy,0,0.7914,0.2267,0.8213,24.419,1.2149,26.445,73.153,6.198,0.0252,0.0522
PHB_08929,Early Disease,1,0.6067,0.2602,0.6739,24.304,1.101,23.233,64.202,6.132,0.0396,0.0276
PHB_09557,Early Disease,1,0.7357,0.3425,0.6516,25.008,1.4798,23.985,72.911,6.38,0.0402,0.0428
PHB_08984,Severe Disease,3,0.3437,0.7335,0.6189,26.759,1.3461,24.24,55.687,6.622,0.055,0.0773
PHB_01835,Healthy,0,0.767,0.211,0.8952,24.465,1.0943,28.549,60.164,6.232,0.0253,0.0289
PHB_02997,Moderate Illness,2,0.502,0.5766,0.5153,26.278,1.552,27.305,61.138,6.363,0.0363,0.0745
PHB_05428,Severe Disease,3,0.3648,0.7441,0.4004,28.306,1.2426,22.798,62.383,6.211,0.0509,0.049
PHB_03880,Early Disease,1,0.5538,0.2741,0.7387,25.783,1.2112,24.156,61.154,6.65,0.0239,0.0588
PHB_07157,Severe Disease,3,0.4238,0.8886,0.3799,28.421,1.3828,24.838,53.54,6.669,0.0675,0.0701
PHB_05082,Moderate Illness,2,0.4795,0.5248,0.5266,25.515,1.3252,23.43,57.909,6.292,0.045,0.0563
PHB_09115,Early Disease,1,0.726,0.2099,0.7298,25.235,1.1375,24.963,65.235,6.683,0.0436,0.0508
PHB_07245,Early Disease,1,0.7237,0.386,0.6959,24.827,1.7022,26.329,71.909,6.585,0.0372,0.0531
PHB_05401,Moderate Illness,2,0.6337,0.587,0.5486,25.62,1.537,25.551,59.936,6.342,0.0514,0.0709
PHB_05396,Early Disease,1,0.6562,0.3584,0.7248,25.795,1.3756,22.974,71.422,6.921,0.0276,0.0724
PHB_09428,Early Disease,1,0.5882,0.3234,0.7002,25.669,1.0626,25.28,68.611,6.319,0.0274,0.0611
PHB_02247,Early Disease,1,0.6319,0.2729,0.7622,24.795,1.2071,24.326,60.122,6.358,0.0361,0.0431
PHB_00836,Moderate Illness,2,0.4809,0.4735,0.5918,26.197,1.1534,28.035,76.625,6.138,0.0648,0.0632
PHB_08395,Healthy,0,0.8532,0.1969,0.8016,25.048,1.104,22.824,78.277,6.848,0.0353,0.0512
PHB_09043,Early Disease,1,0.6595,0.2856,0.8047,25.333,1.1018,24.739,54.957,6.644,0.0439,0.0326
PHB_00433,Moderate Illness,2,0.5376,0.5206,0.5378,26.219,1.4451,23.368,59.951,6.528,0.037,0.0629
PHB_03379,Early Disease,1,0.7796,0.4351,0.6912,25.585,1.1757,25.43,68.141,6.413,0.0211,0.0497
PHB_06818,Healthy,0,0.8032,0.0583,0.8715,24.267,1.1694,28.796,72.286,6.176,0.0393,0.0554
PHB_08132,Severe Disease,3,0.3021,0.7407,0.4704,27.154,1.4357,27.48,67.298,6.076,0.058,0.0681
PHB_09622,Moderate Illness,2,0.3978,0.5293,0.5142,26.55,1.2371,25.79,61.333,6.566,0.0374,0.0434
PHB_06067,Early Disease,1,0.7201,0.1766,0.7818,25.604,1.2383,23.688,74.885,5.943,0.0463,0.0592
PHB_01194,Severe Disease,3,0.2834,0.5572,0.4238,27.539,1.4664,27.036,71.727,6.235,0.0573,0.0933
PHB_06935,Moderate Illness,2,0.5405,0.572,0.539,26.168,1.3168,26.282,61.13,6.167,0.0635,0.052
PHB_05462,Healthy,0,0.7416,0.2988,0.9516,25.202,1.0911,26.666,85.953,6.144,0.0383,0.0579
PHB_03072,Severe Disease,3,0.2996,0.7021,0.3431,27.172,1.2292,28.409,66.072,5.816,0.0592,0.0533
PHB_03045,Moderate Illness,2,0.5183,0.4817,0.5505,26.448,1.2189,26.972,55.978,6.311,0.0633,0.0418
PHB_03264,Early Disease,1,0.7015,0.3172,0.8854,26.396,1.046,26.031,63.725,6.257,0.035,0.0512
PHB_02730,Severe Disease,3,0.2237,0.7729,0.5931,26.948,1.3883,26.506,61.519,6.35,0.0537,0.0707
PHB_03434,Healthy,0,0.774,0.1618,0.8578,23.054,1.0211,23.094,73.997,6.305,0.0491,0.0288
PHB_00434,Severe Disease,3,0.2905,0.7175,0.5513,27.679,1.4561,24.66,59.542,6.082,0.0478,0.0752
PHB_03273,Moderate Illness,2,0.5822,0.4939,0.5064,27.0,1.3026,26.709,52.487,6.447,0.0513,0.0577
PHB_07002,Severe Disease,3,0.3913,0.7512,0.5108,27.843,1.5367,28.573,69.648,6.497,0.0756,0.0571
PHB_09727,Healthy,0,0.7201,0.1571,0.7933,23.931,1.1153,25.9,68.46,6.402,0.0242,0.0229
PHB_00105,Severe Disease,3,0.3213,0.763,0.4313,27.847,1.3569,26.94,68.406,6.36,0.0738,0.0644
PHB_03316,Healthy,0,0.7617,0.1859,0.9523,24.113,1.0704,24.265,71.744,6.775,0.0253,0.0405
PHB_01657,Healthy,0,0.8643,0.0916,0.9231,23.495,1.0922,25.453,70.739,5.922,0.0253,0.051
PHB_01534,Moderate Illness,2,0.5079,0.37,0.5213,25.682,1.3678,25.122,57.879,6.453,0.0533,0.058
PHB_04681,Severe Disease,3,0.3518,0.7361,0.4125,28.041,1.3068,23.118,56.432,6.221,0.0785,0.0655
PHB_08814,Severe Disease,3,0.3032,0.711,0.379,27.263,1.3833,24.714,68.549,5.938,0.0699,0.0814
PHB_09003,Early Disease,1,0.5816,0.2291,0.7352,25.328,1.0418,22.008,55.474,6.299,0.045,0.0574
PHB_06623,Healthy,0,0.8544,0.0928,1.0079,25.112,1.1719,23.329,68.536,6.574,0.0168,0.0355
PHB_01444,Healthy,0,0.9643,0.1215,0.7857,25.432,1.0109,24.98,66.337,6.141,0.0371,0.0444
PHB_00215,Moderate Illness,2,0.488,0.4875,0.6284,26.016,1.321,25.332,70.814,6.272,0.0539,0.0704
PHB_05357,Moderate Illness,2,0.4691,0.4787,0.4833,24.817,1.3434,23.641,67.732,5.977,0.0355,0.078
PHB_09219,Severe Disease,3,0.2872,0.6733,0.4724,27.446,1.2584,28.163,61.17,5.868,0.0492,0.0498
PHB_06323,Severe Disease,3,0.2605,0.7248,0.4266,27.691,1.5133,23.03,66.214,6.186,0.068,0.0673
PHB_04990,Healthy,0,0.8902,0.0633,0.7153,24.337,1.055,19.823,68.616,6.236,0.027,0.0324
PHB_01420,Severe Disease,3,0.3127,0.8581,0.4872,27.13,1.5593,29.186,76.055,6.324,0.0641,0.0653
PHB_09517,Severe Disease,3,0.3629,0.7146,0.5089,27.473,1.1537,24.421,71.772,6.419,0.0502,0.0896
PHB_08607,Healthy,0,0.7678,0.1533,0.866,24.103,1.2776,24.229,65.405,6.325,0.0269,0.0313
PHB_00182,Severe Disease,3,0.3063,0.7239,0.2863,26.021,1.4108,23.916,60.895,6.243,0.0827,0.059
PHB_04353,Moderate Illness,2,0.5069,0.5021,0.63,27.091,1.1391,24.663,71.107,6.547,0.0567,0.0704
PHB_08701,Early Disease,1,0.6708,0.3557,0.8065,27.046,1.2448,27.995,65.982,5.968,0.0222,0.0639
PHB_02447,Healthy,0,0.7903,0.1004,0.8765,24.408,1.1166,21.842,68.106,6.536,0.0324,0.0295
PHB_05322,Moderate Illness,2,0.5344,0.4818,0.5536,25.204,1.2473,28.464,51.084,6.054,0.0415,0.0721
PHB_08046,Healthy,0,0.7463,0.069,0.8804,24.935,1.4652,24.068,47.427,6.723,0.0238,0.0314
PHB_05685,Early Disease,1,0.6656,0.2646,0.6923,25.011,1.0007,25.65,61.345,6.29,0.0302,0.0344
PHB_03533,Early Disease,1,0.6427,0.2493,0.7782,27.159,1.3026,30.31,65.049,6.179,0.0366,0.0671
PHB_08245,Severe Disease,3,0.2691,0.7399,0.3842,27.84,1.449,24.817,68.587,6.287,0.0621,0.0704
PHB_07977,Severe Disease,3,0.3035,0.7139,0.2382,28.167,1.5505,24.779,68.693,6.086,0.0758,0.0584
PHB_03699,Healthy,0,0.8133,0.1657,1.0192,24.999,1.1209,23.476,61.019,6.639,0.0225,0.0285
PHB_00071,Healthy,0,0.8745,0.1507,0.851,23.507,0.9041,23.201,65.837,6.074,0.0165,0.0547
PHB_00545,Healthy,0,0.9031,0.0748,0.7846,24.76,1.2438,22.466,74.667,6.471,0.02,0.0293
PHB_01205,Healthy,0,0.9251,0.1467,0.9193,24.033,0.9767,24.591,58.951,6.421,0.0172,0.0466
PHB_03079,Moderate Illness,2,0.567,0.5048,0.5711,27.97,1.3191,24.66,73.888,6.136,0.0378,0.0592
PHB_09107,Healthy,0,0.8549,0.1462,0.7873,25.282,1.0374,25.695,70.219,6.525,0.0167,0.0483
PHB_09121,Moderate Illness,2,0.4203,0.5144,0.5794,26.522,1.3659,23.511,53.131,6.5,0.0442,0.0602
PHB_09681,Moderate Illness,2,0.5748,0.4203,0.5875,28.063,1.4101,26.493,61.425,6.333,0.0615,0.0364
PHB_06181,Healthy,0,0.8568,0.0504,0.9115,23.85,1.2333,21.011,69.993,6.523,0.0184,0.0446
PHB_08330,Early Disease,1,0.5815,0.3178,0.8551,27.013,1.2071,23.697,67.203,6.465,0.0278,0.022
PHB_04285,Severe Disease,3,0.3517,0.7006,0.4392,26.357,1.5476,24.854,49.205,6.348,0.0532,0.0904
PHB_04008,Healthy,0,0.7293,0.116,0.8379,24.046,0.8646,26.959,61.024,6.68,0.029,0.0466
PHB_08714,Moderate Illness,2,0.5359,0.5253,0.612,26.288,0.9693,22.707,56.584,6.314,0.0396,0.0736
PHB_00878,Early Disease,1,0.6528,0.34,0.7953,24.028,1.3035,22.01,62.76,6.597,0.0421,0.0337
PHB_08061,Moderate Illness,2,0.5323,0.6098,0.553,25.6,1.3763,24.223,63.498,6.64,0.0419,0.0795
PHB_00197,Moderate Illness,2,0.4659,0.5166,0.6599,26.466,1.4054,21.492,57.219,5.847,0.0491,0.065
PHB_09747,Moderate Illness,2,0.5262,0.3754,0.7246,26.423,1.3483,24.806,70.995,6.222,0.0557,0.0628
PHB_04011,Early Disease,1,0.7885,0.358,0.7082,25.256,1.3393,26.358,70.211,6.229,0.0178,0.0391
PHB_09963,Healthy,0,0.7975,0.1584,0.9889,24.092,1.1731,25.91,64.015,6.52,0.0298,0.053
PHB_02572,Moderate Illness,2,0.4688,0.4737,0.5477,26.055,1.2577,22.923,62.976,6.138,0.0405,0.0422
PHB_03754,Severe Disease,3,0.3583,0.6642,0.426,27.822,1.5451,24.346,58.767,6.436,0.0481,0.0821
PHB_09248,Early Disease,1,0.5559,0.2921,0.6775,25.54,1.1868,25.177,42.411,6.247,0.0393,0.0298
PHB_08629,Early Disease,1,0.7153,0.2468,0.8104,23.817,1.3919,21.411,60.996,6.051,0.0345,0.0532
PHB_09369,Severe Disease,3,0.4461,0.764,0.4952,28.591,1.4148,26.99,61.737,6.423,0.0693,0.0562
PHB_06160,Severe Disease,3,0.3177,0.7802,0.5297,26.903,1.3216,25.51,74.407,5.853,0.062,0.0944
PHB_04792,Healthy,0,0.7635,0.0931,0.845,24.102,1.256,22.886,82.418,6.42,0.0164,0.0462
PHB_05338,Moderate Illness,2,0.4925,0.5045,0.5086,24.873,1.3717,22.773,77.312,6.153,0.0543,0.0684
PHB_03025,Early Disease,1,0.6559,0.3059,0.6834,23.965,1.2351,24.741,59.529,6.065,0.0512,0.0379
PHB_02719,Healthy,0,0.7274,0.086,0.742,23.055,1.2655,22.475,76.734,6.07,0.0243,0.0518
PHB_08656,Healthy,0,0.7777,0.1904,0.8888,24.263,0.9875,30.028,60.062,6.139,0.0194,0.0447
PHB_06917,Early Disease,1,0.6741,0.3067,0.5926,25.923,1.2196,29.399,57.568,6.199,0.0377,0.0667
PHB_03985,Early Disease,1,0.7477,0.344,0.7022,25.489,1.7461,24.234,57.375,6.295,0.0359,0.0448
PHB_07309,Healthy,0,0.8911,0.0726,0.8903,25.786,1.2015,24.48,69.491,6.324,0.0332,0.0275
PHB_05954,Healthy,0,0.754,0.1209,0.8401,25.208,1.1485,25.931,70.146,6.359,0.0204,0.0505
PHB_03845,Severe Disease,3,0.3129,0.6922,0.5184,27.026,1.4788,26.862,65.481,6.624,0.0714,0.0788
PHB_02683,Healthy,0,0.7697,0.073,0.8707,23.924,0.9274,24.942,58.731,6.416,0.0338,0.0434
PHB_04025,Severe Disease,3,0.4035,0.6314,0.3935,28.041,1.3782,25.064,58.412,6.016,0.0627,0.0666
PHB_08716,Healthy,0,0.7877,0.1272,0.9033,24.518,1.0477,22.026,71.478,6.741,0.0305,0.0448
PHB_03140,Early Disease,1,0.6207,0.3181,0.7309,24.973,1.43,23.933,77.987,6.347,0.0358,0.0473
PHB_04238,Severe Disease,3,0.3285,0.7172,0.4095,26.614,1.4896,24.29,62.125,6.455,0.0549,0.067
PHB_00219,Severe Disease,3,0.3471,0.7334,0.4675,27.241,1.4535,25.328,66.84,6.413,0.0449,0.0951
PHB_06619,Healthy,0,0.861,0.119,0.8505,24.638,0.9677,24.519,68.792,6.384,0.0372,0.0471
PHB_09607,Moderate Illness,2,0.6326,0.5793,0.5698,26.01,1.4298,24.844,67.356,6.356,0.0473,0.0631
PHB_05269,Severe Disease,3,0.4756,0.7117,0.4492,26.795,1.2415,27.132,58.426,6.271,0.0695,0.0728
PHB_02544,Healthy,0,0.8777,0.0264,0.9531,24.455,1.0102,23.329,69.997,6.33,0.0379,0.0224
PHB_02871,Moderate Illness,2,0.796,0.5313,0.6497,25.949,1.5651,25.468,69.296,6.175,0.0305,0.0505
PHB_01245,Early Disease,1,0.6484,0.2542,0.7916,25.594,1.2017,22.213,69.022,6.185,0.0494,0.0445
PHB_00421,Moderate Illness,2,0.4761,0.4789,0.6418,26.877,1.2437,26.947,56.321,6.136,0.0679,0.066
PHB_06228,Early Disease,1,0.7156,0.3832,0.7917,25.696,1.1315,24.701,74.973,6.344,0.0365,0.0434
PHB_02059,Healthy,0,0.7723,0.0699,0.8484,25.264,0.931,26.333,67.999,6.497,0.0039,0.0376
PHB_08494,Severe Disease,3,0.3721,0.747,0.3946,28.682,1.5831,24.418,67.78,6.365,0.073,0.0802
PHB_06435,Moderate Illness,2,0.5481,0.439,0.6153,26.348,1.1882,25.846,56.687,6.411,0.0481,0.0639
PHB_03423,Moderate Illness,2,0.5399,0.6057,0.65,25.555,1.4099,22.66,50.546,5.951,0.044,0.0583
PHB_04511,Moderate Illness,2,0.471,0.5056,0.5987,27.043,1.3588,22.394,59.562,6.152,0.0385,0.0672
PHB_01167,Severe Disease,3,0.2463,0.7253,0.3594,27.719,1.2667,23.436,56.889,6.345,0.0711,0.0794
PHB_00255,Healthy,0,0.8037,0.099,0.9135,24.205,0.8253,22.694,74.193,6.302,0.0322,0.0363
PHB_00416,Healthy,0,0.7305,0.1286,0.7948,24.329,1.0011,24.87,62.005,6.702,0.032,0.0447
PHB_09176,Severe Disease,3,0.3984,0.7967,0.42,26.769,1.407,23.57,67.222,6.588,0.0706,0.08
PHB_03470,Severe Disease,3,0.4141,0.7095,0.4088,26.688,1.3657,26.577,60.493,5.798,0.0567,0.0594
PHB_03051,Severe Disease,3,0.2947,0.7669,0.4288,28.017,1.5661,25.041,58.224,6.232,0.0649,0.0619
PHB_00760,Early Disease,1,0.6904,0.3033,0.72,24.512,1.0377,23.881,59.907,6.009,0.0364,0.0337
PHB_01386,Healthy,0,0.7252,0.1914,0.821,24.173,1.2793,21.816,70.358,6.856,0.0139,0.0308
PHB_00655,Severe Disease,3,0.3735,0.7134,0.4817,27.513,1.5737,21.429,57.473,6.025,0.0712,0.0784
PHB_01202,Moderate Illness,2,0.4835,0.5233,0.5176,27.096,1.2834,22.283,63.632,6.285,0.0546,0.0579
PHB_02414,Moderate Illness,2,0.5498,0.493,0.7637,26.751,1.4201,23.304,61.145,6.534,0.0577,0.0478
PHB_05580,Severe Disease,3,0.2766,0.6979,0.523,25.819,1.4931,26.543,69.693,6.199,0.0531,0.0814
PHB_05994,Severe Disease,3,0.4383,0.7423,0.3171,27.949,1.386,26.013,77.019,6.045,0.0682,0.0633
PHB_05295,Severe Disease,3,0.3855,0.7691,0.5081,26.053,1.3192,21.255,61.763,6.273,0.0482,0.093
PHB_03056,Early Disease,1,0.6944,0.2586,0.7566,25.606,1.1211,25.374,58.184,6.494,0.0394,0.0442
PHB_02831,Healthy,0,1.0029,0.0,0.8683,23.397,0.9149,24.444,71.382,6.394,0.0237,0.024
PHB_02971,Early Disease,1,0.6152,0.2882,0.7131,24.511,0.9544,25.111,52.714,6.33,0.0272,0.0578
PHB_00329,Moderate Illness,2,0.4936,0.4858,0.6521,26.525,1.1368,21.519,70.864,5.898,0.0452,0.0674
PHB_04271,Severe Disease,3,0.3202,0.7495,0.3879,27.591,1.3722,24.269,57.523,6.126,0.0642,0.0682
PHB_05995,Moderate Illness,2,0.5166,0.4511,0.636,27.207,1.3192,21.088,69.898,6.399,0.0381,0.0843
PHB_04393,Moderate Illness,2,0.5353,0.4678,0.6952,26.718,1.3831,26.985,62.461,6.69,0.0532,0.0602
PHB_02064,Healthy,0,0.8405,0.092,0.8338,24.713,1.0873,27.288,55.321,6.673,0.0196,0.0388
PHB_08302,Early Disease,1,0.6248,0.3306,0.7175,25.584,1.1626,19.976,61.317,6.214,0.0418,0.0568
PHB_09014,Early Disease,1,0.6084,0.2884,0.7147,26.015,1.4152,25.037,65.708,6.302,0.0432,0.0364
PHB_09330,Moderate Illness,2,0.5686,0.582,0.6012,25.592,1.2895,27.992,62.813,6.107,0.0552,0.0709
PHB_05170,Early Disease,1,0.636,0.3689,0.7493,25.475,1.247,25.569,55.234,6.355,0.0499,0.0313
PHB_04430,Healthy,0,0.8606,0.1247,0.8655,25.178,1.282,21.321,62.591,6.483,0.0216,0.0374
PHB_01282,Early Disease,1,0.5813,0.404,0.7313,26.019,1.3924,22.987,71.029,6.248,0.04,0.0686
PHB_03382,Severe Disease,3,0.3231,0.7095,0.5272,25.066,1.4446,26.57,68.229,6.45,0.0407,0.0822
PHB_02637,Early Disease,1,0.6758,0.3513,0.7491,24.932,1.0867,26.351,68.798,6.114,0.0146,0.0258
PHB_03329,Moderate Illness,2,0.46,0.5437,0.5919,26.51,1.3797,23.005,68.147,6.128,0.0528,0.0599
PHB_06437,Moderate Illness,2,0.5647,0.5294,0.5171,25.152,1.3409,23.69,67.675,6.29,0.0361,0.05
PHB_05019,Moderate Illness,2,0.4453,0.5963,0.6319,25.149,1.1901,25.192,53.223,6.417,0.0385,0.0468
PHB_07325,Moderate Illness,2,0.4934,0.5097,0.6937,25.964,1.248,26.765,59.272,6.119,0.0728,0.0649
PHB_03796,Moderate Illness,2,0.5155,0.5249,0.6837,26.87,1.12,24.247,72.129,6.004,0.0507,0.0631
PHB_02664,Healthy,0,0.874,0.0763,0.79,24.951,1.0481,23.683,67.25,6.526,0.0276,0.0214
PHB_08283,Early Disease,1,0.6405,0.3727,0.6446,26.764,1.4077,25.878,58.64,6.187,0.0452,0.0364
PHB_01283,Early Disease,1,0.6268,0.2928,0.7105,24.471,1.0596,29.185,72.111,6.369,0.0427,0.0569
PHB_04149,Early Disease,1,0.7251,0.2677,0.7142,24.776,1.1141,22.548,57.212,6.363,0.0481,0.0604
PHB_01363,Moderate Illness,2,0.3961,0.5712,0.669,25.257,1.3307,25.86,55.474,6.198,0.0754,0.07
PHB_01438,Moderate Illness,2,0.4442,0.5664,0.6824,25.693,1.1186,22.639,64.776,6.312,0.0401,0.0201
PHB_09629,Severe Disease,3,0.2869,0.7648,0.4636,26.07,1.3277,23.791,55.03,6.382,0.0497,0.0731
PHB_03442,Healthy,0,0.8347,0.0858,0.8051,24.464,0.9984,25.531,75.619,6.254,0.0313,0.0303
PHB_00057,Early Disease,1,0.8535,0.3114,0.7348,24.16,1.0338,25.451,60.836,6.147,0.0463,0.0372
PHB_04598,Healthy,0,0.7795,0.159,0.9085,25.175,1.2565,28.683,69.597,6.463,0.0203,0.0362
PHB_08480,Severe Disease,3,0.3622,0.6184,0.4852,27.078,1.5148,23.881,69.757,6.431,0.0479,0.0731
PHB_05366,Severe Disease,3,0.4279,0.6233,0.4426,27.613,1.4768,22.835,74.606,5.785,0.0536,0.0827
PHB_01845,Healthy,0,0.7557,0.1494,0.8446,25.094,1.0837,23.176,70.115,6.455,0.0327,0.0297
PHB_05516,Severe Disease,3,0.2884,0.6933,0.5505,26.778,1.4949,28.857,56.371,6.443,0.0634,0.0887
PHB_08574,Early Disease,1,0.5475,0.3986,0.643,25.186,1.2448,27.9,69.2,5.974,0.0392,0.0542
PHB_06264,Moderate Illness,2,0.511,0.5626,0.4834,26.711,1.3702,20.858,64.599,5.876,0.0426,0.0586
PHB_02881,Healthy,0,0.8431,0.1534,0.9563,23.47,1.1164,22.611,67.342,6.268,0.0365,0.0333
PHB_01744,Severe Disease,3,0.3115,0.7298,0.5013,27.205,1.4142,24.952,67.456,6.416,0.0499,0.0768
PHB_08399,Severe Disease,3,0.347,0.6989,0.5402,26.404,1.4542,24.849,65.165,5.882,0.0658,0.0623
PHB_04170,Early Disease,1,0.7296,0.2252,0.6739,24.965,1.2731,26.761,65.299,6.47,0.0319,0.0245
PHB_05198,Early Disease,1,0.5995,0.2582,0.7107,25.239,1.2363,25.234,55.368,6.02,0.0451,0.0345
PHB_08994,Early Disease,1,0.5281,0.3359,0.8363,26.126,1.1387,23.733,64.468,6.579,0.0239,0.0464
PHB_00741,Healthy,0,0.8877,0.2042,0.8727,24.532,1.3166,25.22,67.685,6.715,0.0126,0.026
PHB_09067,Early Disease,1,0.5873,0.304,0.6795,26.131,1.1136,26.197,65.5,6.516,0.0366,0.0512
PHB_01625,Early Disease,1,0.6096,0.3256,0.751,24.256,1.0002,27.538,57.078,6.702,0.0383,0.0706
PHB_00525,Healthy,0,0.8306,0.1334,0.9555,25.091,1.1473,25.914,53.135,6.472,0.0276,0.0568
PHB_08000,Severe Disease,3,0.3825,0.7038,0.39,27.161,1.4074,20.181,62.038,6.011,0.0642,0.0726
PHB_04420,Moderate Illness,2,0.4616,0.5265,0.5431,27.046,1.3697,27.695,63.096,6.066,0.0539,0.0521
PHB_05427,Severe Disease,3,0.362,0.6803,0.4796,26.65,1.3834,20.379,75.814,6.386,0.0553,0.0988
PHB_06690,Early Disease,1,0.5729,0.3111,0.9167,24.548,1.4551,25.441,60.651,6.929,0.0369,0.0495
PHB_07383,Severe Disease,3,0.3791,0.7961,0.3037,27.995,1.506,21.81,68.999,6.38,0.0713,0.052
PHB_00436,Healthy,0,0.899,0.1675,0.9011,23.395,1.116,21.863,68.248,6.431,0.0186,0.0261
PHB_02961,Severe Disease,3,0.2831,0.8103,0.4264,26.645,1.3355,22.439,54.683,6.251,0.0403,0.0765
PHB_00309,Early Disease,1,0.7663,0.3188,0.8405,26.192,1.2326,26.785,63.001,5.979,0.0323,0.0273
PHB_01566,Early Disease,1,0.6234,0.3005,0.7016,25.879,1.1659,24.215,72.449,6.319,0.0199,0.0418
PHB_02632,Early Disease,1,0.751,0.2561,0.6532,25.363,1.0221,30.205,66.164,6.408,0.0218,0.0575
PHB_05598,Early Disease,1,0.6347,0.3894,0.7028,26.494,1.146,22.353,77.438,6.344,0.0468,0.0471
PHB_09478,Severe Disease,3,0.3803,0.7938,0.5475,27.387,1.5037,23.068,61.951,6.18,0.0579,0.0716
PHB_00402,Severe Disease,3,0.3116,0.8134,0.4523,27.609,1.3528,23.064,63.524,6.324,0.0516,0.0677
PHB_03827,Early Disease,1,0.6728,0.1816,0.6819,24.286,1.2342,24.545,67.118,6.321,0.0336,0.0402
PHB_00882,Moderate Illness,2,0.3481,0.4099,0.5642,25.437,1.2911,23.626,68.778,6.603,0.0268,0.0488
PHB_03998,Early Disease,1,0.7106,0.412,0.7687,25.911,1.2061,24.94,68.252,6.742,0.0224,0.0707
PHB_07119,Healthy,0,0.8083,0.1221,0.8906,25.299,0.9677,23.93,67.031,6.686,0.0321,0.0212
PHB_03266,Healthy,0,0.842,0.2009,0.9469,25.499,1.1498,26.051,70.337,6.532,0.0278,0.0241
PHB_08407,Healthy,0,0.7697,0.077,0.8999,24.124,1.1728,22.215,74.856,6.342,0.0452,0.0053
PHB_05010,Early Disease,1,0.6812,0.3306,0.7225,25.272,1.0372,25.983,66.202,6.342,0.0414,0.0239
PHB_05737,Moderate Illness,2,0.6251,0.4588,0.5382,26.131,1.4254,24.976,67.802,6.283,0.0725,0.0472
PHB_05555,Moderate Illness,2,0.5521,0.5431,0.666,27.461,1.311,26.084,59.063,6.221,0.0521,0.0715
PHB_00289,Moderate Illness,2,0.4563,0.4353,0.5136,26.646,1.4254,24.974,67.996,6.07,0.0529,0.0645
PHB_05565,Severe Disease,3,0.2535,0.6926,0.5048,27.088,1.7552,23.003,71.41,6.065,0.0668,0.0453
PHB_08325,Severe Disease,3,0.3514,0.599,0.52,26.747,1.4685,22.787,72.585,6.269,0.0597,0.0828
PHB_02624,Severe Disease,3,0.322,0.6893,0.5204,27.338,1.4725,24.671,54.08,6.211,0.0663,0.0725
PHB_08860,Healthy,0,0.9142,0.0364,0.8515,22.362,1.1009,25.787,78.467,6.622,0.0217,0.0254
PHB_00477,Early Disease,1,0.5383,0.3787,0.7713,24.704,1.2143,29.853,65.988,6.647,0.0362,0.0496
PHB_08592,Healthy,0,0.7706,0.0792,0.9973,24.257,1.1387,25.517,68.291,6.677,0.0139,0.032
PHB_09714,Severe Disease,3,0.3506,0.7627,0.3008,27.022,1.2589,22.941,65.124,6.407,0.06,0.0649
PHB_06523,Healthy,0,0.8689,0.1056,0.9204,24.525,1.1246,26.223,72.953,6.75,0.0279,0.0204
PHB_03112,Early Disease,1,0.6602,0.1822,0.7067,24.902,1.1955,27.664,66.504,6.805,0.035,0.0472
PHB_09471,Moderate Illness,2,0.5484,0.5398,0.5744,26.345,1.2789,24.454,60.297,6.302,0.0428,0.0524
PHB_00738,Early Disease,1,0.6922,0.372,0.6255,25.833,1.2194,26.66,64.6,6.332,0.0207,0.0424
PHB_03134,Healthy,0,0.8656,0.0755,0.8119,25.22,1.232,23.853,70.673,6.381,0.0192,0.0166
PHB_08048,Severe Disease,3,0.3854,0.6846,0.3967,25.826,1.334,26.0,63.914,5.924,0.0675,0.0546
PHB_06552,Healthy,0,0.9104,0.091,0.9635,25.897,1.0414,24.294,64.519,6.383,0.029,0.0162
PHB_05408,Healthy,0,0.813,0.0482,0.733,25.023,0.9844,25.399,77.567,6.362,0.0439,0.0385
PHB_05564,Healthy,0,0.8397,0.134,0.9132,26.323,1.0377,23.981,81.971,6.027,0.0205,0.0345
PHB_05329,Early Disease,1,0.6346,0.2458,0.7553,25.899,1.0991,24.573,75.809,6.322,0.0335,0.04
PHB_06719,Moderate Illness,2,0.5372,0.5281,0.4976,27.079,1.2483,23.764,64.657,6.54,0.0502,0.0331
PHB_05119,Healthy,0,0.8353,0.1804,0.8634,24.753,1.0168,20.789,59.554,6.375,0.0122,0.0378
PHB_04620,Moderate Illness,2,0.4052,0.5496,0.6602,25.389,1.3095,26.508,71.34,6.24,0.0551,0.0538
PHB_03690,Early Disease,1,0.6466,0.3345,0.7832,26.118,1.33,21.553,70.818,6.37,0.0328,0.0421
PHB_07717,Moderate Illness,2,0.5225,0.5724,0.6222,26.991,1.4169,30.636,67.594,6.14,0.0386,0.0474
PHB_01840,Moderate Illness,2,0.5184,0.5213,0.5659,25.362,1.172,25.966,55.637,6.468,0.0445,0.0525
PHB_01996,Severe Disease,3,0.2917,0.7504,0.5345,26.495,1.2998,26.402,54.111,6.142,0.0607,0.0963
PHB_02400,Moderate Illness,2,0.4795,0.574,0.6241,27.435,1.3471,23.218,68.312,6.365,0.0401,0.0588
PHB_06511,Severe Disease,3,0.3449,0.7312,0.4583,27.368,1.4759,18.856,64.058,6.017,0.0636,0.0884
PHB_09357,Severe Disease,3,0.3972,0.7166,0.4414,28.134,1.6566,24.968,50.932,6.096,0.0579,0.0741
PHB_04120,Early Disease,1,0.6834,0.3362,0.8551,24.479,0.9496,24.912,63.205,6.341,0.0447,0.0319
PHB_05895,Healthy,0,0.9302,0.2171,0.8725,24.037,1.1334,24.565,73.065,6.779,0.0224,0.0398
PHB_00801,Moderate Illness,2,0.5459,0.4535,0.6872,25.656,1.4666,25.027,60.764,6.167,0.0764,0.0732
PHB_08424,Severe Disease,3,0.3461,0.8031,0.5214,27.849,1.4681,26.262,58.838,6.02,0.0385,0.0796
PHB_07681,Severe Disease,3,0.3488,0.6092,0.4321,27.168,1.3312,23.848,67.241,6.282,0.0516,0.1
PHB_01406,Early Disease,1,0.5852,0.2377,0.7629,25.385,1.041,25.737,60.89,6.535,0.0392,0.0547
PHB_05432,Early Disease,1,0.621,0.3504,0.7517,26.206,1.2509,25.671,55.614,6.445,0.0356,0.0408
PHB_00070,Early Disease,1,0.688,0.389,0.7198,24.86,1.0828,24.086,70.312,6.22,0.0515,0.0666
PHB_09544,Moderate Illness,2,0.5247,0.5885,0.6335,26.847,1.2674,27.937,59.33,6.687,0.0651,0.0774
PHB_02760,Moderate Illness,2,0.5067,0.5599,0.6605,27.216,1.4212,22.592,54.605,5.989,0.062,0.0758
PHB_08295,Moderate Illness,2,0.4633,0.5745,0.7163,25.846,1.1613,25.972,53.714,6.228,0.0482,0.0547
PHB_01587,Early Disease,1,0.6735,0.3631,0.7681,25.919,1.186,22.607,68.845,6.429,0.0424,0.0588
PHB_06667,Severe Disease,3,0.3806,0.6326,0.4906,27.942,1.3213,23.333,51.78,6.22,0.0674,0.092
PHB_08015,Healthy,0,0.8473,0.0837,0.934,24.433,1.2974,21.019,52.031,6.372,0.0223,0.0417
PHB_01075,Severe Disease,3,0.4265,0.7936,0.5625,28.176,1.4951,25.302,60.153,6.134,0.0765,0.0668
PHB_03064,Severe Disease,3,0.3212,0.7142,0.5208,28.394,1.5157,29.177,46.075,5.869,0.066,0.089
PHB_06488,Moderate Illness,2,0.5694,0.5356,0.797,26.459,1.294,23.804,62.685,6.92,0.0483,0.0617
PHB_04706,Early Disease,1,0.752,0.4085,0.7136,26.689,1.1269,23.088,77.782,6.395,0.051,0.0401
PHB_09070,Early Disease,1,0.6318,0.3693,0.7686,24.844,1.1085,27.503,63.078,5.843,0.043,0.0431
PHB_02604,Severe Disease,3,0.393,0.7969,0.5005,27.989,1.3214,26.94,77.002,6.196,0.0567,0.0695
PHB_07739,Healthy,0,0.8455,0.1373,0.8911,24.083,1.1892,24.811,59.191,6.15,0.0213,0.0414
PHB_01580,Severe Disease,3,0.3454,0.6164,0.4379,27.724,1.5219,25.768,50.557,6.299,0.0757,0.0445
PHB_05059,Moderate Illness,2,0.4458,0.5071,0.5313,25.952,1.4224,25.306,62.412,6.153,0.0504,0.0508
PHB_05754,Severe Disease,3,0.2809,0.7292,0.4338,28.077,1.5568,26.07,68.257,5.977,0.0847,0.0722
PHB_03549,Healthy,0,0.8396,0.1694,0.9405,25.251,1.0139,21.582,61.541,6.543,0.0343,0.0397
PHB_00410,Severe Disease,3,0.3381,0.7146,0.4638,26.855,1.2527,23.748,58.851,6.492,0.0594,0.0685
PHB_04098,Moderate Illness,2,0.5276,0.5364,0.6457,26.18,1.2517,22.838,63.259,6.421,0.0682,0.0537
PHB_06462,Moderate Illness,2,0.8985,0.4628,0.6027,25.969,1.4115,26.417,68.787,6.316,0.0554,0.0671
PHB_05602,Healthy,0,0.8788,0.1851,0.8197,24.757,1.1385,26.851,66.217,6.748,0.0285,0.0295
PHB_05232,Severe Disease,3,0.3909,0.7286,0.429,27.749,1.4314,26.69,69.655,5.968,0.049,0.0629
PHB_03778,Healthy,0,0.8648,0.2753,0.887,24.154,1.1836,23.337,74.339,6.412,0.031,0.0239
PHB_02727,Severe Disease,3,0.3241,0.6608,0.4412,27.179,1.3383,25.267,54.953,6.129,0.0538,0.0857
PHB_00478,Moderate Illness,2,0.5097,0.6205,0.6662,26.996,1.236,23.874,61.392,6.111,0.0479,0.0486
PHB_01330,Healthy,0,0.8967,0.0745,0.901,24.607,1.11,25.38,72.068,6.238,0.0203,0.0401
PHB_04036,Early Disease,1,0.7183,0.3632,0.7224,25.838,0.9257,26.001,68.898,6.254,0.0471,0.0301
PHB_09643,Severe Disease,3,0.3701,0.6808,0.4756,27.596,1.4756,27.552,73.584,6.531,0.062,0.0773
PHB_01778,Early Disease,1,0.6701,0.423,0.6772,25.933,1.0961,23.96,82.126,6.346,0.0529,0.0414
PHB_06097,Healthy,0,0.9358,0.0976,0.791,23.708,0.9944,28.126,59.155,6.253,0.0152,0.0501
PHB_00752,Early Disease,1,0.6932,0.2197,0.7542,24.855,1.1067,28.032,67.209,6.75,0.0403,0.0626
PHB_05793,Healthy,0,0.7329,0.0829,0.8848,25.454,1.1715,26.555,63.556,6.26,0.0205,0.0378
PHB_04061,Severe Disease,3,0.3418,0.7791,0.418,26.036,1.3054,27.985,71.732,6.117,0.0651,0.0638
PHB_09042,Healthy,0,0.798,0.1676,0.8111,24.105,1.3026,27.35,79.193,6.55,0.0269,0.0369
PHB_06031,Early Disease,1,0.6066,0.3869,0.6655,26.074,1.256,22.074,64.746,6.166,0.0403,0.029
PHB_05899,Moderate Illness,2,0.6226,0.5618,0.6913,24.729,1.1313,24.627,66.22,6.171,0.0742,0.0646
PHB_09339,Moderate Illness,2,0.5595,0.5714,0.5987,26.886,1.4476,25.725,59.751,5.942,0.0448,0.0689
PHB_09161,Early Disease,1,0.7013,0.3673,0.6598,23.915,1.2302,24.668,64.986,6.344,0.0254,0.0563
PHB_09997,Early Disease,1,0.6991,0.293,0.7842,25.709,1.2365,23.394,69.053,5.855,0.0419,0.0559
PHB_05152,Healthy,0,0.9344,0.1423,0.8921,25.863,1.1013,24.271,67.175,6.365,0.0288,0.0357
PHB_00469,Healthy,0,0.8884,0.2071,0.8372,23.891,1.0921,22.387,73.663,6.197,0.0267,0.0228
PHB_01546,Early Disease,1,0.5666,0.3359,0.8172,25.004,1.0833,25.023,60.741,6.451,0.0337,0.0635
PHB_06312,Severe Disease,3,0.354,0.7067,0.4249,28.992,1.2678,23.835,61.086,6.368,0.0522,0.0748
PHB_02684,Moderate Illness,2,0.4837,0.5616,0.6234,26.315,1.4471,26.456,65.73,6.2,0.0628,0.0543
PHB_08967,Moderate Illness,2,0.601,0.4594,0.5667,25.357,1.3898,23.744,67.732,6.678,0.0479,0.0489
PHB_06182,Moderate Illness,2,0.4822,0.605,0.6096,26.284,1.1534,22.802,59.809,6.268,0.0457,0.0739
PHB_01026,Early Disease,1,0.776,0.2575,0.7122,25.648,1.3162,23.143,62.232,6.294,0.0368,0.036
PHB_05113,Severe Disease,3,0.3175,0.7677,0.5275,26.161,1.5597,25.355,71.187,6.049,0.0514,0.0831
PHB_08563,Severe Disease,3,0.2626,0.7618,0.4205,27.875,1.2279,25.79,58.329,6.001,0.0526,0.0862
PHB_05369,Severe Disease,3,0.3448,0.7188,0.3956,27.35,1.3203,25.392,67.9,6.275,0.0611,0.0944
PHB_02355,Early Disease,1,0.7069,0.2947,0.8302,25.879,1.1243,23.764,53.432,6.649,0.0371,0.0581
PHB_07279,Moderate Illness,2,0.6311,0.5324,0.7238,26.654,1.2581,26.761,68.042,6.242,0.0361,0.0608
PHB_03603,Moderate Illness,2,0.5821,0.5733,0.6602,26.155,1.2153,26.16,73.953,6.483,0.0508,0.0602
PHB_00774,Severe Disease,3,0.3562,0.6454,0.3845,28.933,1.459,29.058,59.268,5.962,0.0614,0.0615
PHB_06774,Severe Disease,3,0.3415,0.8183,0.5595,28.296,1.3966,25.716,67.661,6.251,0.0563,0.0795
PHB_08810,Severe Disease,3,0.2922,0.7973,0.4193,26.96,1.4476,26.108,82.054,6.488,0.0753,0.0543
PHB_03383,Severe Disease,3,0.4196,0.7499,0.4103,28.121,1.3347,23.227,57.723,6.43,0.0595,0.0914
PHB_00642,Severe Disease,3,0.2856,0.7006,0.4288,28.731,1.4272,22.774,71.89,6.16,0.059,0.0545
PHB_04234,Severe Disease,3,0.4867,0.7062,0.4983,26.971,1.3657,24.234,62.417,6.306,0.0568,0.0937
PHB_03816,Early Disease,1,0.5686,0.3705,0.8247,25.969,1.2509,21.896,54.831,6.349,0.0278,0.051
PHB_04105,Severe Disease,3,0.3476,0.8202,0.436,28.326,1.4059,24.982,59.456,6.213,0.0633,0.0677
PHB_09926,Severe Disease,3,0.3403,0.7348,0.4122,27.8,1.4544,23.012,70.397,6.104,0.0551,0.0644
PHB_01109,Severe Disease,3,0.4021,0.6762,0.4345,26.663,1.3581,29.858,68.023,6.219,0.0591,0.0928
PHB_03528,Healthy,0,0.8084,0.1209,0.8979,25.768,1.1715,23.16,75.039,6.751,0.0115,0.0318
PHB_03496,Severe Disease,3,0.334,0.7697,0.5235,27.689,1.5,26.502,66.809,5.765,0.0594,0.0913
PHB_01421,Moderate Illness,2,0.5395,0.4525,0.5509,27.27,1.5281,22.716,68.923,5.993,0.0627,0.0546
PHB_06924,Moderate Illness,2,0.4373,0.526,0.5189,25.786,1.2836,22.87,63.022,6.136,0.05,0.0382
PHB_03882,Severe Disease,3,0.3924,0.6958,0.4855,26.773,1.4827,23.406,74.8,5.859,0.0537,0.1
PHB_08354,Healthy,0,0.9058,0.0488,0.919,23.471,1.0794,26.76,66.008,6.263,0.0421,0.0087
PHB_06246,Healthy,0,0.8027,0.1043,0.9084,23.971,1.1265,27.659,79.63,6.643,0.0057,0.0558
PHB_04939,Moderate Illness,2,0.5364,0.5501,0.6096,25.204,1.2953,24.46,52.195,6.58,0.0395,0.0391
PHB_06799,Moderate Illness,2,0.5111,0.4777,0.6079,25.868,1.3673,26.92,59.581,6.357,0.0421,0.0636
PHB_07813,Moderate Illness,2,0.5546,0.4832,0.5773,27.131,1.3824,22.192,67.028,6.411,0.0494,0.088
PHB_01681,Moderate Illness,2,0.4934,0.4866,0.6806,26.181,1.1447,25.398,53.957,6.03,0.0364,0.048
PHB_06716,Severe Disease,3,0.2284,0.7327,0.5244,25.766,1.4483,29.829,59.247,6.193,0.0727,0.0837
PHB_00634,Early Disease,1,0.6205,0.3192,0.7809,25.547,1.3262,26.915,68.215,6.27,0.0544,0.0609
PHB_02570,Severe Disease,3,0.3263,0.72,0.4893,27.804,1.3287,22.29,74.997,6.396,0.0629,0.07
PHB_07360,Moderate Illness,2,0.5189,0.5939,0.5622,26.351,1.2772,23.547,79.493,6.308,0.0316,0.0594
PHB_02167,Severe Disease,3,0.2665,0.7457,0.3826,26.194,1.2289,24.245,73.363,6.27,0.0531,0.0718
PHB_08170,Early Disease,1,0.5948,0.2817,0.8334,25.046,1.2574,24.169,67.143,6.465,0.0376,0.0499
PHB_08846,Moderate Illness,2,0.5491,0.4,0.4627,26.387,1.2002,29.112,73.411,6.399,0.0577,0.0392
PHB_02826,Moderate Illness,2,0.5114,0.4874,0.671,26.558,1.3585,25.39,69.75,5.933,0.0317,0.0509
PHB_04088,Moderate Illness,2,0.5153,0.5546,0.5904,26.825,1.035,26.357,64.233,6.177,0.0312,0.0585
PHB_06244,Severe Disease,3,0.3554,0.7144,0.4454,27.074,1.45,25.082,58.78,6.418,0.054,0.0995
PHB_08365,Moderate Illness,2,0.4362,0.4653,0.5463,25.769,1.5418,22.308,62.969,6.053,0.0466,0.0598
PHB_03942,Healthy,0,0.7394,0.1143,0.7538,23.775,1.0896,24.921,65.278,6.48,0.0315,0.0532
PHB_09180,Healthy,0,0.8465,0.0563,0.8312,25.028,1.0137,22.899,66.151,6.461,0.028,0.0436
PHB_08076,Early Disease,1,0.7097,0.2891,0.9331,26.816,0.8703,25.733,72.223,6.712,0.0427,0.0593
PHB_09196,Healthy,0,0.7882,0.1465,0.8989,25.127,1.1672,22.389,57.669,6.619,0.0218,0.0242
PHB_04129,Severe Disease,3,0.3064,0.6654,0.4636,28.202,1.4168,24.493,70.014,6.254,0.074,0.0701
PHB_01173,Early Disease,1,0.7915,0.462,0.6348,25.429,1.1782,26.292,61.948,5.643,0.0268,0.0419
PHB_08669,Moderate Illness,2,0.6023,0.5492,0.5637,27.438,1.3516,24.616,64.39,6.558,0.0376,0.0571
PHB_04223,Early Disease,1,0.7522,0.3612,0.7945,25.657,1.1563,24.903,60.715,6.301,0.0199,0.0448
PHB_04835,Early Disease,1,0.6326,0.3083,0.6641,25.083,1.1757,26.197,79.87,6.719,0.0335,0.0497
PHB_02577,Moderate Illness,2,0.5621,0.4701,0.6181,25.26,1.4213,22.145,65.287,5.909,0.0467,0.0344
PHB_01990,Healthy,0,0.8016,0.1847,0.8842,24.123,1.2041,29.292,59.717,6.471,0.0413,0.0349
PHB_06974,Severe Disease,3,0.4197,0.6627,0.6366,28.811,1.4686,26.592,56.715,6.029,0.0453,0.0768
PHB_05837,Severe Disease,3,0.3169,0.7486,0.48,27.454,1.3101,25.954,65.133,6.126,0.067,0.0516
PHB_04533,Moderate Illness,2,0.6076,0.5263,0.6641,26.047,1.3458,27.33,60.054,6.417,0.0447,0.0617
PHB_03210,Healthy,0,0.7464,0.1051,0.8226,24.758,1.2664,27.208,67.56,6.572,0.0239,0.039
PHB_03856,Healthy,0,0.8544,0.0,0.8173,24.416,1.1357,25.825,63.696,6.667,0.0502,0.0337
PHB_02629,Early Disease,1,0.6597,0.3448,0.7153,26.155,1.0448,27.957,73.804,6.131,0.0518,0.052
PHB_07804,Early Disease,1,0.6276,0.3381,0.8238,25.102,1.1927,24.348,59.462,6.57,0.0329,0.0594
PHB_01411,Severe Disease,3,0.3381,0.5507,0.5073,28.408,1.2977,26.348,66.958,6.369,0.0455,0.0684
PHB_08258,Healthy,0,0.758,0.0916,0.9493,23.367,1.1475,29.224,65.147,6.481,0.0338,0.0284
PHB_07387,Moderate Illness,2,0.4385,0.5552,0.709,26.271,1.1552,21.706,58.75,6.554,0.043,0.0637
PHB_04304,Early Disease,1,0.6264,0.3075,0.847,25.79,1.2769,26.55,73.765,6.402,0.0455,0.0477
PHB_06751,Healthy,0,0.8951,0.0623,0.891,24.047,1.1243,26.303,61.93,6.164,0.017,0.049
PHB_06556,Early Disease,1,0.7108,0.387,0.8222,25.291,1.0401,23.383,70.674,6.487,0.0233,0.0314
PHB_00816,Severe Disease,3,0.4115,0.7125,0.514,28.495,1.5041,25.967,61.153,6.241,0.063,0.0768
PHB_02405,Severe Disease,3,0.3088,0.688,0.3972,26.822,1.346,23.77,71.361,6.252,0.0828,0.0679
PHB_05398,Early Disease,1,0.6293,0.3118,0.9082,25.334,1.1565,25.593,55.517,6.724,0.0276,0.0445
PHB_09957,Moderate Illness,2,0.5754,0.5738,0.582,25.692,1.2656,24.143,79.57,6.114,0.0445,0.0606
PHB_02132,Severe Disease,3,0.4216,0.7117,0.4948,27.488,1.3545,26.315,81.32,6.187,0.0717,0.0864
PHB_01798,Early Disease,1,0.6456,0.2268,0.7925,25.656,1.2424,25.653,57.811,6.236,0.0446,0.0414
PHB_03091,Severe Disease,3,0.3614,0.6902,0.5111,27.873,1.4544,27.739,61.811,6.169,0.0444,0.0539
PHB_04185,Severe Disease,3,0.3013,0.7015,0.4313,27.85,1.4178,24.992,68.914,6.256,0.0474,0.0705
PHB_04565,Healthy,0,0.8349,0.0,0.943,26.194,1.1491,24.726,73.432,6.49,0.0297,0.0302
PHB_05031,Healthy,0,0.742,0.2318,0.8941,24.293,1.1259,22.233,69.854,6.402,0.0195,0.0107
PHB_08049,Moderate Illness,2,0.4846,0.6895,0.6656,27.054,1.2583,27.344,73.433,6.219,0.0454,0.037
PHB_00123,Healthy,0,0.8317,0.1127,0.8601,24.089,1.0649,26.778,69.973,6.992,0.0256,0.0306
PHB_00180,Moderate Illness,2,0.5395,0.513,0.6214,25.565,1.2591,24.221,70.771,6.503,0.048,0.0766
PHB_09251,Healthy,0,0.8225,0.0204,0.9553,24.347,1.1083,27.832,69.864,6.159,0.0071,0.0292
PHB_08096,Severe Disease,3,0.2441,0.7846,0.5105,26.953,1.2928,21.531,61.279,6.309,0.0618,0.0671
PHB_06430,Healthy,0,0.7682,0.0,0.8595,23.884,1.1182,25.335,74.37,6.644,0.0142,0.06
PHB_09738,Healthy,0,0.7605,0.0825,0.9635,24.137,1.1985,25.084,69.118,6.412,0.0346,0.0303
PHB_04993,Moderate Illness,2,0.4229,0.5305,0.5951,26.784,1.3302,27.185,63.635,6.477,0.0557,0.0368
PHB_01158,Healthy,0,0.8351,0.0597,0.9037,23.997,1.1919,26.894,58.993,6.404,0.0341,0.0318
PHB_09004,Healthy,0,0.7495,0.1131,0.9096,25.243,1.1107,27.079,79.559,6.141,0.0144,0.0332
PHB_01533,Moderate Illness,2,0.561,0.5117,0.6649,26.003,1.1206,26.712,47.214,6.297,0.059,0.0521
PHB_08993,Healthy,0,0.7612,0.1636,0.9599,23.559,1.1299,26.33,75.601,6.896,0.0424,0.0424
PHB_07860,Moderate Illness,2,0.5207,0.634,0.5877,26.093,1.1289,25.241,74.222,6.471,0.0546,0.0807
PHB_09111,Severe Disease,3,0.3585,0.7625,0.5011,27.213,1.5012,28.244,55.854,6.136,0.0699,0.073
PHB_01536,Early Disease,1,0.5765,0.2755,0.7359,25.536,1.4297,28.472,74.877,6.45,0.0464,0.0442
PHB_09260,Early Disease,1,0.7252,0.2126,0.8736,24.495,1.1998,26.988,66.644,6.507,0.0286,0.0446
PHB_05518,Healthy,0,0.8607,0.1039,0.8945,22.807,1.1365,24.421,67.168,6.285,0.0284,0.0418
PHB_02606,Healthy,0,0.793,0.1022,0.8209,25.468,0.9156,26.732,62.968,6.54,0.016,0.0423
PHB_06128,Healthy,0,0.8295,0.1077,0.8107,24.036,1.3019,26.1,62.716,6.282,0.0434,0.0241
PHB_09142,Severe Disease,3,0.5034,0.7999,0.5527,26.667,1.2288,22.783,61.828,5.752,0.0571,0.0674
PHB_07459,Healthy,0,0.8947,0.1572,0.8171,25.595,1.1491,25.438,77.722,6.579,0.0169,0.0423
PHB_02178,Severe Disease,3,0.4437,0.8095,0.5214,26.728,1.4505,27.046,66.039,5.823,0.0533,0.0566
PHB_07991,Moderate Illness,2,0.4584,0.6166,0.6185,26.423,1.3986,23.849,68.386,6.63,0.0372,0.0498
PHB_02352,Severe Disease,3,0.3784,0.7305,0.4858,27.121,1.648,26.248,59.941,6.174,0.0614,0.0844
PHB_09178,Early Disease,1,0.6689,0.3212,0.6406,24.86,1.3494,25.762,73.99,6.539,0.0368,0.0481
PHB_03503,Healthy,0,0.7957,0.2188,0.9388,23.791,1.6722,26.859,73.619,6.468,0.0129,0.0447
PHB_02135,Moderate Illness,2,0.5401,0.5366,0.483,26.829,1.2936,25.436,70.359,6.286,0.0482,0.0473
PHB_01481,Early Disease,1,0.6342,0.2763,0.7225,25.361,1.3385,25.292,57.401,6.323,0.0314,0.0661
PHB_02794,Severe Disease,3,0.4022,0.7566,0.4911,28.003,1.452,24.177,74.244,6.008,0.0771,0.0603
PHB_04844,Early Disease,1,0.5782,0.2699,0.6912,25.03,1.1723,26.071,82.052,6.252,0.0527,0.0684
PHB_09781,Healthy,0,0.7495,0.115,0.9065,24.502,1.0341,23.623,71.794,6.553,0.0329,0.0499
PHB_09935,Severe Disease,3,0.2461,0.7196,0.3901,27.935,1.5789,27.448,72.466,6.449,0.0536,0.0564
PHB_04763,Severe Disease,3,0.4297,0.8095,0.3718,27.392,1.2829,29.962,50.19,6.67,0.0753,0.0838
PHB_07192,Early Disease,1,0.6041,0.3062,0.6311,24.324,1.27,26.467,68.269,6.365,0.0403,0.064
PHB_06042,Healthy,0,0.8003,0.138,0.9101,24.836,1.1944,25.751,84.683,6.622,0.0216,0.049
PHB_09637,Moderate Illness,2,0.4908,0.5005,0.6779,25.982,1.3974,22.629,74.259,6.335,0.0656,0.0591
PHB_03446,Early Disease,1,0.7241,0.2653,0.7998,25.697,1.2607,27.317,65.191,6.361,0.0402,0.0437
PHB_08150,Healthy,0,0.8995,0.0682,0.8805,23.624,1.1137,22.258,69.047,6.465,0.026,0.0529
PHB_07766,Healthy,0,0.9122,0.0965,0.8574,25.728,1.0783,23.795,66.247,6.282,0.014,0.0203
PHB_03621,Moderate Illness,2,0.4436,0.5336,0.7266,24.823,1.3611,23.294,55.978,6.192,0.04,0.0441
PHB_01953,Severe Disease,3,0.3329,0.7473,0.4435,26.311,1.5914,25.81,64.339,6.205,0.0744,0.1
PHB_00556,Healthy,0,0.8959,0.1733,0.887,24.611,1.2309,20.738,57.339,6.562,0.0161,0.0385
PHB_04265,Moderate Illness,2,0.4638,0.562,0.6927,27.127,1.1974,22.163,61.412,6.436,0.0481,0.0541
PHB_01164,Healthy,0,0.7774,0.1056,0.7659,24.792,1.2069,25.426,59.837,6.657,0.0388,0.0391
PHB_01585,Moderate Illness,2,0.5364,0.466,0.6147,26.125,1.1379,28.051,56.387,6.272,0.0489,0.0467
PHB_06152,Moderate Illness,2,0.543,0.4251,0.6641,25.767,1.308,20.249,65.874,6.212,0.0494,0.0711
PHB_09721,Moderate Illness,2,0.4941,0.5016,0.6043,24.873,1.3475,25.721,62.396,6.561,0.0339,0.0828
PHB_05838,Moderate Illness,2,0.4857,0.5261,0.5631,26.534,1.5375,23.527,57.109,6.076,0.0333,0.0554
PHB_05262,Moderate Illness,2,0.374,0.5729,0.5305,25.514,1.262,23.216,58.972,6.716,0.0292,0.0367
PHB_05240,Moderate Illness,2,0.4172,0.5947,0.6204,26.5,1.241,24.386,61.356,5.936,0.0608,0.0491
PHB_07914,Severe Disease,3,0.3674,0.8205,0.4069,27.144,1.4185,24.633,55.646,6.401,0.0746,0.0499
PHB_09163,Moderate Illness,2,0.5288,0.5298,0.6556,28.278,1.314,30.118,71.18,5.892,0.0567,0.0606
PHB_01599,Severe Disease,3,0.3179,0.6724,0.402,27.825,1.3963,24.898,65.445,6.114,0.0534,0.0564
PHB_07183,Moderate Illness,2,0.5692,0.5847,0.6331,24.747,1.4546,25.969,60.527,6.112,0.0457,0.0749
PHB_00301,Severe Disease,3,0.4939,0.6358,0.506,27.814,1.3033,23.81,66.536,6.546,0.0655,0.0538
PHB_09661,Early Disease,1,0.5641,0.2717,0.8019,24.655,1.1353,25.457,59.042,6.405,0.0452,0.0488
PHB_06948,Moderate Illness,2,0.5101,0.4168,0.6883,26.544,1.2002,27.156,72.306,5.897,0.0619,0.061
PHB_03795,Moderate Illness,2,0.5184,0.642,0.5469,26.04,1.1879,25.615,64.442,5.831,0.0373,0.0524
PHB_04573,Healthy,0,0.7715,0.1922,0.8892,24.908,0.8487,22.965,82.699,6.565,0.0195,0.0524
PHB_04336,Healthy,0,0.7462,0.0635,0.9473,25.923,1.1928,22.566,73.264,6.439,0.0173,0.018
PHB_02859,Moderate Illness,2,0.5975,0.4953,0.6016,25.994,1.3505,27.273,76.524,6.261,0.0454,0.0608
PHB_05695,Moderate Illness,2,0.5252,0.4606,0.6255,26.266,1.1574,22.098,62.342,6.498,0.0331,0.0611
PHB_03143,Severe Disease,3,0.324,0.6621,0.4237,28.918,1.5362,23.51,73.181,6.212,0.0539,0.0806
PHB_01360,Healthy,0,0.8251,0.0623,0.8854,25.439,1.2418,23.014,70.963,6.435,0.0321,0.0363
PHB_04534,Early Disease,1,0.7038,0.4286,0.7487,24.043,1.3221,23.15,69.665,6.488,0.0508,0.0251
PHB_09750,Healthy,0,0.7376,0.0954,0.7997,24.74,1.0462,24.377,58.161,6.524,0.0306,0.0265
PHB_05688,Healthy,0,0.8492,0.1705,0.9912,24.313,1.1006,25.646,72.372,6.49,0.0307,0.0436
PHB_00487,Early Disease,1,0.6944,0.2227,0.7443,25.025,1.2952,23.217,79.144,6.374,0.0405,0.0534
PHB_07837,Early Disease,1,0.5455,0.2738,0.72,25.365,1.2491,26.169,53.183,6.157,0.0212,0.0503
PHB_09555,Healthy,0,0.8663,0.1142,0.9187,23.445,1.2396,27.584,65.04,6.571,0.0157,0.0296
PHB_05901,Severe Disease,3,0.3958,0.7466,0.4109,27.146,1.1434,24.877,49.13,5.795,0.0614,0.0448
PHB_08117,Moderate Illness,2,0.4838,0.6048,0.4973,26.093,1.4327,24.426,73.744,6.042,0.0392,0.0728
PHB_07363,Severe Disease,3,0.3194,0.6471,0.6085,28.108,1.4758,29.247,60.033,5.97,0.06,0.0766
PHB_01153,Healthy,0,0.8282,0.0599,0.8024,24.315,1.2056,21.22,73.153,6.915,0.0232,0.0338
PHB_05383,Severe Disease,3,0.38,0.754,0.4268,26.324,1.5251,28.2,69.723,6.335,0.0597,0.0701
PHB_09742,Early Disease,1,0.6629,0.3334,0.6674,26.24,1.1675,28.077,58.285,6.43,0.0356,0.0428
PHB_05425,Severe Disease,3,0.4479,0.8419,0.5247,29.012,1.2581,21.916,70.026,6.409,0.0685,0.0818
PHB_08808,Severe Disease,3,0.3247,0.7403,0.4621,26.814,1.5224,26.285,64.799,6.267,0.073,0.0714
PHB_05187,Healthy,0,0.8349,0.0342,1.0014,24.808,1.1244,24.935,68.489,6.054,0.0169,0.0446
PHB_08410,Moderate Illness,2,0.5392,0.5919,0.5303,27.147,1.3107,26.338,70.329,6.448,0.0549,0.0535
PHB_06190,Moderate Illness,2,0.5162,0.5731,0.5762,25.986,1.2238,25.464,60.427,5.771,0.0417,0.0515
PHB_09703,Severe Disease,3,0.2664,0.8292,0.4736,27.779,1.2411,26.216,74.205,6.358,0.0673,0.0904
PHB_08270,Early Disease,1,0.6328,0.2886,0.6634,26.316,1.1977,22.946,60.232,6.382,0.0438,0.0477
PHB_05315,Early Disease,1,0.6099,0.3222,0.8212,25.202,1.1352,26.249,81.201,6.356,0.0443,0.0281
PHB_09904,Moderate Illness,2,0.5973,0.59,0.6024,26.391,1.4604,25.674,60.718,6.384,0.0471,0.0628
PHB_00666,Moderate Illness,2,0.3806,0.4903,0.5157,26.284,1.1779,24.718,59.901,6.466,0.0589,0.0528
PHB_03354,Early Disease,1,0.5233,0.2692,0.7561,25.077,1.1637,18.437,57.011,6.333,0.0435,0.0338
PHB_08852,Healthy,0,0.8822,0.1907,0.9055,23.346,1.1796,27.307,74.271,6.695,0.0235,0.0305
PHB_08062,Healthy,0,0.8057,0.0176,0.9008,24.851,1.3071,25.285,66.534,6.269,0.0346,0.0261
PHB_00643,Healthy,0,0.8024,0.0014,0.9423,23.801,1.0805,26.012,73.296,6.307,0.0182,0.0509
PHB_09243,Healthy,0,0.966,0.2188,0.9317,24.532,1.2546,27.175,64.28,6.451,0.0318,0.05
PHB_00177,Early Disease,1,0.6297,0.3034,0.8485,25.881,1.4277,27.892,66.74,6.28,0.0471,0.0362
PHB_06432,Early Disease,1,0.671,0.3307,0.6992,26.276,1.2869,23.591,64.6,6.211,0.0388,0.0428
PHB_09911,Healthy,0,0.7325,0.1945,0.8186,25.188,1.0213,25.536,65.464,6.41,0.0026,0.0376
PHB_03439,Healthy,0,0.906,0.2324,0.7405,24.16,1.1141,27.31,58.056,6.767,0.0256,0.0247
PHB_00787,Severe Disease,3,0.3061,0.6482,0.5155,26.51,1.2737,28.899,64.929,5.833,0.0544,0.0573
PHB_06392,Moderate Illness,2,0.5059,0.5572,0.5993,25.755,1.2455,23.577,66.552,6.189,0.0509,0.0739
PHB_09066,Moderate Illness,2,0.4976,0.5252,0.6264,25.905,1.3397,24.589,65.618,6.007,0.0509,0.052
PHB_09928,Healthy,0,0.761,0.0299,0.9237,23.799,0.8669,22.344,61.158,6.3,0.0324,0.0519
PHB_03203,Severe Disease,3,0.2505,0.8005,0.4341,27.003,1.3639,23.497,56.984,6.105,0.05,0.0809
PHB_04804,Early Disease,1,0.6621,0.323,0.633,25.972,1.3057,22.926,67.277,6.412,0.0545,0.0273
PHB_07836,Early Disease,1,0.6473,0.3043,0.821,23.784,1.2424,26.006,68.47,6.142,0.0302,0.0565
PHB_07941,Healthy,0,0.8088,0.0848,0.8351,25.521,1.1309,30.414,62.066,6.635,0.0158,0.0398
PHB_00092,Moderate Illness,2,0.5241,0.5325,0.5205,27.118,1.2054,25.58,56.658,6.257,0.0611,0.0585
PHB_05763,Moderate Illness,2,0.4971,0.5946,0.6967,25.905,1.3327,23.386,51.88,6.447,0.046,0.0614
PHB_09028,Severe Disease,3,0.267,0.7515,0.3506,27.145,1.181,23.295,70.309,6.076,0.0642,0.0882
PHB_09505,Moderate Illness,2,0.5434,0.4999,0.5163,26.732,1.3564,25.334,70.207,6.484,0.0698,0.0543
PHB_08238,Moderate Illness,2,0.5158,0.5684,0.6161,27.225,1.5182,29.383,67.785,5.945,0.0538,0.0801
PHB_01972,Severe Disease,3,0.4298,0.8393,0.4213,27.041,1.3978,24.252,64.395,6.356,0.0561,0.0564
PHB_02906,Moderate Illness,2,0.4753,0.4541,0.6323,26.236,1.2636,24.897,63.707,6.299,0.0586,0.0614
PHB_00531,Moderate Illness,2,0.5113,0.6459,0.6619,26.49,1.2638,26.146,73.123,6.547,0.0324,0.0653
PHB_03636,Healthy,0,0.7869,0.1608,1.0223,24.276,1.1608,27.468,63.478,6.529,0.0229,0.0419
PHB_00997,Moderate Illness,2,0.4977,0.5296,0.6097,27.16,1.2422,24.938,69.803,6.462,0.046,0.057
PHB_05853,Healthy,0,0.7697,0.1571,0.8391,24.777,0.9318,27.131,66.328,6.582,0.0344,0.0438
PHB_04227,Moderate Illness,2,0.5504,0.4723,0.7466,25.708,1.1841,27.727,68.267,6.273,0.0512,0.0552
PHB_05617,Early Disease,1,0.7501,0.3124,0.6933,26.258,1.1703,28.055,75.755,6.587,0.0439,0.0418
PHB_02313,Early Disease,1,0.6153,0.4855,0.6524,23.496,1.3029,23.748,62.572,6.242,0.0391,0.0417
PHB_02155,Moderate Illness,2,0.5393,0.6232,0.7078,25.841,1.2839,24.937,56.505,6.031,0.0472,0.0544
PHB_05318,Severe Disease,3,0.3553,0.767,0.4907,27.574,1.4433,26.921,56.365,6.242,0.0626,0.085
PHB_01428,Healthy,0,0.8364,0.03,0.8492,24.345,1.0236,22.265,69.745,6.316,0.0321,0.0345
PHB_08631,Moderate Illness,2,0.4642,0.4843,0.6106,26.005,1.0281,25.324,68.224,6.274,0.0465,0.066
PHB_06033,Healthy,0,0.7096,0.08,0.996,24.814,1.2142,25.148,70.059,6.524,0.0287,0.0353
PHB_04416,Severe Disease,3,0.3015,0.6631,0.4561,26.912,1.3499,25.533,60.22,6.173,0.0614,0.0648
PHB_08819,Severe Disease,3,0.2736,0.6677,0.7275,26.802,1.5433,24.682,53.436,6.092,0.0567,0.0663
PHB_03086,Early Disease,1,0.707,0.3431,0.6885,26.274,1.2304,22.796,62.054,6.566,0.015,0.05
PHB_07799,Early Disease,1,0.7049,0.2713,0.773,25.772,1.3115,25.767,69.651,6.236,0.0414,0.0498
PHB_09154,Severe Disease,3,0.3861,0.6499,0.4663,27.163,1.5971,26.622,63.085,6.149,0.0504,0.0835
PHB_08210,Severe Disease,3,0.4099,0.691,0.4492,27.313,1.2431,24.395,62.822,6.285,0.0734,0.0593
PHB_09574,Moderate Illness,2,0.5067,0.545,0.5941,26.894,1.312,24.757,63.926,6.344,0.0469,0.0421
PHB_09535,Severe Disease,3,0.3726,0.6236,0.5024,27.049,1.3963,27.472,63.348,5.865,0.0654,0.0707
PHB_00496,Moderate Illness,2,0.5417,0.419,0.5257,27.593,1.4229,24.771,65.108,6.035,0.0277,0.0598
PHB_03750,Healthy,0,0.8848,0.1499,0.8883,25.22,1.0969,26.867,61.17,6.495,0.0289,0.0446
PHB_02322,Healthy,0,0.829,0.1576,0.7794,23.31,0.8168,28.992,66.976,6.476,0.011,0.0322
PHB_04268,Severe Disease,3,0.2801,0.6127,0.5157,26.275,1.441,27.099,47.701,6.477,0.062,0.0688
PHB_03406,Severe Disease,3,0.4287,0.6883,0.626,27.198,1.2875,27.712,69.664,6.104,0.0421,0.0685
PHB_00152,Severe Disease,3,0.4235,0.7103,0.5042,27.519,1.3941,25.471,66.888,6.033,0.0623,0.0765
PHB_07370,Severe Disease,3,0.4352,0.7408,0.4451,27.83,1.3659,25.736,69.504,6.233,0.0411,0.0698
PHB_00695,Severe Disease,3,0.3633,0.854,0.5131,27.078,1.2991,25.882,64.136,6.294,0.0535,0.0546
PHB_04418,Healthy,0,0.8647,0.166,0.9632,24.963,0.9708,25.879,66.452,6.641,0.0282,0.0326
PHB_05698,Severe Disease,3,0.3018,0.8112,0.4327,28.899,1.4496,22.426,58.48,6.032,0.0553,0.0621
PHB_01739,Moderate Illness,2,0.5471,0.5501,0.6823,25.945,1.4158,27.699,63.342,6.582,0.0561,0.0534
PHB_03002,Moderate Illness,2,0.5504,0.5217,0.6002,27.01,1.1453,24.132,68.301,6.088,0.0706,0.0388
PHB_00168,Severe Disease,3,0.313,0.7322,0.5057,27.293,1.181,22.922,65.399,6.262,0.0675,0.0781
PHB_06112,Early Disease,1,0.8384,0.3097,0.8575,24.63,1.2926,25.663,60.124,6.32,0.0305,0.0335
PHB_04623,Moderate Illness,2,0.4503,0.5431,0.6225,27.137,1.4834,25.102,65.108,6.234,0.0544,0.0552
PHB_02866,Healthy,0,0.8636,0.0,0.9002,24.677,1.0677,25.366,62.396,6.447,0.0312,0.0444
PHB_08545,Early Disease,1,0.5749,0.3107,0.7739,26.187,1.1699,24.152,80.252,6.405,0.0253,0.0599
PHB_04703,Early Disease,1,0.7631,0.3072,0.8207,25.995,1.0859,24.603,59.348,6.617,0.0324,0.0372
PHB_02884,Early Disease,1,0.6587,0.2568,0.6967,26.144,1.0923,26.665,68.054,6.544,0.0399,0.0345
PHB_03032,Healthy,0,0.9072,0.1571,0.8404,24.31,1.1959,24.805,68.904,6.354,0.0286,0.0371
PHB_08184,Healthy,0,0.9528,0.0539,0.7219,25.496,0.9969,25.132,74.434,6.708,0.0123,0.029
PHB_08981,Moderate Illness,2,0.4149,0.6276,0.5517,26.086,1.2448,20.428,61.653,6.002,0.0542,0.0496
PHB_08529,Moderate Illness,2,0.3884,0.5013,0.6716,26.545,1.4879,24.526,71.415,6.213,0.0557,0.0496
PHB_05682,Early Disease,1,0.6833,0.3389,0.7462,25.669,1.3543,27.931,68.442,6.206,0.0161,0.0366
PHB_07210,Moderate Illness,2,0.5667,0.563,0.6534,27.159,1.308,23.553,62.476,6.237,0.0517,0.0679
PHB_05992,Moderate Illness,2,0.5438,0.5079,0.5344,26.064,1.2726,28.696,66.643,6.39,0.0165,0.0705
PHB_02277,Moderate Illness,2,0.4727,0.5146,0.5038,25.901,1.2079,24.686,70.306,6.065,0.0485,0.0764
PHB_07133,Healthy,0,0.7938,0.1006,0.9374,24.364,0.9941,26.292,70.031,6.645,0.0249,0.005
PHB_05706,Early Disease,1,0.5636,0.347,0.7072,25.566,1.2195,22.845,75.453,6.395,0.0382,0.0439
PHB_07999,Healthy,0,0.8376,0.169,0.9791,23.319,1.0714,25.665,67.594,6.35,0.0222,0.0475
PHB_05293,Severe Disease,3,0.3204,0.6974,0.4383,28.171,1.5959,23.541,60.918,6.143,0.0518,0.0488
PHB_04305,Healthy,0,0.8371,0.1053,0.8735,23.409,1.1507,26.789,67.119,6.588,0.0286,0.027
PHB_07446,Moderate Illness,2,0.5115,0.5725,0.5872,26.4,1.2687,26.921,69.645,6.587,0.0356,0.0297
PHB_00429,Healthy,0,0.7666,0.1496,0.9491,22.66,1.0797,27.262,79.431,6.796,0.0142,0.0468
PHB_07069,Early Disease,1,0.6789,0.2914,0.8031,25.751,1.2042,22.602,66.616,6.36,0.033,0.0493
PHB_06365,Severe Disease,3,0.2777,0.6433,0.5596,26.812,1.5117,23.64,64.491,6.39,0.0624,0.0724
PHB_04216,Healthy,0,0.9685,0.1094,0.9194,23.725,1.3362,26.42,53.963,6.475,0.0398,0.0207
PHB_00427,Healthy,0,0.8273,0.0305,0.9203,23.163,0.9765,27.976,79.986,6.776,0.0314,0.0353
PHB_02224,Healthy,0,0.8539,0.1846,0.7938,24.374,1.2984,28.035,61.487,6.411,0.0274,0.0267
PHB_00101,Severe Disease,3,0.2844,0.6925,0.3983,27.249,1.2723,24.505,63.314,6.475,0.0675,0.0833
PHB_09245,Early Disease,1,0.6648,0.342,0.767,25.457,0.8654,26.467,61.028,6.542,0.0458,0.0507
PHB_03308,Healthy,0,0.787,0.1592,0.9184,23.999,0.9094,23.734,64.095,6.228,0.0298,0.0245
PHB_02763,Healthy,0,0.8212,0.1543,0.9766,23.398,1.0961,27.196,73.317,6.424,0.048,0.0142
PHB_05858,Moderate Illness,2,0.536,0.4994,0.5882,27.444,1.2554,23.09,46.614,6.202,0.0482,0.0743
PHB_04739,Healthy,0,0.8158,0.0,0.9265,24.764,1.1019,23.774,67.372,6.46,0.0233,0.0461
PHB_07093,Severe Disease,3,0.4109,0.5797,0.5235,28.85,1.335,27.673,64.109,6.488,0.0682,0.0597
PHB_09633,Healthy,0,0.8399,0.2196,0.9261,25.332,1.0266,29.793,79.116,6.172,0.012,0.0597
PHB_03287,Moderate Illness,2,0.4836,0.461,0.5828,26.205,1.305,28.617,73.597,6.393,0.0669,0.0531
PHB_07713,Early Disease,1,0.6246,0.3378,0.7034,24.364,1.3366,23.583,63.262,6.574,0.0333,0.0562
PHB_07869,Moderate Illness,2,0.5078,0.5995,0.6721,25.79,1.3554,22.508,70.587,6.21,0.0514,0.0486
PHB_06068,Healthy,0,0.8395,0.1273,0.8338,25.002,0.9093,24.134,67.633,6.724,0.0221,0.033
PHB_09236,Early Disease,1,0.6526,0.2559,0.6397,25.365,1.4361,24.271,64.037,6.611,0.0524,0.0373
PHB_03578,Early Disease,1,0.7423,0.255,0.7219,24.105,1.0308,29.12,77.712,6.084,0.0417,0.0588
PHB_01466,Moderate Illness,2,0.5037,0.4744,0.5362,25.56,1.4277,23.338,64.462,6.198,0.0467,0.0519
PHB_07676,Moderate Illness,2,0.4406,0.5247,0.6999,25.396,1.3432,26.797,59.502,5.933,0.0601,0.0552
PHB_02235,Moderate Illness,2,0.4078,0.4618,0.7647,25.486,1.2358,25.719,70.123,6.247,0.0538,0.0591
PHB_01745,Moderate Illness,2,0.5101,0.4643,0.6034,25.775,1.1728,24.345,52.575,6.157,0.0361,0.0621
PHB_09755,Moderate Illness,2,0.5055,0.6444,0.5721,27.753,1.1235,23.401,75.149,6.081,0.0555,0.0749
PHB_06095,Severe Disease,3,0.3899,0.7283,0.4928,26.656,1.4541,25.209,65.823,6.423,0.0711,0.0903
PHB_08782,Healthy,0,0.8321,0.0655,0.8522,25.659,0.9516,20.075,83.899,6.441,0.0442,0.0491
PHB_09402,Moderate Illness,2,0.4624,0.5522,0.5489,26.351,1.4221,25.519,56.108,6.23,0.0601,0.0536
PHB_08372,Moderate Illness,2,0.5442,0.5624,0.5795,25.403,1.3173,27.232,66.355,6.433,0.0601,0.0489
PHB_05028,Early Disease,1,0.5127,0.2674,0.7779,25.393,1.4701,21.422,70.565,6.348,0.0337,0.0287
PHB_09235,Healthy,0,0.7857,0.2804,0.9126,25.726,1.0514,26.459,71.028,6.393,0.0169,0.0372
PHB_03945,Healthy,0,0.9207,0.198,0.9145,23.507,1.2542,23.597,63.613,6.249,0.022,0.0482
PHB_06863,Healthy,0,0.7083,0.2312,0.9029,24.397,1.2367,27.117,67.484,6.588,0.023,0.037
PHB_05351,Severe Disease,3,0.261,0.7678,0.3337,26.717,1.2419,26.466,63.97,6.295,0.0749,0.0878
PHB_09423,Moderate Illness,2,0.517,0.5288,0.6424,25.763,1.2868,23.534,86.232,6.301,0.0542,0.0601
PHB_02122,Healthy,0,0.8181,0.1916,0.9016,23.214,1.0677,20.595,83.756,6.094,0.0298,0.0366
PHB_04973,Early Disease,1,0.6167,0.376,0.7554,25.484,1.3132,20.446,74.288,6.51,0.0287,0.043
PHB_08577,Healthy,0,0.8223,0.1181,1.0307,24.516,1.1274,27.251,55.72,6.276,0.0371,0.0463
PHB_03785,Moderate Illness,2,0.4714,0.5725,0.6434,24.78,1.4802,23.25,62.564,6.519,0.0489,0.0541
PHB_06873,Early Disease,1,0.6338,0.4182,0.7818,26.586,0.9273,24.754,62.968,6.25,0.0378,0.0568
PHB_00917,Healthy,0,0.8488,0.0464,0.8268,24.425,1.1715,24.29,70.064,6.718,0.047,0.0291
PHB_09395,Moderate Illness,2,0.5611,0.5377,0.6004,26.425,1.3074,26.169,70.159,6.14,0.0578,0.0591
PHB_07253,Severe Disease,3,0.4695,0.8269,0.5799,27.599,1.5142,21.916,61.146,6.21,0.0677,0.086
PHB_08013,Moderate Illness,2,0.4808,0.4958,0.7107,26.594,1.3323,25.8,61.705,6.829,0.0593,0.0706
PHB_05822,Severe Disease,3,0.2666,0.8155,0.3784,27.233,1.3983,22.172,65.057,6.091,0.0623,0.0812
PHB_04404,Early Disease,1,0.5974,0.3346,0.7985,25.214,1.0138,26.736,82.151,6.349,0.0379,0.0594
PHB_04864,Severe Disease,3,0.3465,0.7317,0.4764,27.574,1.2579,22.114,77.817,6.124,0.054,0.0656
PHB_08516,Moderate Illness,2,0.4904,0.4895,0.5908,26.259,1.1405,28.489,68.569,6.306,0.0476,0.0552
PHB_05423,Severe Disease,3,0.3602,0.6651,0.4498,27.701,1.3497,26.436,75.515,6.07,0.0676,0.0791
PHB_07734,Healthy,0,0.9245,0.1874,0.9292,25.775,0.9787,24.801,55.515,6.152,0.0228,0.0349
PHB_01204,Moderate Illness,2,0.5789,0.5263,0.6089,27.22,1.2135,24.607,58.576,6.46,0.0693,0.0642
PHB_03769,Moderate Illness,2,0.4856,0.5545,0.4905,27.761,1.3665,26.211,67.182,6.133,0.0497,0.0633
PHB_05358,Early Disease,1,0.6182,0.3436,0.7814,25.053,1.4088,24.306,57.166,6.242,0.0305,0.0404
PHB_03853,Early Disease,1,0.6743,0.3164,0.7067,24.71,1.1891,26.665,79.235,6.171,0.0329,0.0483
PHB_01927,Early Disease,1,0.6406,0.3223,0.7041,24.988,1.2159,24.953,63.518,6.596,0.0252,0.0772
PHB_03115,Early Disease,1,0.6782,0.3235,0.6815,25.549,1.0622,26.526,71.828,6.186,0.0373,0.0484
PHB_02642,Severe Disease,3,0.4244,0.6681,0.426,27.797,1.3222,24.73,57.68,6.438,0.0459,0.0609
PHB_07640,Early Disease,1,0.6647,0.3341,0.7392,24.664,1.1124,24.289,71.931,6.455,0.0211,0.052
PHB_07361,Early Disease,1,0.6355,0.3478,0.7946,26.087,1.0171,23.503,59.584,6.293,0.024,0.0433
PHB_08183,Moderate Illness,2,0.514,0.5115,0.7242,27.157,1.5686,27.021,79.699,6.467,0.0475,0.0606
PHB_07611,Severe Disease,3,0.3413,0.7196,0.4836,27.167,1.3372,26.895,72.927,6.287,0.0364,0.0684
PHB_02729,Early Disease,1,0.6154,0.325,0.7779,26.224,1.2857,25.141,60.114,6.62,0.0548,0.0584
PHB_09598,Early Disease,1,0.6127,0.2453,0.6898,25.133,0.9812,22.947,78.16,6.608,0.0284,0.049
PHB_04986,Early Disease,1,0.6185,0.3546,0.7064,25.699,1.0831,24.715,73.057,6.229,0.0454,0.0544
PHB_06847,Healthy,0,0.8191,0.1545,0.8777,24.059,1.2338,27.55,71.405,6.718,0.0148,0.0472
PHB_07699,Healthy,0,0.8347,0.2159,0.9085,24.131,1.072,23.596,80.205,6.584,0.0257,0.0201
PHB_04013,Severe Disease,3,0.3213,0.7079,0.6054,27.43,1.4599,24.6,61.1,6.649,0.0654,0.0574
PHB_02627,Moderate Illness,2,0.4745,0.4625,0.6496,25.829,1.2747,25.211,63.593,6.423,0.0518,0.0472
PHB_07239,Early Disease,1,0.6945,0.2898,0.6332,25.397,1.3614,25.512,76.63,6.452,0.0293,0.0395
PHB_08256,Healthy,0,0.6604,0.0551,1.0122,24.111,1.2869,26.716,66.727,6.375,0.0364,0.0385
PHB_09566,Moderate Illness,2,0.6529,0.4719,0.6379,26.245,1.2355,24.22,65.44,6.355,0.0377,0.0564
PHB_00806,Healthy,0,0.7443,0.077,0.9689,25.647,1.0973,23.942,70.655,6.428,0.0294,0.0252
PHB_04635,Moderate Illness,2,0.5114,0.4534,0.5986,26.72,1.5003,25.357,66.519,6.107,0.0484,0.0496
PHB_05248,Healthy,0,0.8651,0.0594,0.85,24.597,1.1427,26.318,65.308,6.232,0.0163,0.0217
PHB_05567,Moderate Illness,2,0.4476,0.515,0.6523,25.581,1.3941,24.522,61.554,6.385,0.0588,0.0685
PHB_05740,Early Disease,1,0.5868,0.2772,0.6787,24.974,1.3898,23.224,64.6,6.444,0.0301,0.0523
PHB_05144,Severe Disease,3,0.4105,0.6424,0.5202,26.913,1.3781,22.562,72.412,6.13,0.0693,0.0845
PHB_08266,Severe Disease,3,0.3132,0.6836,0.5388,27.12,1.4404,24.758,50.679,6.4,0.0682,0.0724
PHB_04460,Severe Disease,3,0.4223,0.7975,0.5046,28.085,1.5226,27.345,63.193,6.696,0.0714,0.0633
PHB_01243,Early Disease,1,0.7348,0.3289,0.6717,25.644,1.4743,26.74,68.512,6.049,0.0358,0.0396
PHB_06946,Severe Disease,3,0.4106,0.6755,0.4552,27.336,1.4815,27.481,67.831,5.876,0.0648,0.0664
PHB_05741,Moderate Illness,2,0.4624,0.5324,0.4418,26.812,1.4094,26.423,52.826,6.503,0.0471,0.0394
PHB_05326,Healthy,0,0.8172,0.1002,0.8306,24.137,1.276,24.649,70.297,6.584,0.0342,0.0395
PHB_00548,Healthy,0,0.9088,0.1121,0.7761,24.169,1.0436,25.906,53.969,6.701,0.0078,0.0307
PHB_03023,Early Disease,1,0.6166,0.3593,0.7341,25.233,1.3267,24.302,73.291,6.444,0.0487,0.0406
PHB_05762,Severe Disease,3,0.3419,0.623,0.5592,27.061,1.6262,27.495,51.337,5.924,0.053,0.0644
PHB_04032,Early Disease,1,0.5603,0.2516,0.7378,25.71,1.1975,25.49,61.691,6.563,0.0442,0.0403
PHB_00027,Early Disease,1,0.6653,0.2828,0.7048,25.142,1.1414,28.106,71.162,6.221,0.0624,0.0427
PHB_04953,Healthy,0,0.8912,0.1042,0.8167,23.772,0.986,21.654,64.485,6.654,0.0165,0.054
PHB_05153,Early Disease,1,0.6682,0.3395,0.6871,24.993,1.2892,24.487,68.141,6.539,0.0274,0.0477
PHB_02509,Moderate Illness,2,0.4249,0.4827,0.4456,26.63,1.2996,26.453,57.222,6.109,0.0723,0.0894
PHB_01434,Healthy,0,0.7859,0.12,0.8602,24.584,0.9598,22.948,61.107,6.258,0.0205,0.0304
PHB_02583,Healthy,0,0.8205,0.1966,0.8403,24.088,1.2316,24.498,65.364,6.762,0.0237,0.0221
PHB_01303,Severe Disease,3,0.3037,0.7426,0.4677,26.631,1.2567,24.785,55.166,6.172,0.0555,0.0649
PHB_05813,Moderate Illness,2,0.5785,0.5181,0.5388,25.527,1.2946,26.479,65.018,6.573,0.0612,0.0723
PHB_07350,Healthy,0,0.7725,0.0753,0.8614,25.693,1.1745,23.701,74.768,6.623,0.0312,0.0404
PHB_05282,Early Disease,1,0.6316,0.3499,0.7707,26.233,1.2202,26.492,60.767,6.203,0.0455,0.0357
PHB_06115,Early Disease,1,0.6598,0.4345,0.6783,24.829,1.4572,21.055,76.452,6.122,0.0148,0.0274
PHB_01222,Healthy,0,0.8803,0.0981,0.7787,23.759,1.0839,22.676,72.155,6.357,0.016,0.0452
PHB_07436,Early Disease,1,0.6792,0.3153,0.6174,25.936,1.2979,29.922,62.23,6.345,0.0388,0.0677
PHB_02549,Early Disease,1,0.6436,0.3128,0.7118,23.577,1.3531,23.967,62.839,6.028,0.0395,0.042
PHB_00751,Early Disease,1,0.7423,0.3006,0.8191,25.254,1.2172,25.457,48.957,6.643,0.0536,0.0395
PHB_00438,Moderate Illness,2,0.4693,0.5602,0.6238,27.443,1.0932,25.276,63.218,6.452,0.0498,0.0577
PHB_04372,Healthy,0,0.8388,0.2016,0.8041,24.248,1.0327,26.517,73.833,6.439,0.004,0.0447
PHB_04449,Moderate Illness,2,0.5118,0.5448,0.5378,25.928,1.4301,24.116,71.079,5.989,0.054,0.0599
PHB_02848,Healthy,0,0.9342,0.1182,0.8896,24.251,0.8488,24.256,57.249,6.716,0.0247,0.0273
PHB_01174,Severe Disease,3,0.3343,0.6361,0.3613,26.719,1.4074,24.932,64.458,6.288,0.058,0.064
PHB_07496,Moderate Illness,2,0.5139,0.5138,0.5086,26.451,1.2741,26.889,67.722,6.14,0.0602,0.056
PHB_02700,Severe Disease,3,0.3645,0.6459,0.4119,27.086,1.4639,24.671,60.235,6.137,0.0428,0.0704
PHB_09889,Healthy,0,0.8779,0.1618,0.854,25.126,1.2426,26.386,58.669,6.311,0.0289,0.0337
PHB_09507,Moderate Illness,2,0.4857,0.5845,0.6939,27.693,1.2767,22.76,64.587,6.384,0.0513,0.0646
PHB_06396,Severe Disease,3,0.367,0.777,0.5582,27.114,1.2757,25.28,57.561,6.353,0.0622,0.0728
PHB_02482,Healthy,0,0.8342,0.0364,0.843,25.359,1.0051,20.294,67.869,6.571,0.0414,0.0393
PHB_05457,Healthy,0,0.8423,0.1411,0.8605,24.795,1.172,24.651,66.556,6.438,0.0199,0.0328
PHB_08445,Severe Disease,3,0.4169,0.7414,0.5529,26.778,1.5404,25.873,64.452,6.388,0.0571,0.0636
PHB_02707,Severe Disease,3,0.311,0.8027,0.4308,27.648,1.5236,27.069,58.732,6.147,0.0625,0.0681
PHB_04662,Severe Disease,3,0.3922,0.7413,0.5925,26.903,1.2661,23.874,57.459,6.255,0.0595,0.0676
PHB_00327,Severe Disease,3,0.3587,0.6421,0.4305,27.438,1.4117,21.797,69.347,6.217,0.0622,0.073
PHB_01040,Healthy,0,0.7831,0.0451,0.8337,23.902,1.6598,28.208,75.834,6.198,0.0384,0.0381
PHB_02638,Healthy,0,0.8396,0.1629,0.9427,23.629,1.1029,20.027,71.216,6.629,0.0282,0.0247
PHB_05023,Severe Disease,3,0.3511,0.7508,0.4697,26.143,1.7346,28.224,65.501,6.094,0.0698,0.0685
PHB_02500,Early Disease,1,0.6908,0.2372,0.7769,25.947,1.3575,25.854,58.818,6.723,0.0357,0.0587
PHB_01005,Moderate Illness,2,0.5208,0.5746,0.5729,26.92,1.3829,25.493,50.666,6.253,0.0608,0.0634
PHB_02862,Moderate Illness,2,0.5564,0.5155,0.5385,26.021,1.383,24.608,70.829,6.511,0.0398,0.078
PHB_03234,Healthy,0,0.8544,0.0278,0.9061,24.518,1.0774,22.477,64.645,6.339,0.0137,0.0425
PHB_01871,Early Disease,1,0.6748,0.4418,0.8002,26.107,1.1097,25.693,68.083,6.534,0.05,0.0261
PHB_04246,Early Disease,1,0.698,0.2816,0.7179,24.389,1.2175,24.885,69.228,6.639,0.0338,0.0405
PHB_06928,Severe Disease,3,0.2367,0.6913,0.386,27.754,1.4331,27.589,67.01,6.338,0.0589,0.0692
PHB_08386,Early Disease,1,0.5827,0.3644,0.7918,25.439,1.1969,26.807,64.563,6.446,0.0531,0.0599
PHB_00535,Healthy,0,0.8111,0.1452,0.9419,25.106,1.1236,21.952,59.728,6.363,0.0202,0.0413
PHB_09828,Early Disease,1,0.5877,0.3134,0.6001,24.748,1.2821,24.029,68.21,6.771,0.0371,0.0757
PHB_07149,Moderate Illness,2,0.4916,0.6369,0.6633,25.519,1.1915,23.525,77.893,6.01,0.0381,0.0577
PHB_07366,Healthy,0,0.7702,0.1021,0.8978,24.645,1.2299,21.287,70.771,6.356,0.0199,0.0349
PHB_00586,Moderate Illness,2,0.4626,0.5639,0.5303,26.139,1.0949,26.481,83.686,6.27,0.0449,0.0701
PHB_09915,Early Disease,1,0.6411,0.43,0.7647,25.964,1.2792,26.063,63.555,6.258,0.0407,0.0588
PHB_03036,Moderate Illness,2,0.4636,0.5555,0.7106,25.095,1.601,24.829,60.983,6.04,0.0274,0.0534
PHB_04429,Healthy,0,1.2,0.125,0.8309,23.112,1.2528,22.376,73.214,6.541,0.0434,0.005
PHB_04090,Healthy,0,0.8406,0.2099,0.925,24.637,1.077,27.323,67.31,6.287,0.0297,0.0351
PHB_01704,Moderate Illness,2,0.5076,0.6117,0.5357,27.327,1.4678,27.91,60.138,5.816,0.0555,0.0378
PHB_04296,Early Disease,1,0.6652,0.2331,0.6667,26.005,1.0367,23.289,76.53,6.319,0.0531,0.0395
PHB_05720,Healthy,0,0.8868,0.1446,0.8292,25.056,1.0263,23.852,71.716,6.446,0.0034,0.0317
PHB_00492,Moderate Illness,2,0.4392,0.5318,0.6887,26.123,1.4082,24.445,63.549,6.805,0.0418,0.0698
PHB_06900,Severe Disease,3,0.2634,0.7329,0.5426,27.559,1.4912,24.463,66.2,6.363,0.0499,0.0785
PHB_04354,Healthy,0,0.8124,0.0441,0.8478,24.096,1.1264,25.615,81.29,6.569,0.0157,0.0261
PHB_02837,Moderate Illness,2,0.5335,0.4917,0.5937,26.611,1.2263,25.489,73.858,6.184,0.0403,0.0467
PHB_02267,Severe Disease,3,0.4024,0.7674,0.5068,27.704,1.4821,27.733,59.55,6.282,0.0806,0.0873
PHB_07719,Severe Disease,3,0.3263,0.7764,0.4864,27.853,1.3509,25.419,70.238,6.187,0.0679,0.0696
PHB_09524,Moderate Illness,2,0.367,0.5945,0.7081,27.544,1.5497,23.468,80.423,6.237,0.0401,0.0343
PHB_08023,Severe Disease,3,0.3874,0.7333,0.4743,27.594,1.1996,29.394,70.183,5.705,0.0772,0.0715
PHB_04708,Early Disease,1,0.7142,0.2319,0.8046,26.006,1.2159,21.242,71.876,6.786,0.0403,0.026
PHB_09844,Moderate Illness,2,0.4812,0.5165,0.7371,27.19,1.4848,22.524,53.035,6.351,0.0731,0.0519
PHB_02901,Early Disease,1,0.6503,0.3099,0.8308,25.749,1.1475,25.89,77.044,6.415,0.0517,0.0406
PHB_09619,Moderate Illness,2,0.611,0.5089,0.606,26.314,1.3542,23.407,70.171,6.275,0.0476,0.0739
PHB_02945,Early Disease,1,0.7658,0.2756,0.7633,24.097,1.3172,20.991,64.273,6.422,0.0488,0.0445
PHB_01917,Moderate Illness,2,0.493,0.5144,0.6334,26.213,1.3006,29.319,74.394,6.322,0.0423,0.0768
PHB_03186,Healthy,0,0.7522,0.0921,0.7884,24.301,0.9874,25.227,70.884,6.478,0.0145,0.0348
PHB_08627,Early Disease,1,0.6609,0.3624,0.6681,24.487,1.44,24.303,66.137,6.612,0.0506,0.0418
PHB_09435,Severe Disease,3,0.3086,0.6258,0.4719,28.322,1.2977,28.137,51.217,6.314,0.0531,0.0553
PHB_07256,Healthy,0,0.7953,0.0608,0.8409,26.021,0.9956,24.561,76.716,6.546,0.0097,0.0445
PHB_04247,Severe Disease,3,0.4177,0.6711,0.6093,27.422,1.3602,26.014,62.052,6.065,0.057,0.0757
PHB_08616,Moderate Illness,2,0.5404,0.5081,0.6126,26.543,1.2303,24.885,70.924,6.186,0.0462,0.0602
PHB_05147,Severe Disease,3,0.3251,0.7863,0.4627,27.667,1.441,23.341,57.388,6.138,0.0644,0.053
PHB_08566,Early Disease,1,0.5903,0.3197,0.7123,26.708,1.2546,22.809,59.58,6.238,0.0473,0.0362
PHB_02519,Moderate Illness,2,0.3486,0.4156,0.6304,25.419,1.4363,22.443,72.376,6.181,0.0326,0.0502
PHB_00398,Early Disease,1,0.6099,0.344,0.7479,25.425,1.2542,24.954,73.456,6.393,0.0364,0.0661
PHB_01318,Healthy,0,0.7628,0.1001,0.933,23.004,1.3008,26.598,80.357,6.383,0.0168,0.0319
PHB_04561,Severe Disease,3,0.3171,0.6523,0.5089,24.924,1.4082,27.359,65.034,6.395,0.0601,0.0931
PHB_00122,Moderate Illness,2,0.4975,0.5438,0.5122,25.967,1.421,25.865,72.38,6.574,0.0528,0.0758
PHB_02450,Moderate Illness,2,0.4656,0.4176,0.86,25.867,1.2276,26.158,70.274,6.226,0.056,0.0599
PHB_08856,Healthy,0,0.7235,0.003,0.872,25.296,0.8909,25.441,63.801,6.463,0.0387,0.0257
PHB_08109,Moderate Illness,2,0.5089,0.5281,0.5261,26.016,1.4246,25.503,62.252,6.276,0.0465,0.07
PHB_01567,Healthy,0,0.7047,0.1556,0.9951,24.94,1.175,27.849,65.178,6.638,0.0011,0.0551
PHB_01985,Moderate Illness,2,0.445,0.516,0.579,26.563,1.1274,24.317,59.549,6.629,0.0517,0.0545
PHB_04334,Early Disease,1,0.5957,0.28,0.7568,25.592,1.2544,25.39,71.141,6.371,0.0325,0.0392
PHB_07911,Severe Disease,3,0.3741,0.8315,0.415,26.632,1.6561,23.325,70.404,6.194,0.059,0.0864
PHB_09287,Severe Disease,3,0.3431,0.7207,0.3637,26.726,1.3304,22.607,65.87,6.043,0.0575,0.0701
PHB_03919,Moderate Illness,2,0.546,0.5895,0.5894,26.573,1.4338,26.887,51.687,6.367,0.0498,0.0575
PHB_02174,Healthy,0,0.944,0.125,0.8228,24.011,0.9726,26.23,72.03,6.216,0.0258,0.042
PHB_03284,Healthy,0,0.777,0.0697,0.8139,24.88,1.1912,24.657,68.959,6.509,0.0233,0.0153
PHB_08496,Moderate Illness,2,0.5239,0.6437,0.6666,26.49,1.3508,22.193,67.331,6.153,0.0508,0.0406
PHB_08585,Severe Disease,3,0.3227,0.6717,0.659,26.839,1.4095,23.284,53.65,6.207,0.0505,0.0865
PHB_02334,Healthy,0,0.7534,0.1084,0.8454,24.943,1.2133,26.681,67.445,6.502,0.0118,0.0493
PHB_00574,Severe Disease,3,0.4331,0.7032,0.4287,28.203,1.3946,26.151,61.39,5.732,0.0651,0.0702
PHB_03661,Healthy,0,0.8298,0.2806,0.8806,24.63,1.1384,30.36,76.987,5.981,0.0233,0.0404
PHB_09076,Healthy,0,0.8884,0.1267,0.9193,25.054,1.1683,25.086,63.531,6.505,0.0148,0.0508
PHB_00982,Severe Disease,3,0.346,0.6887,0.4207,26.667,1.2926,25.549,66.052,6.144,0.0714,0.0883
PHB_09371,Severe Disease,3,0.4628,0.6927,0.3913,26.962,1.2909,22.839,65.703,6.13,0.057,0.0762
PHB_01408,Healthy,0,0.831,0.1677,0.8816,22.751,0.9649,25.418,76.396,6.394,0.0085,0.0157
PHB_00536,Healthy,0,0.824,0.0586,0.9535,23.495,0.8633,22.541,61.821,6.365,0.0414,0.0507
PHB_04316,Moderate Illness,2,0.4916,0.5793,0.5636,25.231,1.5031,24.836,66.429,6.611,0.0488,0.0491
PHB_04599,Early Disease,1,0.6654,0.3715,0.7194,26.167,1.1362,22.131,72.688,6.614,0.0113,0.0312
PHB_08623,Healthy,0,0.8991,0.1926,0.9977,25.146,1.1986,22.835,68.327,6.686,0.015,0.0276
PHB_08759,Early Disease,1,0.5822,0.3508,0.6376,26.185,1.0799,22.88,72.829,6.506,0.0343,0.0371
PHB_01435,Healthy,0,0.7783,0.0972,0.862,24.412,1.0575,27.454,62.993,6.557,0.0296,0.0393
PHB_06995,Severe Disease,3,0.3932,0.6486,0.4657,27.955,1.3989,24.789,85.178,6.242,0.0704,0.0404
PHB_02580,Severe Disease,3,0.3295,0.683,0.3655,27.911,1.4823,21.377,62.694,6.08,0.0657,0.0749
PHB_09404,Early Disease,1,0.6124,0.3845,0.699,24.713,1.3243,24.419,64.475,6.092,0.0418,0.0555
PHB_03270,Healthy,0,0.8154,0.1893,0.8125,25.362,1.0007,23.721,62.182,6.271,0.0261,0.0526
PHB_09554,Healthy,0,0.9095,0.0663,0.8139,23.453,1.2332,21.812,83.929,6.39,0.0241,0.065
PHB_03839,Severe Disease,3,0.3911,0.746,0.4031,27.268,1.6379,23.216,63.539,6.078,0.0664,0.0878
PHB_01868,Healthy,0,0.8179,0.1671,0.8836,24.154,1.1223,26.755,77.229,6.625,0.0134,0.031
PHB_01455,Early Disease,1,0.5768,0.2879,0.8687,25.733,1.2475,25.947,77.342,6.62,0.0516,0.0339
PHB_01787,Early Disease,1,0.5648,0.3837,0.678,25.19,1.309,24.21,60.039,6.508,0.0366,0.0411
PHB_09913,Severe Disease,3,0.341,0.7999,0.5269,27.167,1.3512,28.188,58.385,6.376,0.0617,0.0788
PHB_07096,Early Disease,1,0.6977,0.3795,0.833,25.395,1.3081,27.841,57.678,6.894,0.0333,0.0517
PHB_02522,Moderate Illness,2,0.4432,0.43,0.531,25.555,1.1096,28.866,64.521,6.34,0.052,0.0416
PHB_04440,Early Disease,1,0.6607,0.3117,0.6956,26.582,1.1957,26.073,69.998,6.444,0.0304,0.0386
PHB_01821,Severe Disease,3,0.5463,0.7154,0.3889,26.631,1.4885,28.784,55.796,6.3,0.0625,0.0579
PHB_05616,Healthy,0,0.9067,0.2134,0.8456,24.431,1.0692,21.975,60.419,6.856,0.0146,0.0454
PHB_02930,Moderate Illness,2,0.3817,0.4954,0.6445,27.559,1.2467,24.828,61.954,6.154,0.0551,0.0381
PHB_00052,Healthy,0,0.8203,0.1456,0.795,24.214,0.9411,24.605,77.472,6.416,0.0278,0.0377
PHB_04727,Severe Disease,3,0.4155,0.7138,0.4702,27.722,1.4038,24.0,61.958,6.539,0.0711,0.0811
PHB_05717,Severe Disease,3,0.3676,0.9035,0.4205,27.69,1.451,22.194,69.772,6.568,0.0489,0.0843
PHB_05466,Severe Disease,3,0.3472,0.7386,0.4026,27.47,1.377,24.316,59.611,6.163,0.0591,0.0562
PHB_00470,Moderate Illness,2,0.5319,0.4878,0.6163,26.445,1.2067,25.908,62.861,6.612,0.0517,0.0702
PHB_02630,Healthy,0,0.8216,0.0738,0.8384,25.15,1.0716,28.051,60.029,6.168,0.0266,0.0459
PHB_06514,Severe Disease,3,0.3233,0.7168,0.5846,28.008,1.3387,28.727,59.026,6.533,0.0605,0.0755
PHB_07468,Healthy,0,1.1545,0.1374,0.8956,23.633,1.0456,25.85,83.378,6.464,0.0359,0.0505
PHB_03946,Severe Disease,3,0.2933,0.7786,0.419,27.168,1.3085,24.795,64.899,6.265,0.0671,0.0402
PHB_06205,Healthy,0,0.7853,0.0151,0.9256,24.869,1.2063,29.111,72.634,6.349,0.0361,0.0362
PHB_04263,Early Disease,1,0.6625,0.3833,0.7223,25.338,0.9755,21.45,65.104,6.586,0.0241,0.0492
PHB_01859,Early Disease,1,0.6464,0.2791,0.7105,25.387,1.3116,23.918,49.977,6.735,0.0321,0.055
PHB_09533,Severe Disease,3,0.365,0.7287,0.3958,26.327,1.5084,27.04,72.837,5.977,0.0584,0.095
PHB_00866,Severe Disease,3,0.3163,0.6955,0.487,27.126,1.5398,22.437,53.549,6.358,0.0416,0.0576
PHB_06391,Healthy,0,0.8451,0.1647,0.8227,23.516,1.0393,24.659,66.989,6.311,0.0278,0.0604
PHB_07213,Moderate Illness,2,0.5736,0.4572,0.5106,26.05,1.2818,26.03,52.712,5.849,0.0414,0.0602
PHB_04922,Healthy,0,0.7745,0.1705,0.9409,23.901,0.9938,25.05,76.91,6.239,0.0313,0.036
PHB_08102,Healthy,0,0.8048,0.1007,0.9073,23.808,1.2485,26.393,75.927,6.195,0.0214,0.0418
PHB_04793,Early Disease,1,0.5752,0.3649,0.6531,24.629,1.2526,27.776,76.328,6.309,0.0268,0.0499
PHB_08855,Moderate Illness,2,0.5394,0.6316,0.6542,26.074,1.2217,25.851,62.251,6.151,0.061,0.0463
PHB_06251,Severe Disease,3,0.376,0.6578,0.4069,27.559,1.1517,24.335,51.809,6.371,0.0773,0.0691
PHB_05937,Healthy,0,0.8518,0.1617,0.8112,25.182,1.2141,23.185,49.174,6.584,0.0393,0.0502
PHB_00426,Severe Disease,3,0.2758,0.6823,0.4829,25.606,1.5756,24.424,67.428,5.765,0.0652,0.0837
PHB_00189,Moderate Illness,2,0.6121,0.5557,0.5676,26.256,1.1129,27.447,64.69,5.834,0.0527,0.0627
PHB_05630,Early Disease,1,0.6641,0.213,0.7736,26.035,1.293,26.708,77.417,5.964,0.0554,0.085
PHB_04360,Moderate Illness,2,0.5073,0.5369,0.6982,25.46,1.1962,26.284,62.552,6.479,0.0392,0.0721
PHB_00229,Moderate Illness,2,0.5017,0.5788,0.7144,27.545,1.3478,23.519,54.435,6.517,0.064,0.054
PHB_07758,Healthy,0,0.7917,0.257,0.8759,24.72,0.8709,26.916,60.912,6.276,0.0352,0.0394
PHB_07678,Severe Disease,3,0.3771,0.7651,0.4316,26.902,1.2839,21.464,51.987,6.559,0.0485,0.0649
PHB_02742,Severe Disease,3,0.4101,0.8632,0.4461,27.568,1.3666,23.559,50.539,6.527,0.0421,0.0874
PHB_01042,Moderate Illness,2,0.5167,0.4875,0.571,27.064,1.1717,24.434,67.908,6.753,0.0635,0.0456
PHB_04076,Early Disease,1,0.5998,0.3061,0.6572,26.01,1.2178,27.188,65.933,6.703,0.052,0.0501
PHB_09141,Early Disease,1,0.6507,0.3879,0.7777,25.335,1.1643,24.608,73.619,6.232,0.0502,0.042
PHB_06119,Severe Disease,3,0.3185,0.6922,0.4441,27.812,1.3943,22.783,63.99,6.224,0.0611,0.0657
PHB_06903,Moderate Illness,2,0.4571,0.4713,0.5881,26.035,1.2295,26.217,68.066,6.259,0.049,0.0514
PHB_00472,Early Disease,1,0.6386,0.3615,0.6304,25.657,1.3211,23.23,59.804,6.061,0.045,0.0464
PHB_02922,Healthy,0,0.8115,0.1372,0.897,24.571,1.0776,25.434,73.955,6.417,0.0292,0.0397
PHB_01906,Early Disease,1,1.0627,0.2806,0.45,25.987,1.2257,25.728,60.093,6.406,0.0278,0.0695
PHB_08877,Severe Disease,3,0.3875,0.6152,0.455,28.665,1.1741,26.291,60.491,6.61,0.0569,0.047
PHB_00802,Early Disease,1,0.7265,0.2119,0.6969,26.066,1.2139,28.463,65.927,5.663,0.036,0.0559
PHB_01488,Early Disease,1,0.5772,0.3602,0.6932,25.566,1.2491,27.41,72.489,6.75,0.0494,0.037
PHB_08442,Early Disease,1,0.6838,0.3048,0.823,25.8,1.108,25.232,63.638,6.272,0.0176,0.0474
PHB_00228,Moderate Illness,2,0.4928,0.4857,0.5815,25.578,1.5188,25.655,72.614,6.225,0.0564,0.0769
PHB_07891,Moderate Illness,2,0.5689,0.3502,0.5325,26.968,1.3242,26.228,66.658,6.518,0.0614,0.0487
PHB_01129,Moderate Illness,2,0.4657,0.508,0.464,25.243,1.4634,26.335,63.425,5.913,0.0311,0.0678
PHB_05071,Early Disease,1,0.5866,0.3389,0.7291,24.807,1.235,25.22,64.1,6.625,0.0255,0.0511
PHB_09167,Moderate Illness,2,0.5287,0.5624,0.5817,25.614,1.3193,26.667,58.646,6.019,0.0368,0.0531
PHB_02209,Healthy,0,0.8618,0.0243,0.9172,25.22,1.0487,25.415,64.739,6.156,0.0219,0.0538
PHB_07994,Severe Disease,3,0.3702,0.8119,0.5738,26.527,1.1931,25.295,75.408,6.063,0.0489,0.0617
PHB_09843,Healthy,0,0.9167,0.1408,0.86,23.915,1.1718,27.263,59.306,6.309,0.0424,0.0308
PHB_06560,Healthy,0,0.8456,0.1961,0.8773,23.348,0.9991,24.447,65.706,6.195,0.0108,0.0427
PHB_09922,Moderate Illness,2,0.4517,0.4787,0.7133,26.162,1.3508,25.874,76.922,6.536,0.0495,0.0619
PHB_03154,Healthy,0,0.7548,0.0694,0.8488,24.58,1.0109,27.492,73.937,6.275,0.0096,0.0168
PHB_04442,Early Disease,1,0.6851,0.2899,0.7073,24.518,1.1421,26.042,68.204,6.179,0.065,0.0527
PHB_07506,Moderate Illness,2,0.467,0.5217,0.5686,26.714,1.5583,23.786,69.33,5.778,0.0578,0.0697
PHB_08958,Moderate Illness,2,0.453,0.5319,0.5497,27.042,1.3333,24.585,63.683,6.068,0.0489,0.0534
PHB_06216,Healthy,0,0.8209,0.1644,0.9011,24.407,1.3235,22.515,75.522,6.141,0.022,0.013
PHB_09599,Moderate Illness,2,0.4965,0.4443,0.6137,26.336,1.3327,22.701,66.444,6.107,0.0441,0.0454
PHB_02145,Early Disease,1,0.6655,0.2758,0.5012,26.205,1.2307,26.499,61.015,6.273,0.021,0.0475
PHB_07412,Moderate Illness,2,0.4306,0.4078,0.6646,26.989,1.2383,23.678,66.594,6.224,0.0562,0.0346
PHB_08930,Early Disease,1,0.696,0.2977,0.6663,26.477,0.9988,25.075,67.821,6.205,0.0447,0.0501
PHB_02375,Early Disease,1,0.7268,0.2779,0.6876,25.941,0.9981,23.104,67.233,6.486,0.0161,0.0534
PHB_02578,Severe Disease,3,0.3614,0.7446,0.4169,27.572,1.1613,27.04,50.37,6.121,0.0548,0.0739
PHB_01633,Moderate Illness,2,0.5625,0.4863,0.6533,25.841,1.7195,24.241,68.367,6.122,0.0475,0.0503
PHB_04833,Moderate Illness,2,0.5122,0.5288,0.4715,26.331,1.3378,24.043,69.081,6.282,0.0536,0.0655
PHB_02299,Healthy,0,0.7729,0.097,1.0015,25.242,0.8164,22.272,67.519,6.354,0.0263,0.0356
PHB_05034,Moderate Illness,2,0.5242,0.4403,0.5569,25.579,1.1603,26.72,62.973,6.317,0.0479,0.0683
PHB_00157,Early Disease,1,0.6797,0.3185,0.7409,25.092,1.2524,25.225,72.555,6.454,0.0288,0.0513
PHB_08047,Moderate Illness,2,0.431,0.4502,0.5857,27.154,1.4621,29.102,68.414,6.194,0.0404,0.068
PHB_06707,Healthy,0,0.8958,0.0581,0.8438,25.632,0.7818,23.006,71.42,6.387,0.0292,0.0297
PHB_03350,Early Disease,1,0.627,0.3252,0.8216,24.787,1.1742,23.087,64.15,6.277,0.0441,0.0619
PHB_02880,Healthy,0,0.7981,0.1116,0.8703,24.933,1.0312,22.227,67.806,6.534,0.0169,0.0263
PHB_03414,Healthy,0,0.7583,0.0561,0.8808,23.086,1.0111,27.064,56.644,5.785,0.0226,0.0315
PHB_07769,Severe Disease,3,0.3369,0.7813,0.4337,26.928,1.529,27.616,61.266,6.354,0.0675,0.062
PHB_04190,Early Disease,1,0.6374,0.3241,0.6142,25.124,1.1798,25.683,62.557,6.325,0.0315,0.0536
PHB_09611,Severe Disease,3,0.4332,0.7891,0.4258,26.463,1.1864,27.903,59.302,6.165,0.0547,0.0842
PHB_09735,Healthy,0,0.8529,0.1245,0.9575,25.599,0.849,29.28,61.994,6.03,0.0163,0.0193
PHB_07252,Moderate Illness,2,0.5614,0.4427,0.7717,25.918,1.2692,24.096,61.97,6.259,0.0415,0.0829
PHB_07614,Early Disease,1,0.7228,0.3089,0.805,25.582,0.9812,25.108,60.967,6.573,0.0422,0.0443
PHB_06920,Moderate Illness,2,0.5625,0.5463,0.5035,26.717,1.366,20.463,56.83,6.243,0.057,0.0603
PHB_09682,Healthy,0,0.7254,0.1305,0.9193,24.793,1.2291,25.892,75.143,6.537,0.0221,0.017
PHB_09672,Severe Disease,3,0.3138,0.6634,0.3556,28.09,1.5591,23.356,71.966,6.672,0.0559,0.0592
PHB_04795,Early Disease,1,0.6228,0.3566,0.7839,24.855,1.1069,24.239,72.452,6.05,0.0373,0.0568
PHB_05655,Early Disease,1,0.7035,0.3745,0.6171,23.398,1.1682,26.831,79.924,6.433,0.049,0.0438
PHB_02496,Moderate Illness,2,0.428,0.5953,0.6252,25.678,1.1341,23.217,69.656,6.713,0.0459,0.0728
PHB_07305,Moderate Illness,2,0.492,0.5851,0.6043,27.345,1.2789,26.014,55.458,6.163,0.0513,0.0557
PHB_02373,Early Disease,1,0.6905,0.3607,0.6794,25.54,1.1977,26.324,66.483,6.535,0.033,0.0598
PHB_04092,Severe Disease,3,0.3433,0.7338,0.4282,26.081,1.317,23.379,65.338,5.996,0.0599,0.0468
PHB_09472,Healthy,0,0.8806,0.1866,0.8585,24.191,1.1646,22.474,73.096,6.548,0.0164,0.0371
PHB_03462,Severe Disease,3,0.3351,0.8458,0.4689,27.516,1.2152,25.384,65.248,6.398,0.0666,0.0777
PHB_07007,Severe Disease,3,0.4133,0.7139,0.4251,26.702,1.3063,25.841,61.207,6.159,0.0487,0.0595
PHB_05392,Early Disease,1,0.7427,0.1917,0.6333,24.272,1.183,26.11,61.276,6.347,0.0493,0.0384
PHB_07173,Moderate Illness,2,0.5325,0.528,0.5071,26.963,1.451,26.51,67.336,6.054,0.0396,0.055
PHB_05697,Healthy,0,0.7534,0.0142,0.9166,24.685,1.0672,22.515,62.858,6.435,0.0459,0.0405
PHB_05665,Healthy,0,0.8568,0.2334,0.9129,26.105,1.1693,23.067,71.575,6.17,0.0166,0.0257
PHB_04504,Early Disease,1,0.5996,0.269,0.7484,25.937,0.8902,24.253,67.145,6.41,0.0455,0.0477
PHB_02551,Moderate Illness,2,0.5611,0.5346,0.4871,24.919,1.1772,29.408,66.82,6.108,0.0648,0.0708
PHB_04716,Healthy,0,0.8901,0.0996,0.9671,24.87,1.3345,24.436,65.795,6.178,0.0221,0.0276
PHB_00848,Moderate Illness,2,0.4119,0.5156,0.6861,26.502,1.9228,22.507,59.424,6.262,0.0685,0.0622
PHB_03345,Moderate Illness,2,0.4317,0.5104,0.7068,25.729,1.093,24.563,58.161,5.772,0.0548,0.045
PHB_00939,Severe Disease,3,0.3083,0.5961,0.3875,26.826,1.2268,24.728,59.568,6.142,0.0599,0.0679
PHB_04826,Early Disease,1,0.6471,0.407,0.7438,23.782,1.1494,26.947,67.223,6.331,0.035,0.0342
PHB_09694,Healthy,0,0.7419,0.227,0.8986,24.796,1.1725,24.613,62.516,6.405,0.0252,0.0204
PHB_08864,Moderate Illness,2,0.5469,0.6159,0.595,25.053,1.2318,25.977,44.097,6.147,0.0444,0.0519
PHB_08611,Healthy,0,0.7639,0.1075,0.8745,24.036,1.1959,27.792,54.557,6.857,0.027,0.0374
PHB_05355,Severe Disease,3,0.4216,0.8842,0.5338,26.286,1.4281,27.654,64.596,6.149,0.07,0.0795
PHB_05478,Early Disease,1,0.6819,0.3026,0.6445,24.754,1.0432,27.713,68.863,6.3,0.0362,0.0459
PHB_09724,Early Disease,1,0.6618,0.3565,0.8261,25.431,1.2938,27.305,52.107,6.726,0.0533,0.0558
PHB_00757,Early Disease,1,0.7219,0.1931,0.6684,26.159,1.1492,24.175,63.556,6.231,0.0463,0.0481
PHB_04751,Healthy,0,0.8217,0.1235,0.963,24.495,0.9293,21.862,69.88,6.047,0.0426,0.0434
PHB_02645,Early Disease,1,0.6745,0.4046,0.7379,25.746,1.3434,26.807,66.91,6.442,0.0482,0.0417
PHB_04163,Severe Disease,3,0.3675,0.582,0.4615,27.058,1.3343,25.223,63.429,6.231,0.0767,0.0878
PHB_08649,Early Disease,1,0.6131,0.2917,0.6647,25.612,1.0082,26.226,71.833,6.638,0.0306,0.0369
PHB_03166,Moderate Illness,2,0.3733,0.5311,0.6699,25.881,1.2106,22.456,69.468,6.375,0.0386,0.071
PHB_06498,Early Disease,1,0.6661,0.2884,0.8439,24.583,1.2444,22.973,71.169,6.547,0.0381,0.0501
PHB_05988,Early Disease,1,0.5866,0.2973,0.7933,25.385,1.0532,19.906,64.677,6.549,0.052,0.0466
PHB_03874,Healthy,0,0.7894,0.1746,0.9209,23.877,1.0036,28.412,74.996,6.427,0.0377,0.0197
PHB_07752,Early Disease,1,0.7172,0.3077,0.6405,25.495,0.9972,21.314,62.476,6.209,0.0314,0.0448
PHB_06524,Healthy,0,0.8568,0.1079,0.8976,25.422,1.0935,23.548,67.231,6.283,0.0381,0.0334
PHB_03419,Healthy,0,0.8328,0.1419,0.8073,24.563,1.0759,23.274,68.351,6.696,0.0313,0.0127
PHB_09905,Moderate Illness,2,0.5166,0.5395,0.5808,27.158,1.3085,23.705,73.438,6.465,0.0568,0.0556
PHB_02062,Early Disease,1,0.6674,0.4118,0.6863,24.659,1.2165,25.989,63.903,6.517,0.0433,0.0483
PHB_00550,Early Disease,1,0.7159,0.2625,0.7033,25.151,1.2261,22.749,64.495,6.446,0.0467,0.053
PHB_04454,Moderate Illness,2,0.3825,0.4939,0.521,25.911,1.3222,23.522,64.275,6.663,0.0486,0.0622
PHB_02813,Moderate Illness,2,0.5773,0.493,0.5037,26.287,1.2754,23.058,62.654,6.195,0.0319,0.0549
PHB_08778,Severe Disease,3,0.294,0.7097,0.4625,27.484,1.4029,23.377,60.535,5.823,0.0635,0.0505
PHB_08996,Severe Disease,3,0.2839,0.7062,0.4264,27.014,1.42,23.006,47.415,6.239,0.0486,0.0691
PHB_02550,Early Disease,1,0.6017,0.3716,0.7974,25.63,1.1483,21.971,58.93,6.31,0.0381,0.0353
PHB_06070,Healthy,0,0.8634,0.2562,0.8217,24.661,1.2104,25.459,77.595,6.805,0.0283,0.0358
PHB_03170,Moderate Illness,2,0.5298,0.4264,0.6518,26.053,1.052,30.635,53.559,6.407,0.0518,0.0643
PHB_07055,Healthy,0,0.7641,0.1258,0.9003,23.83,1.1734,23.826,71.456,6.476,0.0244,0.0466
PHB_04829,Severe Disease,3,0.2268,0.6133,0.5325,28.268,1.5194,27.173,65.802,6.109,0.0683,0.0589
PHB_09571,Healthy,0,0.8735,0.0781,0.8334,23.348,1.0098,23.119,60.766,6.683,0.0322,0.0272
PHB_01260,Severe Disease,3,0.4302,0.7713,0.3264,26.965,1.4382,21.049,60.02,6.718,0.0583,0.0625
PHB_08713,Severe Disease,3,0.3527,0.724,0.4866,28.305,1.4988,19.529,73.386,6.135,0.0592,0.0895
PHB_03662,Severe Disease,3,0.1929,0.7076,0.3881,27.719,1.2053,25.894,68.916,6.388,0.0527,0.0577
PHB_07923,Severe Disease,3,0.3188,0.7914,0.3086,27.348,1.4577,22.325,69.231,6.307,0.0646,0.0758
PHB_01025,Moderate Illness,2,0.5176,0.4919,0.6889,26.814,1.471,21.46,54.251,6.086,0.0514,0.0628
PHB_04966,Healthy,0,0.9319,0.042,0.9246,23.702,1.1147,23.584,78.941,6.918,0.0358,0.0351
PHB_00753,Healthy,0,0.9191,0.1413,1.0305,24.834,1.2104,24.363,68.143,6.293,0.018,0.0201
PHB_03943,Healthy,0,0.774,0.1871,0.8495,23.548,1.0409,23.101,68.794,6.54,0.0331,0.0289
PHB_03711,Severe Disease,3,0.3009,0.8421,0.4678,27.163,1.4745,24.394,73.625,6.319,0.0422,0.0931
PHB_09961,Early Disease,1,0.6308,0.2625,0.8384,25.24,1.311,27.132,68.891,6.652,0.031,0.0597
PHB_01952,Healthy,0,0.769,0.0955,0.8623,24.66,0.814,26.215,63.884,6.563,0.0199,0.0363
PHB_06315,Moderate Illness,2,0.4833,0.5031,0.5852,27.272,1.2644,21.493,62.805,6.456,0.0558,0.0355
PHB_00352,Healthy,0,0.7629,0.1404,0.9693,23.63,1.1705,23.892,65.634,6.274,0.0149,0.0281
PHB_01512,Healthy,0,0.806,0.1229,0.9923,23.444,1.2096,24.774,75.547,6.734,0.0235,0.0341
PHB_04830,Severe Disease,3,0.3364,0.7499,0.4063,27.262,1.3511,23.288,61.926,6.214,0.0504,0.0535
PHB_09617,Healthy,0,0.8353,0.1551,0.8903,25.124,1.0319,24.752,70.256,6.699,0.0237,0.0323
PHB_03747,Early Disease,1,0.553,0.253,0.6667,24.547,1.1953,24.966,77.851,6.426,0.0498,0.0426
PHB_05800,Early Disease,1,0.617,0.2933,0.746,25.977,1.3041,24.106,55.674,6.791,0.0456,0.058
PHB_00702,Early Disease,1,0.6786,0.2954,0.7251,25.889,1.4607,24.611,65.404,6.555,0.0244,0.0275
PHB_03694,Moderate Illness,2,0.5707,0.4532,0.5047,26.739,1.3515,25.052,68.181,6.103,0.061,0.0519
PHB_04615,Early Disease,1,0.6551,0.2626,0.6357,28.351,1.3046,23.282,62.429,6.089,0.0435,0.0703
PHB_07214,Moderate Illness,2,0.493,0.6998,0.5986,25.763,1.3118,23.775,57.659,6.306,0.037,0.0439
PHB_00562,Healthy,0,0.8787,0.2435,0.9116,24.18,1.0584,22.998,70.749,6.913,0.0251,0.0212
PHB_02319,Early Disease,1,0.6341,0.4127,0.6886,24.571,1.2671,21.486,67.08,6.009,0.0478,0.0819
PHB_03099,Early Disease,1,0.7044,0.3777,0.7653,25.185,1.1292,22.951,76.163,5.816,0.0478,0.0317
PHB_04839,Healthy,0,0.8519,0.169,0.8719,25.588,1.2264,26.61,74.065,6.414,0.0236,0.0255
PHB_03151,Healthy,0,0.7667,0.1241,0.9868,24.001,0.9202,23.976,65.251,6.393,0.0157,0.0412
PHB_05609,Early Disease,1,0.6415,0.3802,0.6428,25.94,1.1843,24.688,62.667,6.133,0.0449,0.0358
PHB_04300,Moderate Illness,2,0.4074,0.5664,0.6484,26.934,1.2904,24.478,53.692,6.24,0.0662,0.0603
PHB_04619,Early Disease,1,0.5948,0.2791,0.7955,24.676,1.5058,21.498,70.85,6.625,0.0183,0.0454
PHB_04075,Healthy,0,0.7441,0.0408,0.8178,23.184,1.0688,26.978,77.121,6.251,0.0147,0.0556
PHB_03995,Healthy,0,0.925,0.1515,0.847,23.942,0.9025,26.792,71.383,6.459,0.0484,0.037
PHB_06374,Moderate Illness,2,0.5048,0.6013,0.5993,25.724,1.3269,23.301,59.044,6.094,0.0432,0.0776
PHB_06168,Early Disease,1,0.7274,0.3267,0.7939,26.691,1.2894,23.954,74.972,6.002,0.0262,0.0483
PHB_01048,Severe Disease,3,0.2891,0.7596,0.4171,26.613,1.5592,27.112,56.256,6.598,0.0577,0.0776
PHB_02940,Healthy,0,0.943,0.0585,0.8432,23.722,1.2149,27.659,64.203,6.281,0.0084,0.0491
PHB_01809,Early Disease,1,0.6128,0.2901,0.6419,24.855,1.2344,24.443,76.208,6.32,0.0383,0.0603
PHB_03167,Healthy,0,0.7943,0.1521,0.859,25.184,1.0466,26.42,72.031,6.147,0.0236,0.0428
PHB_00415,Healthy,0,0.8137,0.1777,0.9774,25.097,0.9307,24.116,72.975,6.632,0.0248,0.0189
PHB_01341,Healthy,0,0.8644,0.0976,0.8383,23.896,1.0651,28.089,73.051,6.858,0.0329,0.0188
PHB_09372,Healthy,0,0.8579,0.2002,0.8242,23.15,1.0405,18.455,73.406,6.16,0.0074,0.0228
PHB_07741,Moderate Illness,2,0.5657,0.5213,0.5094,26.79,1.2511,21.982,64.933,6.27,0.0516,0.0563
PHB_05061,Healthy,0,0.7247,0.0641,0.8814,24.09,1.1828,23.306,49.544,6.193,0.0229,0.0225
PHB_04634,Early Disease,1,0.5824,0.2677,0.7925,26.41,1.0959,23.553,70.463,6.351,0.0377,0.0377
PHB_04610,Severe Disease,3,0.4636,0.6826,0.4821,27.103,1.4026,27.045,60.803,6.287,0.0678,0.0568
PHB_07367,Healthy,0,0.798,0.1883,0.7759,25.758,1.1419,23.314,71.549,6.272,0.0179,0.0323
PHB_01470,Healthy,0,0.7425,0.0369,0.8423,24.642,1.049,23.821,68.715,5.968,0.0215,0.0388
PHB_01711,Severe Disease,3,0.5119,0.8935,0.4986,27.671,1.4338,26.75,58.192,5.758,0.0616,0.0665
PHB_06271,Early Disease,1,0.7116,0.3628,0.8067,25.494,1.4874,24.043,72.373,6.667,0.0516,0.0518
PHB_08733,Early Disease,1,0.6833,0.3054,0.9016,25.377,0.9879,24.098,60.251,6.143,0.0251,0.0548
PHB_02272,Moderate Illness,2,0.4442,0.527,0.7274,27.258,1.5788,29.8,61.831,6.193,0.0443,0.0354
PHB_01584,Early Disease,1,0.5844,0.3779,0.8409,25.359,1.1972,23.175,68.727,6.318,0.0409,0.0275
PHB_01413,Severe Disease,3,0.3032,0.6638,0.4515,26.98,1.3947,28.051,58.266,5.784,0.0631,0.0844
PHB_04112,Severe Disease,3,0.3942,0.7871,0.5234,26.441,1.6502,24.838,55.082,6.454,0.0534,0.0869
PHB_07653,Moderate Illness,2,0.4948,0.4749,0.6449,25.419,1.4855,20.858,75.243,6.141,0.0512,0.0417
PHB_06694,Severe Disease,3,0.3057,0.7371,0.4396,27.417,1.4114,24.353,67.944,6.012,0.0517,0.0692
PHB_01723,Moderate Illness,2,0.5343,0.5205,0.5981,25.933,1.231,26.848,80.411,6.698,0.0325,0.0465
PHB_02025,Early Disease,1,0.6094,0.3186,0.7532,25.889,1.1603,26.668,58.944,5.971,0.0353,0.0506
PHB_02213,Severe Disease,3,0.4213,0.6861,0.3774,27.905,1.3544,21.7,54.407,6.025,0.0611,0.0704
PHB_01508,Early Disease,1,0.7559,0.2389,0.6998,25.258,1.2628,26.285,70.491,6.461,0.0322,0.0572
PHB_02623,Healthy,0,0.8839,0.1689,0.8021,24.473,1.0915,24.369,69.18,6.689,0.039,0.0112
PHB_05291,Early Disease,1,0.6405,0.3598,0.7398,26.752,1.1793,21.332,67.785,5.908,0.0238,0.0624
PHB_09129,Early Disease,1,0.774,0.3131,0.6879,25.645,1.089,26.9,66.127,6.323,0.0462,0.0352
PHB_01322,Early Disease,1,0.6146,0.2853,0.6674,25.132,1.1841,20.002,74.351,6.716,0.0603,0.0494
PHB_00843,Moderate Illness,2,0.3873,0.5288,0.6675,25.494,1.439,26.343,66.897,6.157,0.0349,0.0726
PHB_01147,Moderate Illness,2,0.4228,0.4701,0.6506,26.779,1.2593,25.061,70.89,6.279,0.031,0.0313
PHB_03625,Moderate Illness,2,0.4684,0.5301,0.5544,26.786,1.6108,24.429,54.505,6.649,0.0599,0.0566
PHB_04281,Healthy,0,0.8536,0.0145,0.9504,24.634,1.2967,18.59,75.163,6.511,0.0132,0.0224
PHB_09011,Early Disease,1,0.6993,0.4154,0.6618,25.138,1.2056,24.755,66.473,6.439,0.0351,0.0495
PHB_08987,Early Disease,1,0.558,0.2448,0.61,25.985,1.0324,25.784,79.58,6.099,0.036,0.0476
PHB_04682,Healthy,0,0.8462,0.0761,0.9608,24.351,1.1164,27.157,71.104,6.596,0.0239,0.032
PHB_00464,Early Disease,1,0.7034,0.2194,0.8588,24.98,1.1332,26.725,67.153,6.57,0.0415,0.0246
PHB_01755,Early Disease,1,0.6094,0.2766,0.6775,26.524,1.202,25.47,73.622,6.378,0.033,0.0557
PHB_03937,Early Disease,1,0.7652,0.365,0.7427,25.114,1.1178,25.313,71.924,6.476,0.02,0.0283
PHB_07934,Healthy,0,0.7824,0.1119,0.8763,24.056,0.982,27.035,64.642,6.877,0.0488,0.042
PHB_09461,Severe Disease,3,0.2331,0.6536,0.3031,26.763,1.3312,30.444,69.306,6.529,0.0634,0.0521
PHB_04402,Moderate Illness,2,0.5683,0.5271,0.567,25.673,1.2785,22.651,57.016,6.322,0.0388,0.0524
PHB_04701,Severe Disease,3,0.4715,0.7214,0.4386,27.037,1.2457,25.773,58.692,6.539,0.0446,0.0593
PHB_08992,Healthy,0,0.8489,0.0816,0.9279,24.735,1.3648,24.79,58.341,6.689,0.0179,0.0423
PHB_00379,Early Disease,1,0.7862,0.2937,0.6357,26.117,1.2024,25.837,74.81,6.059,0.0492,0.0322
PHB_03107,Early Disease,1,0.6266,0.2842,0.7012,24.695,1.0324,24.375,73.199,6.244,0.0483,0.0406
PHB_08216,Healthy,0,0.8535,0.1644,0.9835,25.004,1.0214,26.622,59.74,6.53,0.019,0.0223
PHB_01336,Severe Disease,3,0.3472,0.6745,0.4752,27.023,1.4148,21.434,60.326,6.423,0.0807,0.0547
PHB_01224,Moderate Illness,2,0.4408,0.4161,0.6299,27.55,1.2699,24.803,54.025,6.445,0.0637,0.0697
PHB_03849,Healthy,0,0.7844,0.0007,0.7931,24.651,1.0732,25.063,74.158,6.446,0.0119,0.0535
PHB_02717,Moderate Illness,2,0.4649,0.4873,0.632,26.683,1.2049,25.074,73.767,6.21,0.0477,0.0423
PHB_06838,Moderate Illness,2,0.563,0.5334,0.6513,26.138,1.0922,23.364,63.801,6.142,0.0546,0.0669
PHB_02953,Healthy,0,0.7343,0.0564,0.9192,25.657,1.0306,26.348,60.167,6.425,0.0241,0.0276
PHB_01351,Severe Disease,3,0.33,0.6653,0.4358,26.916,1.3738,25.261,64.867,6.051,0.0669,0.053
PHB_01083,Severe Disease,3,0.4512,0.7693,0.5707,27.548,1.3372,24.18,59.797,6.221,0.0744,0.0728
PHB_06454,Early Disease,1,0.6586,0.3332,0.7545,25.626,1.3504,25.715,72.199,6.692,0.0381,0.0199
PHB_01812,Early Disease,1,0.5855,0.1757,0.7168,24.787,1.0749,25.469,66.349,6.536,0.0446,0.0536
PHB_04122,Severe Disease,3,0.2987,0.6733,0.5096,25.936,1.2049,28.696,61.47,5.899,0.0771,0.0702
PHB_01352,Severe Disease,3,0.2673,0.7134,0.3907,28.32,1.3092,26.331,64.705,6.118,0.0647,0.0923
PHB_07818,Moderate Illness,2,0.5425,0.6434,0.6753,25.612,1.1117,23.569,59.559,6.592,0.0458,0.0613
PHB_08797,Early Disease,1,0.6332,0.2689,0.7337,25.664,1.4799,24.789,66.76,6.778,0.0348,0.0286
PHB_01895,Early Disease,1,0.7935,0.2074,0.8239,24.305,1.1418,23.749,68.085,6.457,0.0394,0.0635
PHB_06640,Early Disease,1,0.6007,0.2834,0.6865,26.831,1.2777,23.446,69.001,6.388,0.0324,0.0458
PHB_00566,Moderate Illness,2,0.5183,0.5078,0.5385,25.174,1.227,23.761,64.007,5.756,0.0545,0.0562
PHB_03904,Moderate Illness,2,0.4221,0.4713,0.6005,26.868,1.2365,26.927,60.613,6.274,0.063,0.0483
PHB_07101,Early Disease,1,0.7067,0.3145,0.7209,24.924,1.203,23.862,68.69,6.732,0.0376,0.0604
PHB_03674,Early Disease,1,0.6375,0.3295,0.6544,23.827,1.2689,23.117,58.676,6.563,0.0371,0.0641
PHB_04367,Early Disease,1,0.6363,0.2196,0.6234,25.701,1.1402,24.765,60.883,6.505,0.0482,0.061
PHB_07546,Early Disease,1,0.5792,0.2977,0.7014,24.299,1.3267,22.94,70.575,6.279,0.0361,0.0605
PHB_01213,Moderate Illness,2,0.5169,0.5433,0.6045,25.505,1.1699,22.516,54.817,6.09,0.0446,0.0656
PHB_01190,Moderate Illness,2,0.5219,0.5711,0.482,26.881,1.2517,20.881,52.64,6.626,0.0675,0.0428
PHB_03956,Moderate Illness,2,0.5007,0.5538,0.5518,27.453,1.4792,22.287,55.022,6.075,0.0502,0.0731
PHB_00899,Healthy,0,0.7762,0.1522,0.8064,24.116,1.2116,27.561,66.259,6.719,0.0337,0.0092
PHB_04787,Early Disease,1,0.6505,0.3221,0.7326,26.105,1.245,28.805,68.005,6.311,0.03,0.0406
PHB_08093,Early Disease,1,0.6494,0.3344,0.7942,26.551,1.082,28.087,56.907,6.454,0.0195,0.0477
PHB_04603,Severe Disease,3,0.4322,0.7748,0.5222,29.036,1.3807,24.965,58.75,6.204,0.0578,0.0624
PHB_08897,Healthy,0,0.8575,0.1545,0.8555,24.634,1.0328,28.299,58.032,6.385,0.0223,0.025
PHB_03455,Severe Disease,3,0.3015,0.7676,0.516,24.807,1.5053,26.108,66.841,6.24,0.0522,0.0788
PHB_03610,Healthy,0,0.78,0.1169,0.8595,24.747,1.0295,24.785,71.34,6.211,0.0214,0.0139
PHB_08158,Healthy,0,0.7886,0.0992,0.8624,24.758,1.3058,26.441,60.902,6.41,0.0328,0.0423
PHB_08766,Early Disease,1,0.6099,0.2508,0.7287,24.148,1.2205,26.034,71.866,6.81,0.0451,0.0446
PHB_09678,Moderate Illness,2,0.564,0.5658,0.6182,25.825,1.302,26.799,66.04,6.326,0.044,0.0491
PHB_07573,Healthy,0,0.6933,0.1593,0.9869,25.112,1.0366,23.365,58.915,6.295,0.0061,0.0483
PHB_03910,Severe Disease,3,0.3225,0.7337,0.4144,26.431,1.2331,24.478,59.997,5.963,0.0631,0.0684
PHB_04029,Early Disease,1,0.8296,0.3476,0.7695,25.508,1.1596,22.598,68.392,6.334,0.0396,0.0462
PHB_03932,Moderate Illness,2,0.4081,0.4956,0.6891,26.31,1.222,26.106,59.942,6.247,0.043,0.0504
PHB_02333,Severe Disease,3,0.3428,0.7225,0.3224,27.19,1.5162,27.794,64.948,6.071,0.0657,0.0742
PHB_07303,Severe Disease,3,0.3704,0.6486,0.4116,26.067,1.3608,24.544,64.369,6.193,0.0476,0.0659
PHB_02263,Early Disease,1,0.6766,0.333,0.6118,26.959,1.2842,27.656,59.559,6.536,0.0238,0.0394
PHB_09261,Severe Disease,3,0.302,0.7807,0.4498,28.496,1.2913,26.0,59.627,6.143,0.0584,0.0623
PHB_05782,Severe Disease,3,0.2869,0.6141,0.4551,27.291,1.4194,27.22,58.089,6.425,0.0528,0.0706
PHB_02596,Severe Disease,3,0.3696,0.7523,0.3296,27.791,1.348,27.237,62.411,6.229,0.0458,0.0489
PHB_07201,Early Disease,1,0.578,0.2566,0.6945,24.95,1.2181,25.746,57.997,6.6,0.0575,0.0503
PHB_03594,Healthy,0,0.8358,0.0746,0.8696,24.434,0.9135,22.122,61.127,6.309,0.0206,0.045
PHB_05217,Early Disease,1,0.6357,0.2719,0.7388,25.079,1.1953,25.908,74.625,6.384,0.0291,0.0538
PHB_01031,Moderate Illness,2,0.5726,0.4669,0.5288,26.492,1.2987,24.534,62.865,6.521,0.0427,0.0466
PHB_07434,Healthy,0,0.7831,0.1106,1.0619,25.096,0.8053,24.179,76.217,6.567,0.0261,0.0394
PHB_07878,Severe Disease,3,0.311,0.7872,0.456,25.724,1.5937,27.001,61.702,6.212,0.0697,0.0773
PHB_08824,Moderate Illness,2,0.4925,0.6014,0.5411,26.759,1.4471,26.217,71.023,6.366,0.0534,0.0486
PHB_08237,Severe Disease,3,0.3671,0.6691,0.4397,26.53,1.5343,26.399,57.049,5.894,0.0755,0.0663
PHB_05734,Severe Disease,3,0.3424,0.76,0.3956,27.204,1.3053,28.162,75.67,6.223,0.0567,0.0742
PHB_05379,Healthy,0,0.8036,0.0965,0.9918,23.143,1.1444,25.006,54.568,6.526,0.0174,0.029
PHB_07763,Early Disease,1,0.6894,0.2822,0.7767,24.452,1.1163,24.26,65.271,6.089,0.0339,0.0323
PHB_01756,Moderate Illness,2,0.5521,0.4916,0.6509,26.368,1.3032,22.644,68.727,6.306,0.0649,0.0412
PHB_07356,Early Disease,1,0.6436,0.3416,0.7444,23.758,1.2368,25.85,69.972,6.526,0.0238,0.0487
PHB_04162,Early Disease,1,0.6723,0.4072,0.678,24.142,1.0573,22.556,75.663,6.509,0.051,0.0603
PHB_00232,Early Disease,1,0.6687,0.2514,0.6928,24.775,1.2924,26.644,53.827,6.515,0.0213,0.0283
PHB_08105,Moderate Illness,2,0.5517,0.4417,0.6299,26.281,1.3446,23.667,65.341,6.077,0.0678,0.05
PHB_00111,Early Disease,1,0.7471,0.3602,0.6565,25.788,1.1323,24.442,60.712,6.396,0.0493,0.0452
PHB_05458,Moderate Illness,2,0.4566,0.5436,0.5785,26.978,1.4025,25.319,63.842,6.318,0.0456,0.0656
PHB_06709,Moderate Illness,2,0.5295,0.6774,0.6212,27.285,1.1147,25.034,65.476,6.186,0.0487,0.063
PHB_02515,Healthy,0,0.8922,0.1181,0.9936,24.895,1.0266,26.154,74.52,6.586,0.0503,0.0228
PHB_05962,Healthy,0,0.8312,0.2058,0.8727,23.985,1.2903,25.258,76.06,6.069,0.0317,0.0316
PHB_04280,Moderate Illness,2,0.4045,0.6563,0.5357,25.646,1.3932,22.587,86.01,6.295,0.025,0.0664
PHB_04721,Early Disease,1,0.7696,0.2886,0.6348,25.451,0.8754,26.876,73.815,6.237,0.0197,0.0527
PHB_02918,Severe Disease,3,0.3731,0.7107,0.5157,27.877,1.3032,25.608,63.543,6.07,0.0934,0.0779
PHB_09391,Moderate Illness,2,0.6343,0.5564,0.5802,26.687,1.2208,26.118,77.707,6.404,0.0363,0.047
PHB_02993,Early Disease,1,0.6015,0.3129,0.7478,23.775,1.321,24.61,77.349,6.473,0.0385,0.046
PHB_02318,Severe Disease,3,0.375,0.7093,0.3037,26.821,1.2745,26.074,74.654,5.96,0.0504,0.0532
PHB_04848,Moderate Illness,2,0.3998,0.5257,0.4904,25.423,1.1339,22.586,72.386,6.234,0.0495,0.0447
PHB_04293,Healthy,0,0.8284,0.0942,0.898,24.674,1.1356,27.75,68.539,6.506,0.0252,0.0592
PHB_06992,Early Disease,1,0.6456,0.2056,0.7519,25.203,1.1994,23.756,60.723,6.767,0.0358,0.0277
PHB_01516,Early Disease,1,0.6477,0.3511,0.7957,24.946,1.2985,26.165,57.032,6.531,0.0385,0.0423
PHB_00217,Healthy,0,0.8595,0.0951,1.063,25.202,1.0883,24.907,76.056,6.163,0.0313,0.0362
PHB_09214,Healthy,0,0.7281,0.1012,1.0227,24.404,1.1306,24.094,76.845,6.356,0.0219,0.0356
PHB_09062,Severe Disease,3,0.3245,0.7396,0.4538,25.764,1.4956,26.436,58.8,5.657,0.0744,0.0799
PHB_08418,Severe Disease,3,0.3362,0.7772,0.4408,26.859,1.6127,20.756,60.205,6.391,0.059,0.0788
PHB_02264,Healthy,0,0.8219,0.0995,0.8229,24.775,0.9457,24.625,61.913,6.524,0.033,0.0253
PHB_05327,Moderate Illness,2,0.4561,0.5785,0.5529,25.37,1.3734,23.146,66.108,6.264,0.0552,0.0595
PHB_06841,Moderate Illness,2,0.5302,0.6003,0.569,26.336,1.2191,26.557,65.65,6.315,0.0445,0.0647
PHB_08499,Moderate Illness,2,0.5222,0.4592,0.6166,26.823,1.2162,26.389,62.548,6.362,0.0513,0.0525
PHB_06011,Severe Disease,3,0.3413,0.8199,0.489,28.045,1.4347,25.754,67.802,6.35,0.0597,0.0753
PHB_00894,Healthy,0,0.8516,0.0634,0.8347,25.361,1.1024,22.894,75.021,6.182,0.0335,0.0273
PHB_01491,Healthy,0,0.9008,0.1444,0.9248,24.377,1.015,26.008,70.413,6.208,0.0278,0.039
PHB_03004,Moderate Illness,2,0.5983,0.5432,0.4999,27.26,1.1258,22.928,73.678,6.213,0.0384,0.048
PHB_01851,Healthy,0,0.8171,0.1281,0.9137,24.263,0.902,26.222,56.602,6.284,0.0139,0.0166
PHB_05200,Moderate Illness,2,0.4942,0.5243,0.7456,27.185,1.2807,27.641,64.544,6.484,0.0465,0.065
PHB_06381,Moderate Illness,2,0.4297,0.4907,0.6914,25.406,1.38,25.827,67.259,6.233,0.0454,0.078
PHB_00325,Severe Disease,3,0.3278,0.6875,0.4625,27.061,1.5387,27.608,64.169,6.074,0.0764,0.0757
PHB_01216,Moderate Illness,2,0.4696,0.646,0.6128,26.86,1.278,25.877,69.055,6.258,0.0527,0.0833
PHB_02900,Early Disease,1,0.6555,0.3272,0.7597,25.263,1.2046,24.577,48.721,6.437,0.0377,0.0554
PHB_02934,Severe Disease,3,0.3185,0.7772,0.3521,27.55,1.3764,24.664,70.017,5.98,0.063,0.0738
PHB_03659,Severe Disease,3,0.2985,0.6912,0.3793,28.306,1.4026,24.723,65.569,6.16,0.0607,0.0606
PHB_08679,Severe Disease,3,0.3165,0.6604,0.3174,27.187,1.4314,23.19,52.236,6.155,0.0421,0.0778
PHB_06674,Early Disease,1,0.6339,0.3058,0.6786,25.411,1.0291,29.904,56.198,6.223,0.0446,0.0521
PHB_07973,Moderate Illness,2,0.5408,0.4966,0.5617,25.094,1.2447,24.018,53.284,6.057,0.052,0.0739
PHB_08587,Healthy,0,0.8333,0.1229,1.0106,23.811,0.9744,26.834,82.849,6.512,0.0326,0.0317
PHB_06170,Moderate Illness,2,0.5965,0.5441,0.4991,26.197,1.1184,22.697,65.645,6.459,0.0521,0.0472
PHB_09725,Moderate Illness,2,0.4088,0.4678,0.5569,27.105,1.1653,26.031,61.743,6.375,0.0689,0.0715
PHB_01130,Severe Disease,3,0.3211,0.687,0.497,26.362,1.468,26.614,68.601,6.223,0.0661,0.067
PHB_08857,Severe Disease,3,0.374,0.6893,0.4602,27.396,1.3428,23.12,54.546,6.273,0.0729,0.0567
PHB_02919,Healthy,0,0.8011,0.1172,0.9244,25.273,1.1101,29.52,63.344,6.223,0.0175,0.0436
PHB_03903,Moderate Illness,2,0.5051,0.5123,0.555,27.65,1.1887,25.515,59.742,6.173,0.0468,0.0486
PHB_07948,Early Disease,1,0.6933,0.2848,0.7101,25.674,0.9664,25.655,69.231,6.549,0.0406,0.0358
PHB_09098,Early Disease,1,0.6978,0.3134,0.741,25.781,1.1697,22.983,68.834,6.16,0.0269,0.0443
PHB_03828,Early Disease,1,0.6438,0.3912,0.7976,25.623,1.2802,23.871,57.962,6.549,0.0405,0.0534
PHB_04924,Severe Disease,3,0.4085,0.6046,0.4308,27.71,1.4504,24.775,60.919,6.423,0.0583,0.0665
PHB_00209,Healthy,0,0.7677,0.168,0.8198,24.791,1.0719,24.168,73.81,6.256,0.007,0.0377
PHB_03255,Healthy,0,0.9454,0.021,0.9854,24.118,1.3247,26.188,70.38,6.465,0.0324,0.0275
PHB_02796,Moderate Illness,2,0.4378,0.4727,0.5453,27.394,1.3987,25.67,47.204,6.266,0.054,0.0562
PHB_05107,Healthy,0,0.7801,0.1495,0.784,23.984,1.2048,23.88,71.049,6.026,0.0049,0.0416
PHB_09012,Moderate Illness,2,0.356,0.5172,0.7123,25.51,1.1927,23.754,71.106,6.445,0.0515,0.0545
PHB_00799,Moderate Illness,2,0.6061,0.4254,0.6441,26.789,1.2637,19.326,54.372,6.417,0.0569,0.0664
PHB_09106,Moderate Illness,2,0.6388,0.4097,0.6727,27.313,1.1564,22.02,72.426,6.235,0.0442,0.0554
PHB_00735,Healthy,0,0.8256,0.204,0.9435,23.59,1.1031,25.119,75.167,6.488,0.0087,0.0165
PHB_02245,Early Disease,1,0.4935,0.3071,0.6906,24.049,1.3137,30.609,64.789,6.144,0.0384,0.065
PHB_00179,Severe Disease,3,0.294,0.6992,0.3583,25.587,1.3575,28.116,54.836,6.078,0.0646,0.0612
PHB_05831,Moderate Illness,2,0.4933,0.5376,0.5349,26.354,1.389,19.764,71.143,5.964,0.0542,0.0796
PHB_07009,Healthy,0,0.9126,0.1265,0.9563,24.035,1.0176,23.821,77.638,6.42,0.0289,0.0298
PHB_01175,Moderate Illness,2,0.5268,0.5039,0.4944,26.245,1.3078,23.692,58.48,6.602,0.0593,0.0689
PHB_06643,Healthy,0,0.8509,0.0201,0.9763,24.191,1.1471,22.332,74.16,6.357,0.0298,0.0418
PHB_05849,Healthy,0,0.8029,0.1283,0.9265,24.655,0.9139,24.512,71.849,6.608,0.0232,0.0336
PHB_01832,Severe Disease,3,0.328,0.7593,0.5204,27.568,1.4654,21.929,61.692,5.829,0.0579,0.0757
PHB_07996,Early Disease,1,0.6654,0.3072,0.8712,25.292,1.2433,25.077,63.839,6.214,0.049,0.0308
PHB_09280,Severe Disease,3,0.3276,0.7535,0.4799,28.192,1.4746,27.317,64.76,6.348,0.0604,0.0856
PHB_07898,Healthy,0,0.8821,0.012,0.827,23.769,0.9374,24.444,62.596,6.337,0.0203,0.0407
PHB_08598,Moderate Illness,2,0.5234,0.5524,0.579,27.416,1.2352,26.759,64.163,6.445,0.0502,0.0534
PHB_08523,Severe Disease,3,0.2256,0.7544,0.4708,27.732,1.276,23.764,65.47,6.034,0.0624,0.0771
PHB_00199,Healthy,0,0.7858,0.1547,0.9643,24.323,1.0428,26.764,68.584,6.41,0.0312,0.0287
PHB_07929,Healthy,0,0.7959,0.1538,0.858,25.163,1.2007,24.451,66.21,6.48,0.0266,0.0251
PHB_07077,Healthy,0,0.9169,0.1138,0.9431,22.903,1.0714,23.764,60.512,6.397,0.0311,0.0299
PHB_09285,Early Disease,1,0.6027,0.2488,0.8181,26.135,1.2554,27.608,80.235,6.691,0.0492,0.0289
PHB_01098,Severe Disease,3,0.3551,0.7896,0.5803,27.656,1.3827,25.797,65.699,5.942,0.0404,0.0762
PHB_00549,Severe Disease,3,0.3637,0.736,0.5296,28.524,1.1498,26.061,60.091,5.845,0.0672,0.0578
PHB_06909,Severe Disease,3,0.3157,0.6986,0.3156,27.664,1.1974,23.534,66.17,6.321,0.0678,0.0671
PHB_08230,Moderate Illness,2,0.421,0.4814,0.5953,25.718,1.387,26.412,61.866,6.41,0.0244,0.0646
PHB_04707,Healthy,0,0.8947,0.1666,0.8425,24.171,0.9755,26.676,73.23,6.669,0.0182,0.0486
PHB_06913,Moderate Illness,2,0.5024,0.5567,0.6783,26.733,1.2595,25.079,61.656,6.59,0.046,0.0639
PHB_03370,Early Disease,1,0.6683,0.4021,0.8355,25.425,1.2267,23.441,67.173,6.354,0.0408,0.0688
PHB_07584,Severe Disease,3,0.3921,0.7629,0.421,27.112,1.3622,26.397,59.997,6.423,0.0742,0.0622
PHB_02533,Moderate Illness,2,0.6048,0.4591,0.5512,25.85,1.2236,23.236,68.703,6.676,0.0628,0.0655
PHB_04056,Severe Disease,3,0.2178,0.7803,0.5628,26.094,1.2937,27.719,61.427,6.171,0.0605,0.069
PHB_02315,Early Disease,1,0.5839,0.3878,0.7225,25.289,1.2154,23.84,67.459,6.606,0.033,0.0601
PHB_06654,Moderate Illness,2,0.4989,0.5985,0.5113,26.827,1.3316,24.961,65.632,6.291,0.0554,0.0601
PHB_06886,Severe Disease,3,0.3817,0.6554,0.3954,27.092,1.4269,25.022,59.619,5.879,0.0501,0.0729
PHB_05938,Early Disease,1,0.6558,0.3343,0.745,24.931,1.1606,27.017,62.822,6.505,0.0451,0.0489
PHB_02816,Moderate Illness,2,0.541,0.5109,0.5388,25.27,1.2694,26.396,66.071,6.131,0.0489,0.0503
PHB_03438,Early Disease,1,0.7043,0.2929,0.6218,24.884,1.2867,26.362,71.235,6.504,0.0373,0.0524
PHB_03881,Moderate Illness,2,0.4958,0.5333,0.5438,26.253,1.2353,25.033,66.17,6.071,0.0341,0.0588
PHB_04158,Healthy,0,0.8195,0.0757,0.8023,25.344,1.1939,22.341,55.355,6.259,0.0271,0.0297
PHB_00067,Moderate Illness,2,0.4474,0.465,0.5583,27.545,1.2874,30.386,71.84,6.271,0.053,0.0579
PHB_07867,Healthy,0,0.8334,0.1362,0.8611,25.818,1.0001,23.921,67.99,6.082,0.0232,0.0555
PHB_00617,Moderate Illness,2,0.4427,0.6211,0.7694,25.934,1.3431,26.72,69.649,6.327,0.0663,0.0516
PHB_01119,Early Disease,1,0.7939,0.3355,0.7646,24.16,1.269,25.275,65.815,6.288,0.0443,0.0646
PHB_03261,Healthy,0,0.7486,0.0636,1.0178,23.502,0.8956,26.151,65.761,6.053,0.0215,0.0179
PHB_03402,Severe Disease,3,0.3774,0.7361,0.4985,27.949,1.3893,25.186,59.953,6.175,0.0746,0.0848
PHB_03693,Healthy,0,0.863,0.0922,0.8923,25.222,1.2142,27.054,69.083,6.469,0.0171,0.0445
PHB_00938,Healthy,0,0.7073,0.1161,0.9191,25.162,1.0987,28.66,63.554,6.252,0.0065,0.0278
PHB_06605,Moderate Illness,2,0.5678,0.5085,0.6566,27.139,1.0682,25.451,60.462,5.922,0.0462,0.0561
PHB_02573,Severe Disease,3,0.273,0.7548,0.3866,27.033,1.3193,23.15,60.312,5.856,0.0643,0.0546
PHB_07537,Moderate Illness,2,0.5398,0.4957,0.5849,26.415,1.35,23.305,61.096,6.146,0.061,0.0597
PHB_06325,Moderate Illness,2,0.5225,0.573,0.5891,27.041,1.2109,25.59,75.893,6.376,0.0482,0.05
PHB_00623,Severe Disease,3,0.3068,0.7648,0.4691,28.356,1.2345,23.446,60.331,5.892,0.0595,0.0613
PHB_01682,Severe Disease,3,0.4791,0.6789,0.5637,26.786,1.4921,25.802,76.165,6.564,0.0507,0.0719
PHB_02127,Early Disease,1,0.6654,0.209,0.8128,24.945,1.2236,26.029,61.993,6.465,0.0329,0.0393
PHB_00788,Early Disease,1,0.727,0.3133,0.6627,25.069,0.957,25.556,75.475,6.623,0.0432,0.0253
PHB_03333,Healthy,0,0.7243,0.0644,0.9236,24.365,1.1922,24.791,48.357,6.645,0.0209,0.0304
PHB_07237,Early Disease,1,0.6848,0.3604,0.7597,26.573,1.3098,23.347,70.871,6.59,0.0418,0.0539
PHB_01093,Early Disease,1,0.644,0.3045,0.7983,25.554,1.1701,23.13,66.312,6.242,0.0395,0.0537
PHB_09104,Moderate Illness,2,0.502,0.4978,0.6738,27.612,1.7198,25.72,76.957,6.781,0.0526,0.0763
PHB_05021,Severe Disease,3,0.4137,0.6638,0.4873,27.779,1.2059,23.806,61.774,6.061,0.0769,0.0652
PHB_09354,Moderate Illness,2,0.6439,0.5114,0.6538,27.033,1.3171,28.657,66.288,6.427,0.0435,0.058
PHB_05945,Healthy,0,0.9354,0.2693,0.8083,24.753,1.1473,24.89,56.262,6.38,0.0173,0.0283
PHB_03281,Moderate Illness,2,0.5584,0.4911,0.5561,26.625,1.1398,22.562,70.29,6.469,0.0442,0.0438
PHB_08187,Early Disease,1,0.7891,0.3355,0.7708,25.141,1.3181,21.721,70.727,6.531,0.0383,0.0481
PHB_02202,Severe Disease,3,0.3578,0.6718,0.4286,26.866,1.3118,29.275,51.372,6.261,0.0557,0.0629
PHB_01161,Healthy,0,0.8274,0.0966,0.8869,22.874,1.1308,23.794,73.246,6.045,0.0231,0.0599
PHB_05582,Early Disease,1,0.6887,0.2714,0.745,26.394,1.3078,21.452,66.503,6.275,0.0197,0.0599
PHB_03593,Severe Disease,3,0.2538,0.784,0.4254,27.606,1.1823,28.149,77.715,6.257,0.0573,0.0718
PHB_03953,Severe Disease,3,0.3518,0.7934,0.4783,25.777,1.4608,22.42,66.037,5.95,0.0585,0.0819
PHB_09692,Healthy,0,0.7443,0.1548,1.0192,25.105,0.9903,28.551,69.208,6.269,0.0278,0.0298
PHB_06248,Severe Disease,3,0.3107,0.6706,0.4835,26.621,1.3469,23.718,73.057,6.208,0.0531,0.0604
PHB_04154,Early Disease,1,0.661,0.2691,0.7558,24.863,1.1561,21.601,60.108,6.392,0.0528,0.0648
PHB_00479,Moderate Illness,2,0.5043,0.5381,0.7017,26.084,1.3329,25.995,63.121,6.366,0.0515,0.0529
PHB_01353,Early Disease,1,0.661,0.3681,0.8417,26.766,1.3432,23.08,62.958,6.132,0.0284,0.0461
PHB_04310,Moderate Illness,2,0.3788,0.5879,0.5677,26.362,1.5734,23.68,74.897,6.019,0.0601,0.0427
PHB_05699,Severe Disease,3,0.329,0.6702,0.4635,28.546,1.3152,25.678,51.739,6.216,0.0604,0.0735
PHB_02648,Severe Disease,3,0.3375,0.655,0.4682,28.042,1.4482,22.422,57.222,6.189,0.0526,0.0735
PHB_08461,Severe Disease,3,0.3756,0.7118,0.3919,27.455,1.533,24.005,72.875,6.473,0.0404,0.0763
PHB_08199,Early Disease,1,0.6525,0.2643,0.7667,25.626,1.2822,25.485,77.004,6.287,0.0307,0.0499
PHB_07690,Early Disease,1,0.6511,0.2507,0.7584,24.603,1.0538,26.096,70.611,6.427,0.0534,0.0371
PHB_09258,Severe Disease,3,0.3338,0.7165,0.4588,27.922,1.2643,23.778,64.932,6.353,0.0697,0.0724
PHB_02590,Early Disease,1,0.7064,0.2424,0.7151,26.294,1.0463,24.624,63.205,6.682,0.0623,0.0758
PHB_01034,Severe Disease,3,0.3202,0.7402,0.5047,28.115,1.3607,27.32,67.726,6.421,0.0636,0.0664
PHB_04687,Early Disease,1,0.7804,0.2632,0.6601,25.818,1.245,24.648,58.662,6.435,0.0451,0.0631
PHB_05012,Moderate Illness,2,0.4009,0.4729,0.8009,25.947,1.1705,25.24,55.535,6.129,0.0397,0.0625
PHB_02599,Severe Disease,3,0.3449,0.7842,0.5296,27.337,1.497,24.663,59.139,5.831,0.0582,0.0888
PHB_05820,Early Disease,1,0.6222,0.2978,0.8147,24.192,1.1544,26.659,68.248,6.083,0.0223,0.0625
PHB_04609,Healthy,0,0.6442,0.0242,0.7981,23.928,1.0227,26.704,73.491,6.182,0.0359,0.0096
PHB_08471,Early Disease,1,0.7118,0.3174,0.6256,26.19,1.4408,23.429,49.672,6.277,0.044,0.053
PHB_09041,Healthy,0,0.8512,0.0419,0.9235,25.385,0.842,21.474,65.11,6.408,0.0257,0.0453
PHB_07451,Healthy,0,0.8099,0.0892,0.7347,24.639,1.3082,23.079,67.611,6.45,0.0366,0.0206
PHB_04672,Early Disease,1,0.6242,0.4598,0.7371,25.036,1.1852,25.045,71.606,6.305,0.0322,0.0643
PHB_05584,Moderate Illness,2,0.4863,0.5782,0.5581,26.957,1.3467,23.202,69.694,6.708,0.0457,0.0487
PHB_03718,Severe Disease,3,0.2886,0.6958,0.4392,26.103,1.3235,24.79,67.586,6.152,0.0521,0.0751
PHB_09328,Healthy,0,0.7552,0.0865,1.0319,23.755,1.7742,23.628,64.182,6.617,0.0296,0.0243
PHB_03929,Healthy,0,0.8017,0.1196,0.8212,24.568,0.9153,27.814,63.02,6.452,0.0195,0.0522
PHB_03618,Healthy,0,0.7781,0.1517,0.8292,24.635,1.1567,24.463,53.818,6.63,0.0353,0.0299
PHB_01426,Early Disease,1,0.6539,0.28,0.8066,25.719,1.0858,26.344,67.153,6.221,0.0439,0.0526
PHB_09379,Early Disease,1,0.6786,0.2421,0.8341,24.779,1.2286,30.935,71.079,6.309,0.0417,0.0351
PHB_02920,Moderate Illness,2,0.5422,0.5896,0.6105,27.1,1.4653,23.811,65.528,6.462,0.0577,0.0831
PHB_03820,Severe Disease,3,0.3082,0.6774,0.4267,26.344,1.3601,22.912,52.882,6.214,0.0642,0.0683
PHB_01872,Early Disease,1,0.6908,0.352,0.78,25.358,1.0956,21.77,56.152,6.474,0.0109,0.0703
PHB_05488,Healthy,0,0.8458,0.0535,0.8202,24.151,0.9929,26.722,58.744,6.429,0.0328,0.0307
PHB_00481,Early Disease,1,0.7068,0.3186,0.796,25.289,1.2097,22.32,76.93,6.579,0.0336,0.0548
PHB_05973,Moderate Illness,2,0.461,0.428,0.5955,26.029,1.2702,26.261,63.851,6.683,0.0483,0.0546
PHB_09601,Moderate Illness,2,0.6346,0.4998,0.534,27.116,1.4471,27.878,60.495,6.273,0.0626,0.0673
PHB_02889,Healthy,0,0.7778,0.0745,0.8659,25.525,0.878,24.916,77.605,6.5,0.0037,0.0364
PHB_06687,Severe Disease,3,0.2579,0.5802,0.5637,27.227,1.3647,26.806,59.934,6.062,0.071,0.0938
PHB_06316,Moderate Illness,2,0.5664,0.4583,0.6154,26.608,1.1576,24.939,75.073,5.884,0.0416,0.0491
PHB_00528,Severe Disease,3,0.3437,0.7046,0.4265,26.558,1.3679,22.192,68.766,6.037,0.0697,0.0775
PHB_04130,Severe Disease,3,0.2697,0.7176,0.327,27.555,1.3275,25.004,68.121,6.233,0.0555,0.0852
PHB_00723,Healthy,0,0.8379,0.1118,1.0269,22.968,1.0726,27.815,69.499,6.256,0.008,0.0173
PHB_05121,Moderate Illness,2,0.5241,0.5368,0.5983,27.003,1.4205,22.45,65.821,6.377,0.0627,0.0655
PHB_04723,Early Disease,1,0.7744,0.2735,0.6702,25.781,1.1431,26.744,58.359,6.725,0.0323,0.0514
PHB_00221,Early Disease,1,0.7272,0.3364,0.7974,25.381,1.1262,26.271,60.947,6.238,0.0348,0.0404
PHB_09189,Severe Disease,3,0.4176,0.7474,0.5203,26.214,1.4187,23.333,62.166,6.446,0.0497,0.076
PHB_01936,Healthy,0,0.8712,0.0888,0.9212,24.896,1.1446,26.609,69.738,5.956,0.0165,0.0256
PHB_00345,Severe Disease,3,0.3034,0.6672,0.497,28.193,1.3305,24.796,61.704,6.022,0.0556,0.0459
PHB_08333,Healthy,0,0.7974,0.0811,0.8508,24.251,0.9545,25.798,52.561,6.465,0.043,0.0504
PHB_09675,Early Disease,1,0.7145,0.2464,0.6302,24.519,1.2244,27.024,64.457,6.217,0.0477,0.0569
PHB_04484,Healthy,0,0.8004,0.2182,0.81,24.606,1.0277,27.521,76.438,6.725,0.0303,0.0502
PHB_09707,Severe Disease,3,0.3621,0.6371,0.4094,27.215,1.2448,24.833,56.836,6.268,0.0627,0.0573
PHB_08487,Severe Disease,3,0.4412,0.8337,0.4507,27.079,1.5065,25.803,57.617,6.118,0.0546,0.0764
PHB_09217,Severe Disease,3,0.2853,0.671,0.4009,26.64,1.5281,30.228,52.922,6.186,0.0734,0.0742
PHB_06904,Early Disease,1,0.6012,0.3591,0.7408,25.426,1.3302,26.669,70.887,6.351,0.0139,0.0379
PHB_09155,Early Disease,1,0.7125,0.2084,0.8251,23.995,1.2016,22.913,69.721,6.317,0.0202,0.0415
PHB_05961,Healthy,0,0.8068,0.2993,0.8269,24.181,1.1285,26.358,74.822,6.598,0.023,0.0476
PHB_07035,Healthy,0,0.9187,0.1165,1.0168,23.521,1.2831,26.783,67.151,6.443,0.0168,0.0387
PHB_06052,Moderate Illness,2,0.5054,0.4016,0.6195,26.38,1.1258,26.269,67.126,6.179,0.0736,0.0572
PHB_02392,Severe Disease,3,0.293,0.7058,0.4053,25.529,1.5041,23.422,76.634,6.219,0.0611,0.0615
PHB_07182,Early Disease,1,0.629,0.2746,0.6547,25.136,1.2094,23.096,66.109,6.306,0.0323,0.0385
PHB_04329,Severe Disease,3,0.3951,0.6165,0.4661,27.471,1.5352,22.816,60.886,6.136,0.0547,0.0833
PHB_06453,Early Disease,1,0.6098,0.3038,0.6468,24.44,0.8875,27.623,64.058,6.571,0.0463,0.0383
PHB_01984,Healthy,0,0.8254,0.1872,0.8902,25.828,1.0897,24.689,65.591,6.837,0.0227,0.0155
PHB_08247,Healthy,0,0.7546,0.1898,0.9083,24.386,1.129,29.65,62.826,6.419,0.0252,0.0248
PHB_01555,Healthy,0,0.8944,0.214,0.8126,24.153,0.9602,22.506,70.164,6.295,0.0139,0.048
PHB_04851,Healthy,0,0.79,0.1091,0.8594,25.037,1.0146,22.69,62.886,6.494,0.0312,0.0337
PHB_09096,Moderate Illness,2,0.6393,0.5641,0.6523,26.606,1.3446,23.363,72.759,5.879,0.0477,0.0522
PHB_09923,Moderate Illness,2,0.4918,0.5495,0.5622,27.46,1.2869,22.922,61.416,6.455,0.0528,0.0498
PHB_07533,Early Disease,1,0.7371,0.328,0.8321,25.041,1.1565,29.754,74.105,6.228,0.026,0.0209
PHB_06854,Early Disease,1,0.7495,0.3146,0.7217,23.901,1.2199,25.125,59.247,6.476,0.0442,0.0542
PHB_04642,Healthy,0,0.9278,0.1266,0.9055,23.898,0.8975,23.909,83.816,6.372,0.039,0.0307
PHB_02882,Healthy,0,0.8328,0.143,0.8926,24.912,1.165,23.471,58.763,6.588,0.0427,0.0344
PHB_01678,Early Disease,1,0.7232,0.2889,0.8389,25.227,1.2197,26.185,63.786,6.052,0.0387,0.0405
PHB_04886,Severe Disease,3,0.3311,0.857,0.455,26.202,1.3849,26.341,71.991,6.336,0.04,0.0617
PHB_01965,Moderate Illness,2,0.5035,0.5289,0.5477,27.813,1.2186,28.913,70.82,5.811,0.0664,0.0578
PHB_00902,Early Disease,1,0.6047,0.331,0.8027,26.45,0.947,26.767,57.786,6.502,0.0231,0.0571
PHB_07131,Early Disease,1,0.681,0.3381,0.7688,26.219,1.0208,24.659,72.776,6.638,0.0241,0.0514
PHB_03069,Moderate Illness,2,0.5238,0.5503,0.531,27.321,1.3134,27.09,67.349,6.095,0.0389,0.0557
PHB_02297,Moderate Illness,2,0.5443,0.4955,0.5845,25.591,1.2292,24.613,64.542,6.385,0.0687,0.0672
PHB_06238,Moderate Illness,2,0.5004,0.5879,0.6738,27.208,1.2157,28.009,61.889,6.268,0.0334,0.0321
PHB_05863,Moderate Illness,2,0.4589,0.5207,0.6761,26.731,1.3297,26.317,58.232,6.023,0.058,0.0705
PHB_00297,Severe Disease,3,0.4026,0.8332,0.4389,26.958,1.495,24.223,65.534,6.207,0.0705,0.0455
PHB_08779,Severe Disease,3,0.3687,0.6612,0.334,25.885,1.4156,24.742,58.605,6.096,0.07,0.0606
PHB_00058,Moderate Illness,2,0.451,0.5023,0.4629,28.29,1.364,24.036,59.641,6.544,0.0491,0.052
PHB_07243,Moderate Illness,2,0.5494,0.4477,0.5877,27.251,1.296,23.71,61.598,5.909,0.0457,0.0622
PHB_04386,Severe Disease,3,0.3076,0.7444,0.3645,27.35,1.5122,23.065,62.146,6.406,0.049,0.0854
PHB_02985,Healthy,0,0.7805,0.1478,0.8595,24.211,1.2028,23.772,58.341,6.91,0.0243,0.0203
PHB_00028,Healthy,0,0.8686,0.1006,1.0095,23.466,0.9405,25.628,65.798,6.398,0.0487,0.0291
PHB_04408,Early Disease,1,0.6265,0.3044,0.7018,26.361,1.1614,26.08,63.449,6.076,0.0256,0.0394
PHB_09878,Severe Disease,3,0.2954,0.6716,0.436,26.376,1.5655,21.139,59.516,6.286,0.0754,0.0785
PHB_02677,Early Disease,1,0.5878,0.3231,0.7801,26.206,1.1346,24.685,67.554,6.303,0.0289,0.0573
PHB_08546,Moderate Illness,2,0.5173,0.5982,0.5975,25.877,1.3196,30.246,70.849,6.326,0.0337,0.0679
PHB_05263,Healthy,0,0.7584,0.0859,0.9067,26.114,1.1778,25.308,78.06,6.538,0.0193,0.0398
PHB_05842,Early Disease,1,0.6202,0.3424,0.7606,24.316,1.2026,28.782,54.925,6.471,0.0447,0.0527
PHB_07022,Severe Disease,3,0.2815,0.6675,0.4848,27.878,1.3162,21.063,60.534,5.95,0.0551,0.0938
PHB_03249,Severe Disease,3,0.2953,0.7659,0.5322,27.655,1.3561,26.213,71.616,6.105,0.0646,0.077
PHB_05668,Severe Disease,3,0.348,0.7059,0.5053,26.461,1.4646,22.415,63.326,6.059,0.0597,0.0853
PHB_03885,Severe Disease,3,0.3667,0.7417,0.4206,26.986,1.1947,22.804,60.315,6.055,0.0635,0.0558
PHB_07664,Severe Disease,3,0.2984,0.7436,0.4711,28.203,1.4211,24.75,69.145,6.471,0.0639,0.051
PHB_00296,Severe Disease,3,0.3154,0.686,0.484,27.441,2.0,25.817,62.132,6.007,0.034,0.0712
PHB_03162,Severe Disease,3,0.2543,0.7239,0.5284,27.901,1.3841,23.239,49.45,6.321,0.0604,0.0799
PHB_02581,Healthy,0,0.7583,0.0702,0.8237,24.638,1.2991,25.776,86.579,6.439,0.009,0.0381
PHB_03871,Early Disease,1,0.6022,0.3641,0.8072,25.539,1.113,25.234,63.835,6.507,0.0388,0.0613
PHB_09211,Severe Disease,3,0.3315,0.7566,0.4299,28.227,1.257,24.673,54.709,6.513,0.0717,0.0749
PHB_04405,Early Disease,1,0.6793,0.3461,0.7159,25.56,1.1509,24.741,65.126,6.166,0.0467,0.0431
PHB_06953,Healthy,0,0.8295,0.1625,0.9592,25.525,1.1686,23.588,74.605,6.588,0.0238,0.026
PHB_00649,Moderate Illness,2,0.4577,0.5426,0.6562,26.744,1.3661,26.883,59.003,6.518,0.0429,0.0589
PHB_01371,Healthy,0,0.8269,0.147,0.9173,23.844,0.9907,20.514,56.679,6.495,0.0305,0.0402
PHB_09856,Healthy,0,0.8743,0.1969,0.8571,22.681,1.0791,27.941,58.918,6.437,0.0308,0.0436
PHB_06993,Severe Disease,3,0.2815,0.8028,0.3649,28.612,1.1969,23.161,63.551,6.313,0.0563,0.076
PHB_05533,Moderate Illness,2,0.5129,0.6659,0.6147,26.699,1.3601,27.761,69.618,6.428,0.0399,0.0617
PHB_09621,Healthy,0,0.967,0.2086,0.9122,23.711,1.1507,20.36,52.529,6.421,0.0149,0.0537
PHB_05709,Healthy,0,0.816,0.0537,0.8737,22.839,1.1883,24.188,50.648,6.581,0.0216,0.0276
PHB_04210,Healthy,0,0.8287,0.0493,0.8779,24.363,1.1774,22.803,67.587,6.297,0.0248,0.0153
PHB_00682,Healthy,0,0.8082,0.0973,0.8555,25.066,1.2271,26.947,69.824,6.419,0.0375,0.0316
PHB_00435,Healthy,0,0.6687,0.1563,0.8197,24.657,1.0791,26.42,75.274,6.31,0.0133,0.0388
PHB_09310,Moderate Illness,2,0.5062,0.4968,0.4252,26.052,1.0952,23.094,69.598,6.107,0.0494,0.0603
PHB_04825,Early Disease,1,0.5601,0.368,0.8097,25.998,1.2706,26.16,58.057,6.321,0.0613,0.0352
PHB_09762,Healthy,0,0.8307,0.1994,0.9954,25.167,1.0191,25.149,63.761,6.686,0.0239,0.0328
PHB_03160,Early Disease,1,0.7123,0.2156,0.7596,25.091,1.1635,24.657,66.217,6.395,0.0388,0.0305
PHB_01490,Early Disease,1,0.6617,0.4078,0.8175,25.846,0.9362,23.388,69.632,6.172,0.0446,0.0294
PHB_02988,Moderate Illness,2,0.5571,0.5034,0.6775,27.327,1.3464,21.903,68.1,6.161,0.0488,0.0492
PHB_00813,Severe Disease,3,0.3836,0.7995,0.5612,27.387,1.3914,27.456,57.092,5.779,0.05,0.0774
PHB_01883,Early Disease,1,0.7027,0.3087,0.7479,25.707,1.1139,22.258,59.871,6.261,0.0457,0.0529
PHB_09268,Severe Disease,3,0.4404,0.6687,0.4633,27.685,1.5634,24.229,57.112,6.368,0.0681,0.0664
PHB_04937,Early Disease,1,0.5984,0.4175,0.7494,26.187,1.5437,24.822,66.015,6.446,0.0324,0.0379
PHB_09936,Early Disease,1,0.7113,0.2609,0.8211,25.023,0.9846,26.876,70.441,6.197,0.0317,0.0367
PHB_01941,Healthy,0,0.8205,0.0983,0.8856,24.714,0.8641,26.209,70.455,6.429,0.0267,0.0382
PHB_03297,Severe Disease,3,0.3492,0.7754,0.4678,27.254,1.4135,22.552,65.343,6.345,0.0501,0.066
PHB_03535,Moderate Illness,2,0.565,0.5301,0.5927,26.824,1.1824,27.406,75.225,5.996,0.0166,0.0515
PHB_04526,Moderate Illness,2,0.5132,0.6184,0.6003,26.266,1.288,24.447,60.2,6.048,0.0492,0.0471
PHB_03730,Severe Disease,3,0.389,0.7456,0.4434,27.474,1.4387,23.11,66.373,5.75,0.0657,0.0898
PHB_07016,Severe Disease,3,0.3979,0.695,0.5069,26.874,1.4701,24.645,61.653,6.385,0.0674,0.0842
PHB_01613,Severe Disease,3,0.3576,0.6918,0.4597,27.23,1.372,25.609,59.209,6.278,0.0928,0.0724
PHB_01182,Healthy,0,0.8786,0.1495,0.9546,26.137,0.931,26.531,66.776,6.087,0.0307,0.0181
PHB_01376,Healthy,0,0.778,0.1919,0.8241,25.071,1.0891,24.077,68.569,6.159,0.0315,0.0291
PHB_09225,Healthy,0,0.8705,0.2106,0.9472,24.602,0.9716,28.494,55.692,6.469,0.0333,0.0378
PHB_03947,Healthy,0,0.7887,0.03,0.8188,24.553,1.1762,23.697,66.721,6.957,0.0192,0.0532
PHB_07211,Moderate Illness,2,0.4511,0.5966,0.4737,27.662,1.1794,29.763,53.845,5.996,0.03,0.0678
PHB_05212,Healthy,0,0.8816,0.092,0.8397,22.937,1.1693,26.491,68.859,6.375,0.0422,0.0373
PHB_00064,Severe Disease,3,0.3401,0.8361,0.4379,27.196,1.2279,24.482,59.36,6.207,0.0587,0.066
PHB_00627,Severe Disease,3,0.2887,0.7394,0.5694,28.493,1.5051,24.433,65.991,6.487,0.074,0.0689
PHB_04422,Healthy,0,0.8044,0.1381,0.9144,24.615,0.9542,27.93,68.544,6.366,0.0143,0.0246
PHB_01670,Severe Disease,3,0.4059,0.7972,0.3442,27.888,1.4472,26.701,58.291,6.157,0.0765,0.078
PHB_02113,Healthy,0,0.7424,0.0493,0.7472,25.306,1.06,28.882,68.789,6.678,0.0239,0.0189
PHB_05805,Moderate Illness,2,0.4703,0.4828,0.5635,25.622,1.1377,25.874,62.053,6.329,0.0428,0.0661
PHB_09764,Early Disease,1,0.7131,0.3382,0.7443,26.655,1.3939,25.795,64.237,6.505,0.049,0.0607
PHB_04033,Moderate Illness,2,0.5204,0.6032,0.6831,27.589,1.3397,26.41,64.907,6.208,0.0547,0.0745
PHB_06546,Severe Disease,3,0.4601,0.807,0.4957,27.128,1.2305,22.862,54.329,6.445,0.0735,0.0623
PHB_07949,Early Disease,1,0.651,0.2821,0.8027,25.63,1.3713,27.224,68.14,6.2,0.0382,0.046
PHB_00085,Healthy,0,0.8701,0.091,0.8017,25.013,1.1532,30.542,58.726,6.541,0.0074,0.0299
PHB_09181,Early Disease,1,0.6043,0.3331,0.6835,25.673,1.0933,24.876,76.714,6.535,0.0628,0.0635
PHB_01463,Healthy,0,0.85,0.1159,0.914,24.749,1.0467,24.799,73.449,6.308,0.0324,0.0281
PHB_02284,Moderate Illness,2,0.621,0.5694,0.5729,25.771,1.2088,26.394,61.993,6.397,0.0427,0.0442
PHB_02888,Severe Disease,3,0.3895,0.7881,0.484,26.071,1.2818,25.766,64.561,6.211,0.0543,0.0725
PHB_05835,Moderate Illness,2,0.582,0.505,0.4987,26.445,1.0885,26.766,70.471,6.373,0.0275,0.043
PHB_00685,Moderate Illness,2,0.4783,0.5118,0.5655,27.842,1.385,23.492,58.063,6.04,0.0495,0.0593
PHB_04470,Healthy,0,0.8505,0.0928,0.9097,23.701,1.1696,25.551,68.056,6.622,0.0204,0.0458
PHB_00419,Healthy,0,0.7301,0.0582,0.9128,25.028,0.9928,25.707,64.313,6.586,0.03,0.02
PHB_05229,Healthy,0,0.7549,0.1459,0.8384,28.98,1.0552,22.439,60.054,6.583,0.0196,0.0374
PHB_04254,Moderate Illness,2,0.5406,0.4745,0.5571,27.101,1.4191,25.129,69.254,6.218,0.0611,0.0481
PHB_02710,Moderate Illness,2,0.5258,0.4872,0.5874,26.178,1.4278,24.092,63.509,6.356,0.0617,0.0668
PHB_02358,Moderate Illness,2,0.615,0.4914,0.6514,24.999,1.3422,21.522,62.767,6.519,0.0611,0.0701
PHB_08060,Severe Disease,3,0.3976,0.6725,0.4422,26.473,1.4443,24.052,72.633,5.928,0.0648,0.0733
PHB_01367,Healthy,0,0.894,0.109,0.8854,23.587,1.178,26.444,65.53,6.216,0.0217,0.0203
PHB_06278,Moderate Illness,2,0.4788,0.462,0.6445,27.508,1.3601,26.085,76.074,6.611,0.043,0.047
PHB_03917,Moderate Illness,2,0.4813,0.5429,0.5071,26.22,1.3407,23.72,60.78,6.102,0.0275,0.0662
PHB_00294,Healthy,0,0.7234,0.1312,0.9536,25.688,1.0232,25.348,56.77,6.264,0.0195,0.0349
PHB_02640,Healthy,0,0.802,0.2273,0.8488,23.036,1.0269,26.611,56.652,6.331,0.0067,0.051
PHB_09459,Moderate Illness,2,0.5582,0.5991,0.6001,27.681,1.1973,26.2,52.319,6.302,0.0345,0.0398
PHB_01507,Moderate Illness,2,0.5828,0.494,0.4811,26.643,1.3576,25.074,65.488,5.929,0.0535,0.0529
PHB_09038,Moderate Illness,2,0.4066,0.5533,0.7321,27.9,1.3136,27.111,57.365,6.518,0.0405,0.0641
PHB_07394,Moderate Illness,2,0.5204,0.5326,0.5236,26.324,1.2931,25.608,61.628,6.058,0.0477,0.0437
PHB_01635,Severe Disease,3,0.3265,0.7349,0.4774,27.116,1.0872,27.647,76.258,6.105,0.0683,0.0816
PHB_02458,Healthy,0,0.8019,0.0135,0.8866,23.153,1.0176,24.656,76.467,6.419,0.0216,0.0356
PHB_09892,Moderate Illness,2,0.4874,0.568,0.7741,27.408,1.232,25.981,74.908,6.262,0.0582,0.0547
PHB_05559,Moderate Illness,2,0.5441,0.5053,0.6573,26.381,1.1316,26.922,73.393,6.062,0.0466,0.0661
PHB_09752,Severe Disease,3,0.3162,0.7806,0.4108,27.795,1.4978,21.677,59.847,6.388,0.0586,0.0575
PHB_02301,Severe Disease,3,0.4424,0.7333,0.6073,27.056,1.3323,25.133,62.339,6.23,0.0522,0.0675
PHB_04538,Severe Disease,3,0.424,0.6635,0.5671,27.53,1.3978,26.561,63.974,6.21,0.0713,0.0894
PHB_02939,Healthy,0,0.81,0.1936,0.9192,23.325,0.9754,26.054,67.057,6.15,0.0134,0.0299
PHB_01564,Severe Disease,3,0.3643,0.7576,0.4297,31.54,1.3898,23.393,73.046,6.311,0.0497,0.0807
PHB_05690,Severe Disease,3,0.3696,0.7032,0.485,27.369,1.2973,23.092,65.921,6.424,0.0547,0.0724
PHB_08659,Moderate Illness,2,0.4193,0.6707,0.631,25.912,1.3584,22.374,61.845,6.263,0.0531,0.0458
PHB_07518,Moderate Illness,2,0.5426,0.4697,0.5484,25.099,1.2139,25.703,58.085,6.7,0.0508,0.0875
PHB_01980,Healthy,0,0.8286,0.1319,0.8357,23.189,1.1632,26.715,63.597,6.197,0.0239,0.0319
PHB_01884,Moderate Illness,2,0.492,0.4812,0.7389,26.346,1.4021,25.259,57.154,6.27,0.0601,0.0564
PHB_03804,Healthy,0,0.7344,0.0782,1.0094,24.45,1.0681,21.799,63.715,6.157,0.0238,0.0121
PHB_00439,Moderate Illness,2,0.5736,0.5049,0.6073,26.917,1.1811,28.264,60.337,6.102,0.0501,0.0773
PHB_04636,Healthy,0,0.8006,0.106,0.9096,24.233,1.1285,27.828,65.557,6.749,0.0144,0.0212
PHB_04529,Healthy,0,0.7323,0.1178,0.8255,24.507,1.0165,25.139,72.896,6.232,0.0251,0.0405
PHB_04333,Healthy,0,0.8228,0.0989,0.8924,24.526,0.763,25.77,70.427,6.611,0.0325,0.032
PHB_03574,Early Disease,1,0.6994,0.267,0.6827,24.86,1.1347,24.631,64.709,6.217,0.0285,0.0436
PHB_08742,Moderate Illness,2,0.5353,0.4379,0.5895,27.029,1.3032,25.983,58.401,6.118,0.039,0.05
PHB_08912,Moderate Illness,2,0.5297,0.5182,0.5721,27.179,1.509,23.293,68.091,6.225,0.0642,0.0535
PHB_04818,Moderate Illness,2,0.4479,0.6004,0.6248,27.179,1.1444,27.407,62.443,6.528,0.0339,0.0307
PHB_06436,Early Disease,1,0.6349,0.3962,0.8138,24.934,1.1146,22.098,62.716,6.364,0.0248,0.0799
PHB_02987,Healthy,0,0.7657,0.1384,0.9125,24.334,1.0984,22.295,64.022,6.264,0.0205,0.0181
PHB_07839,Moderate Illness,2,0.3764,0.5019,0.553,26.45,1.1562,26.296,63.153,5.951,0.023,0.065
PHB_00705,Early Disease,1,0.6814,0.4776,0.7519,26.132,1.1816,24.539,63.34,6.575,0.0447,0.0411
PHB_02281,Early Disease,1,0.6449,0.248,0.6249,24.673,1.2947,26.572,54.349,6.415,0.0331,0.025
PHB_08735,Severe Disease,3,0.3412,0.7278,0.6461,26.698,1.4156,25.053,54.077,6.797,0.0495,0.0667
PHB_04148,Moderate Illness,2,0.4269,0.6138,0.6251,26.153,1.2138,25.845,70.064,6.262,0.0525,0.0419
PHB_05413,Early Disease,1,0.7501,0.3424,0.7964,25.641,1.3198,22.574,57.237,6.148,0.041,0.048
PHB_00374,Early Disease,1,0.6555,0.3267,0.8395,25.53,1.2073,26.366,70.904,6.343,0.0368,0.0545
PHB_06406,Moderate Illness,2,0.5098,0.537,0.4749,25.038,1.2641,25.385,73.215,6.22,0.0562,0.0628
PHB_09224,Moderate Illness,2,0.5204,0.4493,0.6863,26.718,1.4405,23.83,73.037,6.375,0.0476,0.08
PHB_02586,Early Disease,1,0.6516,0.3103,0.73,24.729,1.0734,21.327,65.603,6.205,0.0467,0.0499
PHB_01333,Moderate Illness,2,0.467,0.4975,0.583,25.588,1.2066,24.369,66.5,6.48,0.0575,0.0649
PHB_09573,Early Disease,1,0.5901,0.2853,0.8323,25.866,1.0543,29.035,60.305,6.499,0.0349,0.0553
PHB_05283,Severe Disease,3,0.2684,0.7056,0.4269,27.777,1.3053,19.022,67.04,5.946,0.0615,0.0527
PHB_09132,Moderate Illness,2,0.6857,0.5121,0.6043,25.76,1.0804,26.262,59.183,6.239,0.0509,0.0494
PHB_08316,Moderate Illness,2,0.5574,0.6035,0.5562,25.918,1.4061,25.86,72.141,5.951,0.0332,0.041
PHB_09810,Severe Disease,3,0.412,0.7102,0.497,28.002,1.7669,26.952,73.075,5.951,0.0543,0.0764
PHB_01785,Healthy,0,0.824,0.2505,0.9181,24.995,1.467,20.384,65.559,6.202,0.0167,0.0475
PHB_03183,Early Disease,1,0.6139,0.3238,0.7115,24.936,1.1617,28.976,68.763,6.479,0.0483,0.0733
PHB_00495,Severe Disease,3,0.3865,0.7142,0.4342,28.099,1.5247,23.823,60.972,6.368,0.0749,0.0932
PHB_07364,Severe Disease,3,0.3291,0.6006,0.4532,26.729,1.3412,24.019,65.551,6.248,0.0495,0.079
PHB_02861,Early Disease,1,0.6435,0.3123,0.7401,25.436,1.0099,28.314,69.085,6.512,0.0252,0.0487
PHB_07930,Moderate Illness,2,0.5394,0.5156,0.5005,25.111,1.0143,28.81,64.493,6.008,0.0432,0.0572
PHB_04042,Severe Disease,3,0.3301,0.7524,0.4979,26.121,1.3247,22.365,60.004,6.265,0.0651,0.0587
PHB_07179,Severe Disease,3,0.3473,0.744,0.4797,26.404,1.3353,24.488,70.262,6.152,0.0541,0.066
PHB_02898,Healthy,0,0.7979,0.1547,0.927,24.954,0.8882,26.002,55.27,6.376,0.0253,0.0097
PHB_00367,Severe Disease,3,0.3528,0.6352,0.5326,27.714,1.5554,30.042,59.825,6.184,0.071,0.0557
PHB_00850,Severe Disease,3,0.4047,0.7123,0.4594,25.745,1.4501,26.926,75.015,6.059,0.037,0.0646
PHB_07441,Severe Disease,3,0.3595,0.6359,0.5591,27.441,1.4735,19.581,66.271,6.124,0.0688,0.0821
PHB_09455,Moderate Illness,2,0.4907,0.5092,0.5652,24.642,1.408,27.358,75.183,6.438,0.0408,0.0519
PHB_04302,Moderate Illness,2,0.6141,0.5613,0.537,26.927,1.206,27.2,65.108,6.345,0.0309,0.0586
PHB_02654,Moderate Illness,2,0.5183,0.5317,0.5346,25.544,1.5548,24.733,56.651,6.321,0.048,0.0658
PHB_03504,Moderate Illness,2,0.5205,0.576,0.6801,26.111,1.1469,28.528,71.236,6.441,0.0437,0.0673
PHB_01542,Healthy,0,0.827,0.1468,0.8703,25.421,1.2358,21.469,58.332,6.07,0.0384,0.0449
PHB_04166,Healthy,0,0.8003,0.3088,0.7668,26.168,0.987,24.504,65.217,6.347,0.0245,0.0331
PHB_08867,Healthy,0,0.7452,0.178,0.8683,23.534,1.2751,23.185,63.718,6.28,0.0273,0.0421
PHB_00323,Early Disease,1,0.6693,0.4175,0.7599,24.179,1.0783,29.366,61.045,6.0,0.0345,0.0369
PHB_02032,Moderate Illness,2,0.474,0.548,0.5449,26.364,1.2981,25.569,80.874,6.454,0.0582,0.0447
PHB_00814,Moderate Illness,2,0.4699,0.5311,0.6852,26.127,1.4179,25.027,58.176,6.02,0.0409,0.0461
PHB_08940,Severe Disease,3,0.3519,0.6812,0.4193,28.623,1.8179,26.23,69.368,6.013,0.0623,0.0884
PHB_09376,Healthy,0,0.8756,0.1266,0.8029,24.971,1.249,22.285,62.599,6.041,0.0159,0.0503
PHB_01080,Early Disease,1,0.6518,0.2369,0.7467,25.885,1.1568,23.911,66.672,6.165,0.0453,0.0427
PHB_02227,Moderate Illness,2,0.5042,0.6011,0.5913,26.809,1.2187,26.667,60.72,6.238,0.0642,0.041
PHB_09137,Early Disease,1,0.5775,0.3762,0.7713,24.091,1.2428,29.224,68.992,6.389,0.0374,0.0431
PHB_09532,Moderate Illness,2,0.4965,0.4937,0.6239,26.681,1.106,24.797,76.872,6.229,0.0483,0.0633
PHB_02706,Early Disease,1,0.6575,0.3494,0.8541,25.338,1.1756,23.27,68.621,6.495,0.0184,0.0447
PHB_06825,Moderate Illness,2,0.5553,0.5581,0.6214,25.576,1.3225,27.779,66.365,6.382,0.0403,0.0642
PHB_07557,Early Disease,1,0.6903,0.1651,0.7378,24.951,1.1947,24.536,71.184,6.578,0.0293,0.0492
PHB_01165,Healthy,0,0.7404,0.1932,0.7808,24.827,1.1964,25.238,56.842,6.646,0.0257,0.0523
PHB_03262,Moderate Illness,2,0.5512,0.6146,0.732,27.014,1.357,24.654,60.671,6.506,0.0346,0.0562
PHB_04688,Early Disease,1,0.6759,0.4836,0.7962,24.614,1.0248,23.538,71.41,6.818,0.0372,0.0411
PHB_01451,Severe Disease,3,0.3249,0.7303,0.3734,25.925,1.4525,24.26,64.844,6.59,0.0612,0.0799
PHB_03863,Moderate Illness,2,0.5465,0.4519,0.5919,25.299,1.2508,26.973,72.905,6.066,0.0291,0.072
PHB_06104,Severe Disease,3,0.3377,0.7162,0.2986,27.685,1.3837,26.438,66.329,6.746,0.0525,0.0808
PHB_09216,Moderate Illness,2,0.5208,0.4453,0.6267,26.379,1.3352,25.208,56.926,6.545,0.0472,0.0721
PHB_07121,Early Disease,1,0.565,0.3063,0.6877,24.758,1.004,24.775,69.977,6.31,0.0426,0.0472
PHB_06399,Moderate Illness,2,0.5283,0.4279,0.6708,26.092,1.226,24.147,53.411,6.289,0.0451,0.0615
PHB_09589,Severe Disease,3,0.3308,0.7277,0.5512,30.78,1.2582,25.117,79.404,5.998,0.05,0.0651
PHB_06215,Healthy,0,0.8126,0.1394,0.9169,24.887,0.9993,26.232,60.319,6.469,0.0276,0.0488
PHB_09646,Early Disease,1,0.6934,0.3605,0.797,26.157,1.2084,23.966,70.205,6.572,0.0406,0.0388
PHB_05337,Moderate Illness,2,0.4046,0.5305,0.5242,26.294,1.35,26.051,67.765,6.261,0.0569,0.0407
PHB_04057,Early Disease,1,0.7274,0.2787,0.7037,24.548,1.2045,22.44,69.225,6.19,0.0487,0.0577
PHB_09512,Early Disease,1,0.6093,0.2872,0.8086,26.184,1.3292,24.206,69.452,6.57,0.0403,0.0368
PHB_03000,Healthy,0,0.8206,0.0334,0.8773,24.895,1.1299,27.732,67.804,6.317,0.0115,0.0158
PHB_09025,Moderate Illness,2,0.5154,0.5078,0.4666,25.499,1.3947,26.878,62.01,6.633,0.0541,0.0474
PHB_01232,Moderate Illness,2,0.5286,0.521,0.5372,26.43,1.0742,24.097,59.272,6.349,0.0502,0.076
PHB_01515,Severe Disease,3,0.2842,0.8106,0.568,28.277,1.5154,24.768,79.572,6.383,0.062,0.0797
PHB_02314,Healthy,0,0.7892,0.1372,0.9085,24.612,0.9196,22.64,75.734,6.442,0.0082,0.0359
PHB_01452,Moderate Illness,2,0.8179,0.6453,0.7306,23.762,1.4067,23.428,65.727,6.054,0.0441,0.0643
PHB_05268,Severe Disease,3,0.3579,0.7265,0.5474,28.568,1.3206,21.12,66.003,6.055,0.062,0.0684
PHB_06132,Moderate Illness,2,0.5309,0.5403,0.6356,27.576,1.3321,27.321,44.625,6.333,0.0524,0.0722
PHB_08532,Healthy,0,0.8103,0.1612,0.8533,24.905,1.2642,21.418,55.005,6.27,0.018,0.029
PHB_06465,Moderate Illness,2,0.4568,0.5213,0.5959,27.116,1.3177,26.197,53.47,6.172,0.0515,0.0514
PHB_00839,Early Disease,1,0.7216,0.394,0.7246,25.565,1.1176,23.385,72.199,6.677,0.0355,0.0565
PHB_09916,Early Disease,1,0.6526,0.3447,0.6661,24.4,1.0581,24.488,68.207,6.181,0.0518,0.0564
PHB_08262,Healthy,0,0.9187,0.1494,0.783,26.54,0.8213,22.525,68.625,6.715,0.0188,0.0356
PHB_06415,Moderate Illness,2,0.5663,0.6021,0.5564,27.019,1.1958,25.02,69.295,6.28,0.0522,0.043
PHB_08505,Moderate Illness,2,0.4826,0.556,0.6369,26.579,1.2303,26.596,64.86,6.441,0.0436,0.0526
PHB_03568,Early Disease,1,0.6152,0.3024,0.7418,24.756,1.1403,26.007,64.045,5.889,0.044,0.0678
PHB_09265,Healthy,0,0.8221,0.1574,0.9819,23.308,1.149,24.846,59.909,6.186,0.0259,0.0378
PHB_03088,Early Disease,1,0.7243,0.3884,0.7128,26.063,1.2029,25.17,62.499,6.211,0.036,0.0523
PHB_08644,Early Disease,1,0.7079,0.2074,0.6527,26.37,1.2783,20.797,58.725,6.146,0.0347,0.0474
PHB_01715,Early Disease,1,0.6344,0.1787,0.9003,24.071,1.1861,23.299,62.591,6.485,0.0295,0.0421
PHB_00340,Severe Disease,3,0.3255,0.6808,0.3471,28.432,1.4698,24.46,61.249,5.823,0.0586,0.0542
PHB_09564,Moderate Illness,2,0.5062,0.562,0.7004,25.721,1.3139,25.971,64.796,5.994,0.0481,0.0652
PHB_05943,Healthy,0,0.8787,0.1217,0.7986,25.021,1.2865,26.924,73.452,6.738,0.0309,0.063
PHB_09870,Severe Disease,3,0.372,0.6872,0.3593,27.489,1.2883,24.362,64.612,6.055,0.0493,0.0532
PHB_08103,Moderate Illness,2,0.4848,0.4398,0.4641,25.708,1.2411,25.388,68.382,6.085,0.0414,0.076
PHB_08489,Severe Disease,3,0.3278,0.7289,0.5021,26.742,1.2871,27.504,57.516,6.154,0.0578,0.0659
PHB_00589,Healthy,0,0.8104,0.0852,0.8848,24.372,1.0028,26.5,58.82,6.131,0.0174,0.042
PHB_03366,Early Disease,1,0.7242,0.4198,0.815,25.057,1.1049,22.836,78.918,6.12,0.0506,0.0344
PHB_02671,Moderate Illness,2,0.5861,0.4471,0.58,26.686,1.3491,29.984,72.937,6.371,0.0512,0.0747
PHB_03590,Early Disease,1,0.6797,0.2667,0.6391,25.671,1.1812,23.076,70.46,6.253,0.0516,0.061
PHB_00035,Early Disease,1,0.5766,0.4355,0.7685,26.091,1.3759,23.304,53.798,6.413,0.0544,0.0664
PHB_00029,Healthy,0,0.8383,0.0732,0.7526,24.34,1.1699,26.119,71.869,6.776,0.0401,0.0389
PHB_08554,Moderate Illness,2,0.5219,0.3806,0.5499,26.113,1.43,26.204,61.95,6.352,0.0301,0.0632
PHB_08118,Early Disease,1,0.7149,0.341,0.6877,25.811,1.2997,23.399,70.015,5.866,0.0479,0.0687
PHB_02171,Early Disease,1,0.7674,0.3555,0.7981,23.635,0.9669,26.375,71.425,6.023,0.0259,0.0469
PHB_08378,Severe Disease,3,0.3389,0.6892,0.4382,26.659,1.3579,24.709,58.639,6.197,0.0437,0.0773
PHB_05621,Early Disease,1,0.7202,0.2295,0.7398,24.606,1.2558,24.266,61.881,6.129,0.0455,0.0358
PHB_00890,Moderate Illness,2,0.5053,0.5827,0.5223,26.71,1.3232,29.527,73.026,6.149,0.0502,0.0768
PHB_06490,Severe Disease,3,0.356,0.7143,0.4818,26.983,1.3578,24.216,60.02,6.303,0.0607,0.0955
PHB_03323,Moderate Illness,2,0.635,0.4141,0.5208,27.654,1.19,24.26,70.786,6.404,0.0601,0.049
PHB_09397,Moderate Illness,2,0.5255,0.5542,0.5416,27.262,1.3649,26.745,72.494,6.359,0.0562,0.0614
PHB_03515,Severe Disease,3,0.381,0.7504,0.5357,28.004,1.3231,28.123,58.532,6.225,0.055,0.0688
PHB_04421,Early Disease,1,0.6494,0.3531,0.7376,25.914,0.8803,24.996,76.691,6.054,0.0407,0.0295
PHB_08352,Severe Disease,3,0.3192,0.6885,0.4268,26.404,1.2572,26.917,52.597,6.305,0.0678,0.0708
PHB_05362,Healthy,0,0.8651,0.0985,0.9591,24.044,0.971,26.685,71.348,6.768,0.0249,0.0143
PHB_03734,Moderate Illness,2,0.5201,0.5408,0.5687,27.215,1.1745,25.523,58.762,6.437,0.0578,0.0585
PHB_09464,Healthy,0,0.8158,0.0092,0.9537,24.989,1.1494,27.462,61.429,6.531,0.0104,0.0295
PHB_07082,Severe Disease,3,0.2639,0.8049,0.3425,27.494,1.3554,26.488,63.327,5.734,0.0509,0.1
PHB_01655,Severe Disease,3,0.282,0.7346,0.2332,28.124,1.209,24.39,64.234,6.28,0.0595,0.0756
PHB_05033,Healthy,0,0.7204,0.1661,0.9305,23.9,1.092,24.307,76.432,6.192,0.0285,0.0416
PHB_00224,Severe Disease,3,0.3046,0.7534,0.5399,28.457,1.4135,25.441,62.545,6.242,0.0451,0.0813
PHB_08626,Healthy,0,0.9165,0.1317,0.8988,24.791,1.1565,24.982,64.865,6.533,0.0255,0.0286
PHB_06195,Healthy,0,0.8058,0.2022,0.9033,24.444,1.0571,23.911,58.019,6.596,0.0309,0.0427
PHB_01591,Healthy,0,0.6905,0.1128,0.9321,23.78,1.0478,24.45,95.0,6.291,0.0297,0.021
PHB_05983,Severe Disease,3,0.2791,0.7406,0.4717,31.203,1.5312,25.502,66.041,5.91,0.0575,0.0807
PHB_03257,Healthy,0,0.7565,0.0283,1.0131,23.775,1.0593,23.343,69.845,6.592,0.0247,0.052
PHB_06681,Moderate Illness,2,0.475,0.4552,0.4815,26.002,1.5199,30.641,64.091,6.081,0.0434,0.0576
PHB_04771,Moderate Illness,2,0.444,0.4535,0.5307,26.044,1.4903,25.006,50.355,6.57,0.0679,0.0423
PHB_02182,Severe Disease,3,0.312,0.737,0.4723,26.701,1.3064,24.36,56.801,6.456,0.0715,0.0904
PHB_06804,Early Disease,1,0.7162,0.3405,0.7266,24.753,1.1385,21.87,65.873,6.045,0.0375,0.0264
PHB_04914,Severe Disease,3,0.3722,0.7177,0.5042,27.076,1.362,22.81,57.501,6.251,0.0518,0.0835
PHB_06787,Early Disease,1,0.713,0.346,0.7986,25.41,1.1809,22.552,71.022,6.744,0.0249,0.0582
PHB_04790,Moderate Illness,2,0.4684,0.5814,0.5696,26.373,1.5935,24.414,60.893,6.391,0.0654,0.0729
PHB_01210,Early Disease,1,0.5696,0.3798,0.6731,25.35,1.2796,28.292,63.099,6.049,0.0496,0.0521
PHB_00422,Healthy,0,0.7756,0.1616,0.7786,23.594,0.7741,27.35,54.048,6.375,0.0258,0.0174
PHB_08741,Healthy,0,0.8142,0.1014,0.864,25.407,1.1054,31.103,67.079,7.018,0.0176,0.005
PHB_01707,Healthy,0,0.8282,0.1515,0.9108,24.724,0.7744,26.056,68.857,6.478,0.0341,0.0167
PHB_01159,Early Disease,1,0.6343,0.3244,0.668,24.862,1.083,22.854,59.128,6.485,0.054,0.0481
PHB_02307,Moderate Illness,2,0.6131,0.4925,0.5283,26.742,1.3544,24.382,61.081,6.021,0.0544,0.059
PHB_00274,Moderate Illness,2,0.55,0.5761,0.6888,25.453,1.3896,24.699,61.678,6.128,0.0491,0.0617
PHB_00172,Moderate Illness,2,0.5064,0.5415,0.6661,25.4,1.3215,26.386,62.779,6.155,0.0738,0.052
PHB_03957,Severe Disease,3,0.2862,0.6766,0.5816,27.963,1.5778,22.794,68.593,6.145,0.0637,0.0749
PHB_06697,Early Disease,1,0.6255,0.3762,0.7271,24.356,1.0274,24.804,69.067,6.203,0.0518,0.0335
PHB_03189,Healthy,0,0.7858,0.2753,0.8054,23.577,1.1437,26.975,61.102,6.396,0.0287,0.0183
PHB_08133,Severe Disease,3,0.374,0.7963,0.3488,27.577,1.3378,27.638,65.683,6.437,0.0614,0.0917
PHB_04809,Early Disease,1,0.6046,0.285,0.7419,25.232,1.1345,26.661,71.595,6.578,0.0414,0.0756
PHB_08084,Moderate Illness,2,0.4736,0.4229,0.6476,26.561,1.3534,25.045,57.431,6.8,0.0654,0.0612
PHB_01565,Severe Disease,3,0.3174,0.6356,0.3684,26.647,1.5549,24.639,58.647,6.102,0.0517,0.0817
PHB_01783,Early Disease,1,0.6271,0.3676,0.6574,25.923,1.2133,24.897,79.144,6.545,0.0192,0.0437
PHB_00844,Early Disease,1,0.7159,0.2964,0.7733,26.496,1.0688,26.809,64.786,6.465,0.0327,0.0477
PHB_09346,Moderate Illness,2,0.5042,0.6182,0.6316,26.424,1.5314,23.369,60.586,6.398,0.0519,0.0761
PHB_04462,Early Disease,1,0.6634,0.3225,0.693,24.468,1.3719,23.793,70.873,6.366,0.0265,0.0415
PHB_00905,Severe Disease,3,0.3627,0.7238,0.3665,27.756,1.2318,24.677,57.605,6.554,0.0695,0.0685
PHB_05912,Healthy,0,0.852,0.1769,0.8798,23.242,1.109,24.618,66.286,6.338,0.0233,0.0201
PHB_09951,Healthy,0,0.7739,0.1937,0.7102,22.306,0.9485,24.768,63.569,6.346,0.0436,0.0398
PHB_09298,Severe Disease,3,0.4224,0.6852,0.365,27.555,1.4117,24.487,61.029,6.335,0.0533,0.0825
PHB_01548,Severe Disease,3,0.1803,0.7298,0.4146,26.496,1.3702,23.824,64.801,6.312,0.0592,0.0557
PHB_02081,Early Disease,1,0.6113,0.2997,0.7413,24.98,1.3342,22.406,67.876,6.364,0.0239,0.0664
PHB_09882,Healthy,0,0.8319,0.2124,0.8407,24.991,1.1438,24.456,61.861,6.753,0.0318,0.0644
PHB_03986,Healthy,0,0.9055,0.1126,0.8674,24.548,0.9666,27.307,63.334,6.682,0.0339,0.054
PHB_06390,Healthy,0,0.8937,0.1165,0.9608,23.463,1.0621,29.179,83.027,6.153,0.0033,0.041
PHB_07580,Early Disease,1,0.7236,0.3338,0.7321,23.64,1.1415,24.066,66.747,6.424,0.0035,0.0389
PHB_09246,Moderate Illness,2,0.4203,0.6325,0.5813,25.38,1.337,22.436,66.486,6.15,0.0457,0.045
PHB_06568,Moderate Illness,2,0.5095,0.5725,0.6253,26.059,1.1179,24.812,66.967,6.475,0.061,0.0541
PHB_08207,Early Disease,1,0.6926,0.3174,0.7145,24.853,1.1592,29.755,65.66,6.3,0.0361,0.0436
PHB_03821,Severe Disease,3,0.3055,0.6204,0.4196,27.453,1.3505,25.261,70.064,6.16,0.0539,0.0579
PHB_02647,Moderate Illness,2,0.4222,0.4568,0.6746,26.195,1.445,26.328,79.908,6.271,0.051,0.0542
PHB_04455,Moderate Illness,2,0.5977,0.5208,0.7511,25.292,1.5537,26.481,54.867,6.18,0.0565,0.0624
PHB_07160,Healthy,0,0.788,0.1338,0.836,22.784,1.2793,24.252,86.11,6.881,0.0298,0.0161
PHB_08222,Severe Disease,3,0.4147,0.8326,0.553,26.393,1.3788,25.194,65.051,5.801,0.0423,0.0856
PHB_08597,Moderate Illness,2,0.5984,0.5424,0.6308,26.25,1.2924,20.54,61.437,6.295,0.0593,0.067
PHB_09590,Healthy,0,0.7899,0.2148,0.9462,23.494,1.1712,26.183,68.747,6.518,0.0322,0.0302
PHB_06072,Healthy,0,0.7694,0.0819,0.8694,24.459,1.0641,20.99,72.199,6.479,0.0214,0.0344
PHB_02156,Severe Disease,3,0.3557,0.7132,0.3716,29.046,1.3359,25.262,73.787,5.733,0.0592,0.0663
PHB_06713,Early Disease,1,0.6517,0.2473,0.6776,29.066,1.3528,28.331,75.72,5.918,0.0315,0.0325
PHB_03716,Severe Disease,3,0.408,0.6681,0.4554,27.714,1.3874,26.006,71.205,6.283,0.0587,0.0554
PHB_04058,Severe Disease,3,0.3004,0.8999,0.457,28.233,1.3069,25.327,61.696,6.079,0.068,0.0847
PHB_05953,Early Disease,1,0.6737,0.2314,0.7908,26.009,1.3766,25.467,64.931,6.416,0.0332,0.0325
PHB_03103,Severe Disease,3,0.4649,0.8114,0.5426,27.401,1.5831,23.214,60.753,6.052,0.0591,0.079
PHB_00559,Moderate Illness,2,0.495,0.5147,0.6119,25.428,1.4109,23.63,83.148,6.802,0.0505,0.0569
PHB_04611,Severe Disease,3,0.2164,0.7612,0.4103,27.432,1.4602,24.525,58.155,6.012,0.0544,0.0948
PHB_06979,Severe Disease,3,0.4101,0.7358,0.524,28.044,1.6646,22.457,69.698,5.747,0.0658,0.0764
PHB_01437,Healthy,0,0.8593,0.178,0.8293,24.56,1.33,20.649,74.006,6.262,0.0174,0.0319
PHB_00508,Severe Disease,3,0.4608,0.7649,0.5079,27.312,1.3277,25.205,57.995,5.94,0.0732,0.0713
PHB_01870,Severe Disease,3,0.3855,0.5928,0.3901,28.427,1.4188,24.866,66.419,6.12,0.065,0.057
PHB_00756,Healthy,0,0.8702,0.1427,0.9274,25.485,0.9824,22.878,66.252,6.602,0.0149,0.0342
PHB_05420,Early Disease,1,0.7582,0.3689,0.8384,26.869,1.2675,26.923,62.535,6.186,0.0367,0.0554
PHB_04051,Severe Disease,3,0.3043,0.7368,0.516,27.57,1.4503,25.422,65.191,6.062,0.0671,0.0585
PHB_08090,Healthy,0,0.7762,0.1092,0.8983,24.17,1.1444,24.232,74.821,6.445,0.0149,0.0444
PHB_03837,Moderate Illness,2,0.4896,0.5287,0.5337,26.65,1.1963,24.971,68.362,5.867,0.0486,0.0644
PHB_02119,Healthy,0,0.7896,0.122,0.8247,23.648,1.2778,18.389,70.908,6.636,0.0247,0.0202
PHB_06153,Early Disease,1,0.59,0.3112,0.7725,25.207,1.2287,18.929,64.973,6.248,0.0557,0.0435
PHB_07809,Severe Disease,3,0.3911,0.6875,0.505,27.536,1.3541,28.85,81.451,6.15,0.0473,0.0708
PHB_00502,Severe Disease,3,0.3333,0.7763,0.4449,26.904,1.4646,23.059,62.546,6.549,0.0799,0.0662
PHB_06260,Healthy,0,0.897,0.0608,0.8216,24.829,1.119,28.094,68.665,5.992,0.0259,0.0237
PHB_09744,Moderate Illness,2,0.4272,0.4906,0.6719,26.091,1.5054,23.005,54.388,6.307,0.0803,0.0581
PHB_01540,Early Disease,1,0.5822,0.3781,0.7429,23.773,1.4036,24.717,67.139,6.225,0.0175,0.0376
PHB_06142,Healthy,0,0.9035,0.1187,0.6687,24.876,1.0764,27.029,69.839,6.103,0.0264,0.0064
PHB_01212,Severe Disease,3,0.3984,0.6973,0.5168,26.766,1.3406,24.016,64.536,6.076,0.0549,0.066
PHB_09123,Severe Disease,3,0.3172,0.6948,0.3112,28.141,1.4049,24.0,62.72,6.538,0.0513,0.0738
PHB_00673,Severe Disease,3,0.4185,0.6787,0.5349,26.669,1.5352,23.113,70.167,6.192,0.0708,0.072
PHB_03378,Severe Disease,3,0.2753,0.6843,0.4286,27.698,1.5897,22.227,57.586,6.67,0.0733,0.0785
PHB_08784,Early Disease,1,0.7249,0.387,0.7478,24.837,1.2351,25.822,54.07,6.432,0.0455,0.0427
PHB_01465,Moderate Illness,2,0.5073,0.428,0.628,26.032,1.2967,22.352,73.706,6.026,0.0405,0.0418
PHB_01193,Severe Disease,3,0.3477,0.7031,0.5508,28.201,1.2522,26.36,67.701,6.125,0.0632,0.0685
PHB_06985,Early Disease,1,0.6919,0.2147,0.747,25.793,1.2775,24.235,55.205,6.587,0.038,0.0554
PHB_01873,Severe Disease,3,0.4546,0.7231,0.3635,25.812,1.443,22.751,59.345,6.227,0.0546,0.0705
PHB_03591,Severe Disease,3,0.3353,0.7106,0.4278,26.677,1.3032,26.498,67.317,6.139,0.0605,0.0666
PHB_06727,Healthy,0,0.8674,0.2126,0.7483,24.992,1.1878,29.107,75.014,6.095,0.0212,0.0468
PHB_00506,Severe Disease,3,0.3466,0.6646,0.4449,27.858,1.5207,27.216,69.605,6.38,0.0724,0.0714
PHB_08119,Early Disease,1,0.7147,0.2957,0.8113,24.497,1.2878,24.402,66.318,6.2,0.0357,0.0401
PHB_00507,Early Disease,1,0.7579,0.2922,0.7031,24.421,1.269,23.756,66.332,6.653,0.0447,0.0588
PHB_09450,Early Disease,1,0.6317,0.3558,0.7711,24.803,1.3149,24.201,71.753,6.375,0.0375,0.0281
PHB_07132,Moderate Illness,2,0.5401,0.4888,0.5943,26.42,1.4408,27.703,53.58,6.176,0.043,0.0671
PHB_04808,Moderate Illness,2,0.4953,0.5085,0.6078,26.177,1.3894,25.94,59.846,6.009,0.0521,0.0604
PHB_07304,Early Disease,1,0.6836,0.3901,0.8075,24.47,1.1902,24.31,63.23,6.423,0.0349,0.0543
PHB_01774,Severe Disease,3,0.3947,0.779,0.4629,26.402,1.1818,23.287,68.901,6.112,0.0713,0.0507
PHB_06855,Healthy,0,0.851,0.2151,0.7745,24.288,1.1242,25.804,65.896,6.438,0.0275,0.0365
PHB_04907,Severe Disease,3,0.2628,0.7823,0.4614,27.155,1.2974,21.069,59.325,6.063,0.0522,0.0709
PHB_00798,Healthy,0,0.8215,0.1006,0.8865,24.564,1.0132,23.997,67.275,6.938,0.0389,0.0249
PHB_08786,Healthy,0,0.7516,0.2077,0.9149,24.688,0.8521,24.688,62.151,6.759,0.0242,0.0201
PHB_07071,Moderate Illness,2,0.4307,0.5836,0.5937,26.994,1.4382,27.575,63.464,6.218,0.0662,0.042
PHB_02830,Moderate Illness,2,0.5098,0.5738,0.7233,27.905,1.2314,21.904,62.789,6.302,0.0606,0.0476
PHB_09320,Healthy,0,0.7715,0.084,0.7984,24.12,0.9968,22.017,71.816,6.449,0.025,0.0298
PHB_08738,Early Disease,1,0.9719,0.3549,0.7063,23.997,1.2189,23.786,65.4,6.204,0.0442,0.0451
PHB_00313,Healthy,0,0.8289,0.1521,0.87,24.008,1.1541,25.804,78.299,6.646,0.0328,0.0506
PHB_00747,Early Disease,1,0.5729,0.2466,0.7138,24.171,0.9718,24.721,57.088,6.248,0.0538,0.0364
PHB_03570,Early Disease,1,0.7148,0.362,0.6618,23.872,1.154,23.162,60.553,6.429,0.0325,0.0636
PHB_00791,Healthy,0,0.7497,0.0208,0.8158,23.644,1.1611,24.376,67.052,6.678,0.0199,0.0156
PHB_02477,Healthy,0,0.8675,0.1078,0.9142,24.522,1.0525,27.202,71.109,6.285,0.0123,0.0483
PHB_09326,Moderate Illness,2,0.4864,0.4662,0.5626,26.345,1.4512,24.711,71.319,6.192,0.0488,0.0638
PHB_02571,Healthy,0,0.8997,0.0677,0.7443,24.334,1.2419,27.456,55.801,6.661,0.0301,0.0391
PHB_05287,Severe Disease,3,0.3517,0.6924,0.4527,26.906,1.1397,24.547,62.389,6.117,0.062,0.1
PHB_05216,Early Disease,1,0.6522,0.3573,0.7278,25.603,1.3215,24.49,73.958,6.176,0.0176,0.0813
PHB_02164,Early Disease,1,0.6523,0.3314,0.7712,24.25,1.1421,23.81,63.925,5.93,0.0312,0.0859
PHB_06578,Severe Disease,3,0.2878,0.5981,0.5201,28.449,1.3093,22.474,75.539,6.216,0.0493,0.0503
PHB_08450,Severe Disease,3,0.3491,0.7632,0.361,26.997,1.2176,25.037,65.801,6.224,0.0542,0.0784
PHB_00381,Moderate Illness,2,0.5061,0.6052,0.6525,26.794,1.4168,28.123,68.898,6.472,0.0585,0.0707
PHB_08509,Severe Disease,3,0.2731,0.7449,0.4291,28.154,1.5996,24.34,62.522,6.035,0.0656,0.0649
PHB_01293,Moderate Illness,2,0.4877,0.5062,0.5529,25.727,1.1529,22.746,66.034,6.069,0.0627,0.0717
PHB_01913,Severe Disease,3,0.3622,0.7165,0.4158,25.389,1.5551,21.567,60.117,5.996,0.0455,0.07
PHB_00600,Moderate Illness,2,0.576,0.542,0.542,27.818,1.2879,29.031,64.555,6.165,0.0412,0.0649
PHB_03893,Moderate Illness,2,0.5364,0.4512,0.6685,26.374,1.0729,26.934,73.65,5.929,0.0422,0.0548
PHB_04142,Moderate Illness,2,0.5067,0.508,0.6207,25.694,1.2375,23.157,56.708,6.268,0.0567,0.0395
PHB_01653,Early Disease,1,0.6289,0.2583,0.6418,25.682,1.2246,27.161,79.769,5.867,0.0323,0.0551
PHB_05225,Early Disease,1,0.7075,0.2923,0.7018,26.408,1.1611,24.783,57.392,6.051,0.0311,0.0597
PHB_01894,Healthy,0,0.8178,0.0629,0.7887,24.335,0.9932,23.784,56.502,6.27,0.0175,0.0443
PHB_01945,Severe Disease,3,0.363,0.5895,0.4293,28.132,1.5813,30.779,65.097,6.207,0.0694,0.0622
PHB_03396,Severe Disease,3,0.3295,0.6812,0.4947,26.626,1.3936,28.087,58.769,6.119,0.0704,0.0587
PHB_05480,Severe Disease,3,0.4089,0.7725,0.4418,26.535,1.5688,24.127,61.474,6.481,0.0714,0.0948
PHB_09770,Healthy,0,0.6527,0.1654,0.7426,25.289,1.2452,25.249,60.163,6.531,0.0293,0.0403
PHB_00376,Healthy,0,0.8096,0.0618,0.9717,24.967,1.0967,24.689,66.571,6.654,0.0303,0.0444
PHB_01967,Moderate Illness,2,0.6427,0.4894,0.7219,27.779,1.2942,23.596,53.487,5.974,0.0427,0.0758
PHB_03958,Severe Disease,3,0.4458,0.7633,0.3421,27.939,1.5783,24.687,65.869,5.955,0.0577,0.052
PHB_07136,Moderate Illness,2,0.4,0.5112,0.569,26.288,1.137,25.678,59.481,6.296,0.0536,0.0714
PHB_07479,Early Disease,1,0.6898,0.3561,0.6863,26.523,1.1069,25.068,54.513,5.975,0.0335,0.0492
PHB_04506,Early Disease,1,0.8351,0.3727,0.7988,24.502,1.263,21.889,77.347,6.452,0.0626,0.0264
PHB_09581,Moderate Illness,2,0.5756,0.4115,0.6586,24.984,1.3537,22.897,73.718,6.301,0.0561,0.0581
PHB_05289,Early Disease,1,0.6723,0.3241,0.7222,26.174,1.4702,25.056,64.411,6.44,0.0364,0.0404
PHB_01472,Healthy,0,0.8256,0.1945,0.8644,26.422,1.1476,29.294,63.586,6.476,0.0242,0.0169
PHB_03347,Severe Disease,3,0.4267,0.6292,0.4311,27.371,1.5559,23.765,63.638,6.155,0.0777,0.08
PHB_06254,Early Disease,1,0.5631,0.2967,0.7083,24.98,1.2302,24.758,55.208,6.652,0.0433,0.0336
PHB_02854,Early Disease,1,0.7908,0.307,0.8594,25.868,1.2428,24.295,66.046,6.53,0.0299,0.0436
PHB_08989,Healthy,0,0.8638,0.0333,0.9037,24.149,1.2625,26.411,76.112,6.355,0.0316,0.014
PHB_09776,Healthy,0,0.9332,0.1971,0.8377,24.978,1.0567,25.971,75.533,6.766,0.0384,0.0387
PHB_06460,Moderate Illness,2,0.459,0.4021,0.6555,25.677,1.3591,23.244,77.309,5.771,0.0534,0.0538
PHB_04063,Healthy,0,0.8125,0.1331,0.8654,23.715,1.2533,26.319,70.817,6.542,0.0091,0.0433
PHB_05864,Moderate Illness,2,0.6072,0.5766,0.6553,25.92,1.5241,22.778,58.621,6.503,0.0661,0.0607
PHB_04307,Moderate Illness,2,0.4783,0.4993,0.6021,26.135,1.1542,27.908,71.715,6.233,0.0418,0.0829
PHB_04878,Moderate Illness,2,0.4825,0.5398,0.5303,25.94,1.5229,22.434,62.365,6.115,0.0593,0.0582
PHB_07250,Moderate Illness,2,0.5469,0.6433,0.5358,25.731,1.3271,24.304,56.985,6.344,0.0392,0.0483
PHB_05274,Severe Disease,3,0.2307,0.8547,0.3969,27.286,1.3086,26.2,63.8,6.305,0.0496,0.0864
PHB_03991,Severe Disease,3,0.3949,0.665,0.4633,28.432,1.4989,30.099,57.877,5.973,0.0682,0.054
PHB_01050,Healthy,0,0.8762,0.1167,0.8191,25.969,0.7818,24.102,72.433,6.727,0.023,0.005
PHB_06176,Severe Disease,3,0.3156,0.7091,0.3784,28.958,1.3721,22.586,69.409,5.756,0.0544,0.0425
PHB_06927,Early Disease,1,0.7583,0.2699,0.6712,25.69,1.0362,28.004,70.951,6.417,0.0313,0.0576
PHB_07865,Moderate Illness,2,0.4906,0.4427,0.7611,26.04,1.1892,23.961,61.099,6.414,0.0407,0.0453
PHB_02036,Severe Disease,3,0.3287,0.6673,0.4789,27.488,1.5996,27.84,61.108,6.223,0.0607,0.0653
PHB_04040,Severe Disease,3,0.3468,0.6701,0.482,26.623,1.4181,27.799,67.23,5.92,0.0578,0.0616
PHB_06876,Moderate Illness,2,0.5265,0.453,0.5756,25.718,1.2681,23.671,61.569,6.218,0.0512,0.0547
PHB_09355,Moderate Illness,2,0.508,0.5384,0.5837,27.058,1.2513,22.985,76.356,6.302,0.0454,0.0514
PHB_01973,Moderate Illness,2,0.5463,0.5171,0.5444,26.298,1.3346,24.296,65.821,6.342,0.0323,0.0579
PHB_05073,Early Disease,1,0.6383,0.2507,0.648,25.449,1.2925,28.002,74.621,6.86,0.0278,0.0587
PHB_02100,Healthy,0,0.8381,0.0446,0.8436,22.744,1.085,27.125,63.477,6.367,0.0265,0.0325
PHB_01500,Moderate Illness,2,0.3825,0.4286,0.5963,26.216,1.2355,22.647,56.601,6.238,0.0419,0.0658
PHB_09613,Moderate Illness,2,0.5207,0.5343,0.4439,26.4,1.1314,26.98,67.702,6.363,0.0581,0.0601
PHB_00653,Moderate Illness,2,0.4415,0.5917,0.6067,26.208,1.2963,24.633,61.439,6.019,0.04,0.054
PHB_00171,Early Disease,1,0.5551,0.4528,0.7417,25.953,0.8835,23.647,84.206,6.361,0.0429,0.0608
PHB_04086,Severe Disease,3,0.351,0.6678,0.4043,26.393,1.2727,22.844,53.721,6.205,0.0426,0.0608
PHB_00243,Healthy,0,0.8157,0.0608,0.8394,24.054,0.9716,22.509,60.806,6.406,0.0108,0.0403
PHB_05711,Severe Disease,3,0.2775,0.7116,0.3475,25.835,1.4509,29.844,59.165,6.233,0.0571,0.0863
PHB_06973,Healthy,0,0.8943,0.1332,0.7966,24.764,1.0982,23.624,64.308,6.696,0.0207,0.0346
PHB_02757,Severe Disease,3,0.3139,0.7654,0.5268,31.385,1.4376,22.088,55.853,6.274,0.0574,0.0684
PHB_06885,Severe Disease,3,0.3377,0.8051,0.5181,26.544,1.3139,20.496,71.06,6.294,0.0511,0.0621
PHB_05447,Severe Disease,3,0.4851,0.7036,0.4583,26.969,1.2673,22.387,57.906,6.697,0.0606,0.0696
PHB_02077,Severe Disease,3,0.3057,0.7579,0.4281,27.144,1.3939,28.372,67.253,6.235,0.0676,0.0771
PHB_04104,Early Disease,1,0.6009,0.313,0.678,25.943,1.3451,25.138,69.367,6.416,0.0368,0.0582
PHB_09560,Moderate Illness,2,0.5729,0.6072,0.5157,26.142,1.4622,25.84,69.089,6.005,0.0221,0.0511
PHB_07572,Severe Disease,3,0.2927,0.6752,0.4434,27.527,1.4449,30.273,52.191,6.502,0.0689,0.0492
PHB_09467,Healthy,0,0.764,0.0124,0.9723,23.601,0.9626,25.842,66.075,6.893,0.0108,0.0491
PHB_04895,Moderate Illness,2,0.4559,0.4346,0.6538,26.19,1.4772,28.803,72.682,6.543,0.0514,0.0429
PHB_06693,Severe Disease,3,0.2275,0.7196,0.3998,28.816,1.2758,23.1,63.511,5.995,0.0449,0.0592
PHB_08055,Severe Disease,3,0.338,0.7445,0.3368,26.975,1.6403,27.669,60.26,6.839,0.064,0.0809
PHB_05390,Severe Disease,3,0.3756,0.706,0.4213,26.569,1.2908,28.151,72.105,6.348,0.0597,0.0794
PHB_09374,Severe Disease,3,0.3374,0.7445,0.5698,28.007,1.1684,21.518,64.793,6.281,0.0554,0.0878
PHB_08022,Early Disease,1,0.6791,0.2976,0.7085,24.026,1.1518,24.718,69.951,6.609,0.0389,0.0487
PHB_08605,Moderate Illness,2,0.5009,0.4361,0.6919,26.715,1.2787,21.723,63.639,6.288,0.054,0.0691
PHB_04481,Early Disease,1,0.5864,0.4085,0.7066,26.147,1.2359,21.243,56.159,5.858,0.0475,0.0736
PHB_08327,Moderate Illness,2,0.5115,0.6015,0.601,28.216,1.3035,23.601,56.962,6.166,0.039,0.0592
PHB_04079,Healthy,0,0.797,0.1358,0.8726,23.075,1.2447,22.666,59.306,5.971,0.0144,0.0335
PHB_00641,Moderate Illness,2,0.4916,0.5094,0.6184,26.15,1.2493,23.9,66.493,6.059,0.0552,0.0519
PHB_01271,Severe Disease,3,0.3459,0.7303,0.4778,27.024,1.2002,26.021,59.468,6.229,0.0758,0.0663
PHB_02779,Early Disease,1,0.5904,0.3475,0.7782,24.961,1.2836,26.179,71.578,6.236,0.0282,0.0696
PHB_09498,Healthy,0,0.7987,0.1589,1.0257,24.094,0.8446,24.047,64.585,6.336,0.0214,0.0598
PHB_03862,Healthy,0,0.7637,0.1868,1.0025,24.561,1.0193,20.178,67.973,6.479,0.0397,0.0469
PHB_03481,Early Disease,1,0.7223,0.3791,0.7478,25.687,1.3061,25.655,74.168,6.134,0.0286,0.0253
PHB_01535,Healthy,0,0.6602,0.1092,0.8515,24.341,1.1518,24.609,60.974,6.217,0.0379,0.0211
PHB_00326,Moderate Illness,2,0.5577,0.5385,0.5625,26.558,1.397,22.591,72.836,6.182,0.0507,0.0613
PHB_02339,Moderate Illness,2,0.5093,0.4491,0.6536,26.479,1.2785,21.017,60.98,6.517,0.0388,0.0608
PHB_03981,Healthy,0,0.9126,0.2781,0.8946,24.532,1.0392,24.272,63.842,6.73,0.0231,0.04
PHB_06878,Early Disease,1,0.5611,0.2471,0.8268,25.84,1.3022,24.586,65.178,6.005,0.0422,0.0589
PHB_04055,Severe Disease,3,0.4313,0.6774,0.454,29.118,1.2148,23.363,71.901,6.419,0.0635,0.0708
PHB_02238,Early Disease,1,0.5627,0.264,0.6993,25.74,1.1115,25.089,78.814,6.573,0.0358,0.072
PHB_07107,Moderate Illness,2,0.4602,0.5085,0.6827,25.948,1.385,22.744,60.294,6.4,0.0715,0.02
PHB_09669,Severe Disease,3,0.3047,0.7446,0.4668,26.609,1.4458,24.83,60.757,6.196,0.0693,0.0659
PHB_04746,Healthy,0,0.7934,0.1528,0.816,24.019,1.1729,24.178,64.802,6.089,0.0286,0.0497
PHB_00865,Healthy,0,0.9675,0.1067,0.8792,24.09,1.108,22.396,49.733,6.77,0.0163,0.005
PHB_06204,Healthy,0,0.8125,0.0829,0.7893,23.894,1.0633,22.811,60.973,6.522,0.0268,0.036
PHB_05509,Severe Disease,3,0.3392,0.753,0.5214,27.23,1.4907,25.247,61.336,6.474,0.065,0.0845
PHB_07430,Severe Disease,3,0.3193,0.7771,0.3504,28.645,1.4252,29.742,66.274,6.412,0.0693,0.0635
PHB_00372,Early Disease,1,0.6974,0.3311,0.6565,27.147,1.2217,20.513,67.09,6.33,0.0565,0.0387
PHB_06297,Severe Disease,3,0.3567,0.712,0.4884,26.496,1.4701,28.503,74.204,6.296,0.058,0.071
PHB_05552,Healthy,0,0.7821,0.212,0.8575,24.493,1.0632,25.544,63.8,6.735,0.0119,0.0351
PHB_05724,Severe Disease,3,0.3408,0.697,0.5301,27.269,1.5095,25.418,70.639,6.292,0.0692,0.0525
PHB_05900,Healthy,0,0.8582,0.1203,0.7779,24.329,0.8841,25.713,63.01,6.337,0.0282,0.0435
PHB_09288,Moderate Illness,2,0.525,0.6642,0.5713,26.664,1.3985,21.92,78.113,6.477,0.0567,0.0605
PHB_07872,Healthy,0,0.8159,0.1812,0.775,24.265,1.3146,26.516,78.632,6.441,0.0246,0.0373
PHB_02365,Moderate Illness,2,0.494,0.4154,0.6733,27.275,1.1407,23.807,70.15,5.99,0.0588,0.0553
PHB_03214,Moderate Illness,2,0.5625,0.5001,0.6351,26.345,1.4033,28.11,49.506,6.198,0.0509,0.0535
PHB_00912,Severe Disease,3,0.3073,0.8058,0.4882,28.275,1.6467,25.48,62.015,6.188,0.0537,0.0601
PHB_09048,Early Disease,1,0.7471,0.3603,0.7841,25.77,1.319,24.824,54.593,6.241,0.0445,0.05
PHB_09791,Healthy,0,0.8149,0.0877,0.8355,24.307,0.9065,23.62,68.03,6.518,0.0353,0.0294
PHB_07290,Healthy,0,0.7965,0.232,0.8297,24.085,1.1456,25.173,75.114,6.428,0.0267,0.0184
PHB_09959,Early Disease,1,0.6865,0.3162,0.7972,25.307,1.0352,23.836,71.704,6.613,0.0342,0.0446
PHB_06537,Healthy,0,0.813,0.0271,0.9558,24.412,1.2583,26.265,76.417,6.311,0.0182,0.0262
PHB_09193,Moderate Illness,2,0.4892,0.5049,0.6689,26.05,1.4658,27.245,66.85,6.422,0.0711,0.0504
PHB_01424,Early Disease,1,0.6139,0.2771,0.8038,26.586,1.2982,27.785,64.098,6.248,0.0334,0.0322
PHB_09808,Healthy,0,0.7799,0.2356,0.9261,24.295,1.2733,24.604,63.557,6.53,0.0179,0.0252
PHB_00480,Early Disease,1,0.5938,0.337,0.9043,26.125,1.402,24.684,51.173,6.087,0.0368,0.0338
PHB_00663,Healthy,0,0.7996,0.1713,0.8548,24.318,1.085,25.164,76.394,6.785,0.0249,0.0376
PHB_04477,Moderate Illness,2,0.55,0.4981,0.5299,25.267,1.4808,27.28,65.299,6.459,0.0606,0.0628
PHB_08983,Moderate Illness,2,0.4961,0.4719,0.6721,26.64,1.3875,26.317,51.576,6.328,0.0526,0.068
PHB_08078,Healthy,0,0.7722,0.0773,0.9101,24.185,1.3273,24.117,68.915,6.374,0.0433,0.0441
PHB_02989,Healthy,0,0.7374,0.1089,0.8569,24.87,1.1971,24.191,70.796,6.029,0.012,0.0539
PHB_01120,Severe Disease,3,0.2797,0.627,0.4496,27.997,1.3171,23.696,53.149,5.975,0.0704,0.0696
PHB_02777,Moderate Illness,2,0.7785,0.5416,0.7476,27.283,1.3418,27.659,64.238,6.323,0.0482,0.0476
PHB_09836,Healthy,0,0.8224,0.0308,0.7899,25.989,1.3274,22.017,63.235,6.509,0.0356,0.005
PHB_05004,Healthy,0,0.7862,0.1075,0.9928,24.175,1.1211,26.436,74.008,6.446,0.02,0.0563
PHB_06650,Early Disease,1,0.6081,0.4196,0.7393,26.03,1.4087,28.423,66.91,6.5,0.0235,0.0277
PHB_07255,Moderate Illness,2,0.5768,0.4207,0.5813,25.95,1.3182,26.536,58.974,6.544,0.0378,0.0792
PHB_04428,Healthy,0,0.8298,0.1732,0.9908,23.879,1.1001,27.18,67.568,6.324,0.02,0.0492
PHB_07432,Moderate Illness,2,0.4683,0.5758,0.5783,25.263,1.4675,25.522,65.373,5.987,0.0495,0.0494
PHB_03982,Early Disease,1,0.6935,0.3005,0.7125,26.099,1.3125,26.799,67.923,6.526,0.0349,0.0541
PHB_06352,Severe Disease,3,0.2635,0.7646,0.4956,26.556,1.6272,24.157,59.65,6.552,0.0548,0.0749
PHB_02894,Moderate Illness,2,0.4934,0.491,0.5297,25.418,1.3255,20.864,78.059,5.918,0.036,0.0626
PHB_02670,Early Disease,1,0.6318,0.3169,0.7047,25.14,1.2185,27.104,81.558,6.397,0.0514,0.0439
PHB_03978,Healthy,0,0.9038,0.0876,0.7994,24.56,1.0814,24.56,67.055,6.655,0.039,0.0303
PHB_05260,Healthy,0,0.7812,0.1533,0.914,24.062,1.2217,23.183,67.981,6.38,0.0222,0.0382
PHB_00280,Severe Disease,3,0.3223,0.7946,0.456,26.132,1.3658,26.086,62.099,6.376,0.0515,0.0781
PHB_06731,Severe Disease,3,0.2527,0.6865,0.4318,25.849,1.3802,21.376,52.919,6.264,0.0694,0.0729
PHB_06105,Early Disease,1,0.7412,0.3207,0.6439,25.284,1.0324,24.543,53.18,6.496,0.0337,0.0419
PHB_07021,Severe Disease,3,0.3575,0.708,0.4082,27.072,1.5604,28.93,59.004,5.89,0.0781,0.0776
PHB_01695,Moderate Illness,2,0.4391,0.541,0.7148,26.204,1.1752,22.132,61.731,6.4,0.046,0.0302
PHB_08913,Moderate Illness,2,0.4891,0.479,0.4878,25.135,1.3442,28.528,64.452,6.209,0.0465,0.0748
PHB_03480,Moderate Illness,2,0.4872,0.5722,0.6113,26.116,1.2062,24.587,62.986,6.471,0.0498,0.0606
PHB_04417,Moderate Illness,2,0.5868,0.4296,0.6948,27.425,1.3443,25.342,57.022,6.256,0.0488,0.041
PHB_07593,Severe Disease,3,0.3618,0.7632,0.4921,27.217,1.2877,27.678,60.507,6.457,0.062,0.0595
PHB_06283,Early Disease,1,0.6824,0.2744,0.6886,25.645,0.9856,25.649,63.228,5.953,0.0363,0.0441
PHB_05604,Severe Disease,3,0.3458,0.7707,0.4508,26.928,1.4258,26.171,68.559,6.111,0.0485,0.0765
PHB_08620,Moderate Illness,2,0.5473,0.5382,0.4468,30.863,1.5004,24.379,69.026,6.3,0.06,0.0583
PHB_07781,Severe Disease,3,0.3509,0.8144,0.5031,28.118,1.2449,23.263,52.541,5.989,0.0678,0.0686
PHB_04297,Early Disease,1,0.7287,0.2677,0.831,24.618,1.2532,22.385,68.91,6.382,0.0258,0.0406
PHB_04594,Healthy,0,0.8209,0.0348,0.8871,23.003,1.1784,25.158,61.506,6.617,0.0163,0.0227
PHB_04845,Early Disease,1,0.5867,0.3492,0.7833,25.174,1.3323,26.573,68.817,6.223,0.0432,0.0462
PHB_02210,Healthy,0,0.7214,0.1578,0.8686,23.68,1.0565,21.096,73.868,6.641,0.0345,0.0216
PHB_07606,Severe Disease,3,0.3583,0.7596,0.423,28.125,1.5282,22.306,60.578,6.132,0.0611,0.0633
PHB_05502,Moderate Illness,2,0.4142,0.5071,0.6418,27.141,1.3342,26.873,68.855,6.334,0.048,0.0655
PHB_00185,Severe Disease,3,0.372,0.7719,0.5452,27.859,1.3114,24.198,63.372,6.063,0.065,0.0662
PHB_04801,Early Disease,1,0.6887,0.321,0.734,25.496,1.0287,24.646,72.213,6.162,0.0366,0.0366
PHB_04846,Early Disease,1,0.672,0.3178,0.8358,24.811,1.1438,26.392,56.387,6.529,0.0307,0.0409
PHB_02351,Healthy,0,0.8516,0.0768,0.8274,25.184,1.088,23.879,66.181,6.843,0.0019,0.0216
PHB_00554,Severe Disease,3,0.403,0.7332,0.3825,27.772,1.4169,26.629,64.154,5.568,0.0438,0.0689
PHB_01398,Severe Disease,3,0.2673,0.6134,0.4258,28.617,1.0389,24.098,67.658,6.633,0.0607,0.0919
PHB_01385,Severe Disease,3,0.3546,0.7187,0.5992,27.316,1.385,27.689,71.294,6.255,0.0825,0.0588
PHB_09183,Early Disease,1,0.5591,0.3453,0.6613,26.299,1.0356,25.017,75.278,6.357,0.0338,0.0366
PHB_09818,Healthy,0,0.8209,0.0462,0.9225,24.468,1.0549,26.831,65.148,6.053,0.0099,0.0309
PHB_00298,Severe Disease,3,0.323,0.7239,0.5396,29.041,1.4066,25.738,58.09,6.186,0.0611,0.0734
PHB_00444,Healthy,0,0.7969,0.0407,0.8402,25.27,1.0328,25.37,70.886,6.382,0.0185,0.0323
PHB_07339,Healthy,0,1.1047,0.1461,0.9002,22.743,0.9619,19.5,70.616,6.497,0.0129,0.034
PHB_02078,Healthy,0,0.749,0.0965,0.942,24.38,1.1888,26.985,54.64,6.461,0.0264,0.0252
PHB_07816,Early Disease,1,0.6747,0.2955,0.6668,25.8,1.2332,22.502,81.244,6.74,0.0351,0.0506
PHB_02230,Moderate Illness,2,0.4355,0.5721,0.5119,25.125,1.1572,24.347,66.617,6.389,0.0321,0.0188
PHB_02843,Early Disease,1,0.6457,0.382,0.6697,25.002,1.2067,25.353,70.625,6.348,0.039,0.0261
PHB_02538,Early Disease,1,0.5796,0.3178,0.622,24.881,1.3444,22.796,81.911,6.339,0.0392,0.038
PHB_08146,Moderate Illness,2,0.5031,0.5361,0.6678,26.474,1.278,23.97,45.657,6.1,0.0656,0.0763
PHB_09537,Severe Disease,3,0.3053,0.7198,0.4695,27.505,1.4239,27.859,59.084,6.046,0.0682,0.0928
PHB_06444,Severe Disease,3,0.4048,0.7484,0.4618,27.617,2.0,25.976,71.019,6.507,0.0709,0.0859
PHB_03368,Moderate Illness,2,0.4232,0.5183,0.511,26.23,1.1649,27.085,58.843,6.313,0.0501,0.0675
PHB_04487,Severe Disease,3,0.2855,0.7342,0.4573,28.296,1.5179,27.631,45.577,6.241,0.0723,0.093
PHB_02579,Healthy,0,0.8593,0.1738,0.904,25.079,1.1966,22.834,53.919,6.459,0.0188,0.0295
PHB_01132,Moderate Illness,2,0.47,0.5208,0.6187,26.773,1.5079,21.144,69.014,5.997,0.0759,0.0642
PHB_04819,Moderate Illness,2,0.4444,0.5443,0.5905,27.103,1.3836,25.777,74.41,6.356,0.0524,0.0623
PHB_00321,Severe Disease,3,0.3067,0.6633,0.5401,27.264,1.42,25.447,65.331,6.24,0.0555,0.0542
PHB_01372,Severe Disease,3,0.3047,0.7784,0.4536,28.38,1.3553,21.626,69.687,6.563,0.0569,0.0744
PHB_04043,Healthy,0,0.8204,0.1172,0.8961,24.884,1.0573,28.864,66.812,6.374,0.0237,0.0246
PHB_09126,Severe Disease,3,0.3983,0.7407,0.4896,27.616,1.2907,26.081,80.06,6.325,0.053,0.0915
PHB_05146,Severe Disease,3,0.3766,0.6854,0.4319,26.663,1.2519,28.021,70.05,6.572,0.0753,0.0591
PHB_00908,Healthy,0,0.811,0.1351,0.9254,23.386,1.1233,26.187,78.096,6.307,0.0214,0.0262
PHB_09427,Healthy,0,0.7911,0.134,0.8443,24.602,0.9649,22.5,60.872,6.427,0.0085,0.0369
PHB_03951,Early Disease,1,0.612,0.328,0.7749,25.503,1.0857,27.271,72.034,6.894,0.0501,0.0415
PHB_06146,Moderate Illness,2,0.4968,0.5529,0.5671,26.34,1.5141,24.923,62.937,6.469,0.05,0.0526
PHB_08887,Healthy,0,0.8246,0.1105,0.8895,24.575,1.1952,25.853,66.283,6.465,0.0194,0.0183
PHB_06696,Early Disease,1,0.5948,0.3337,0.7735,25.276,1.2954,25.989,65.458,6.593,0.0428,0.0636
PHB_04978,Healthy,0,0.959,0.1222,0.9247,24.696,1.0763,22.755,71.079,6.157,0.0199,0.0412
PHB_06093,Moderate Illness,2,0.6004,0.4689,0.5084,26.024,1.2643,24.555,66.02,6.359,0.0365,0.0376
PHB_08409,Severe Disease,3,0.2821,0.7244,0.5143,26.472,1.2984,24.665,62.043,5.841,0.0652,0.0838
PHB_00927,Healthy,0,0.872,0.1643,0.8917,24.504,1.1832,25.985,58.421,6.356,0.0381,0.0299
PHB_06144,Moderate Illness,2,0.5115,0.5522,0.6776,26.828,1.2312,29.389,62.486,6.405,0.0515,0.0717
PHB_00016,Healthy,0,0.9336,0.1432,0.8527,23.868,0.9568,25.41,74.881,6.484,0.0305,0.0287
PHB_00144,Moderate Illness,2,0.4971,0.5977,0.5224,25.654,1.1961,21.738,61.156,6.709,0.0475,0.0435
PHB_02364,Severe Disease,3,0.3729,0.7512,0.4641,27.061,1.3785,23.606,72.716,6.1,0.0785,0.0616
PHB_00130,Moderate Illness,2,0.5756,0.4933,0.5891,26.787,1.269,22.387,65.699,6.113,0.0303,0.023
PHB_01162,Moderate Illness,2,0.5211,0.4949,0.6447,27.19,1.3555,21.977,62.684,6.571,0.0446,0.0591
PHB_07552,Moderate Illness,2,0.4949,0.4234,0.4599,25.68,1.1741,26.824,73.397,6.227,0.0523,0.0415
PHB_06130,Healthy,0,0.8392,0.1886,0.8542,24.836,1.1845,22.022,69.128,6.286,0.0177,0.0465
PHB_04666,Early Disease,1,0.6627,0.3547,0.8166,24.248,1.4157,27.0,74.469,6.464,0.0286,0.0524
PHB_05661,Early Disease,1,0.763,0.2158,0.6697,26.37,1.0775,25.177,71.177,6.288,0.0361,0.0386
PHB_06461,Healthy,0,0.7577,0.1302,0.8201,24.775,1.0499,26.605,69.812,6.622,0.0326,0.0302
PHB_01877,Early Disease,1,0.6973,0.327,0.8754,24.914,1.0222,26.101,77.043,6.442,0.0473,0.0384
PHB_02489,Healthy,0,0.8153,0.1207,0.8889,23.694,1.2166,27.277,68.428,6.447,0.0204,0.0383
PHB_05328,Severe Disease,3,0.3232,0.8045,0.519,26.924,1.5545,23.902,72.299,5.99,0.0746,0.0696
PHB_09362,Early Disease,1,0.4991,0.2542,0.6977,25.617,1.1294,26.982,70.707,6.428,0.0197,0.0537
PHB_01183,Healthy,0,0.8196,0.0437,0.7329,23.605,1.0091,24.492,66.961,6.634,0.0344,0.044
PHB_06136,Healthy,0,0.8298,0.1488,0.7594,25.034,1.0455,28.471,71.568,6.63,0.0384,0.0318
PHB_06378,Severe Disease,3,0.2475,0.8614,0.5259,26.878,1.3967,22.076,67.34,6.458,0.0456,0.0709
PHB_01171,Early Disease,1,0.7741,0.3293,0.8827,27.064,1.2699,25.925,66.1,6.817,0.0236,0.0493
PHB_02183,Severe Disease,3,0.3858,0.7437,0.4382,26.059,1.5241,23.564,46.425,6.324,0.0459,0.0835
PHB_03372,Healthy,0,0.7504,0.0556,0.8532,24.257,1.1563,25.216,62.69,6.612,0.0232,0.0259
PHB_08041,Healthy,0,0.8682,0.0699,0.9847,25.282,1.2095,25.124,62.238,6.579,0.0477,0.0391
PHB_01860,Early Disease,1,0.5958,0.3305,0.7701,24.417,1.241,25.251,76.601,6.66,0.0483,0.0508
PHB_04861,Moderate Illness,2,0.3988,0.5213,0.5161,26.008,1.1594,22.186,64.911,6.632,0.0447,0.0413
PHB_09256,Healthy,0,0.7484,0.1107,0.8962,23.829,1.0712,26.82,63.634,7.053,0.0358,0.0159
PHB_08346,Moderate Illness,2,0.4384,0.4222,0.6301,26.576,1.3235,24.173,66.442,6.452,0.0491,0.077
PHB_07348,Early Disease,1,0.6623,0.3337,0.8577,25.572,1.1506,24.191,73.91,6.5,0.0326,0.0512
PHB_04865,Moderate Illness,2,0.512,0.4953,0.6072,26.876,1.3284,28.262,64.089,5.878,0.0434,0.0632
PHB_09887,Moderate Illness,2,0.5034,0.4576,0.6857,25.991,1.1014,21.675,77.421,6.208,0.0507,0.0753
PHB_06389,Severe Disease,3,0.2645,0.7664,0.4288,26.831,1.5141,23.145,61.269,6.25,0.0673,0.0739
PHB_03122,Early Disease,1,0.6777,0.2546,0.6881,24.857,0.9549,28.682,74.49,6.325,0.0324,0.0292
PHB_00388,Severe Disease,3,0.3885,0.7252,0.536,26.872,1.4897,24.534,59.096,5.905,0.0536,0.0833
PHB_07786,Severe Disease,3,0.3942,0.6196,0.3961,26.159,1.3516,23.699,65.112,6.502,0.0791,0.0609
PHB_01033,Moderate Illness,2,0.4788,0.5354,0.6908,26.665,1.499,22.597,49.997,6.152,0.0466,0.052
PHB_07853,Moderate Illness,2,0.4207,0.5147,0.7384,26.755,1.2878,28.223,77.731,6.313,0.0521,0.0717
PHB_05419,Healthy,0,0.9328,0.0529,0.8558,25.152,1.2204,25.086,64.022,6.236,0.0251,0.0327
PHB_00932,Early Disease,1,0.6257,0.1929,0.7056,25.143,1.3074,23.781,65.743,6.734,0.0267,0.0449
PHB_04020,Moderate Illness,2,0.5458,0.6492,0.6049,25.73,1.542,28.19,69.074,6.296,0.0441,0.0473
PHB_00692,Severe Disease,3,0.3609,0.7191,0.4193,26.833,1.4585,24.456,74.945,6.078,0.067,0.088
PHB_05299,Early Disease,1,0.6209,0.3034,0.8184,25.919,1.2541,25.053,61.625,6.317,0.0487,0.0518
PHB_06659,Severe Disease,3,0.293,0.6595,0.4105,26.958,1.3107,24.304,62.141,6.173,0.0607,0.059
PHB_00830,Early Disease,1,0.6743,0.3845,0.6521,23.928,1.3263,29.57,61.69,6.28,0.0274,0.046
PHB_03499,Early Disease,1,0.6974,0.3041,0.7312,25.343,1.1967,20.948,62.342,6.401,0.0387,0.0516
PHB_02082,Healthy,0,0.8784,0.1645,0.8515,24.452,1.1774,23.303,72.659,6.649,0.0251,0.0357
PHB_09441,Moderate Illness,2,0.49,0.5111,0.5798,26.384,1.2977,23.322,63.473,6.245,0.0602,0.0479
PHB_00045,Severe Disease,3,0.3697,0.8041,0.4672,28.1,1.4695,23.682,59.672,5.887,0.0611,0.0897
PHB_03940,Healthy,0,0.8698,0.1564,0.9315,25.385,0.9094,25.548,63.374,6.704,0.0188,0.0425
PHB_05258,Early Disease,1,0.611,0.3056,0.7366,24.826,1.2818,23.193,66.331,6.091,0.036,0.0661
PHB_08438,Severe Disease,3,0.4744,0.7456,0.4703,26.704,1.3412,24.964,57.493,6.473,0.0727,0.0663
PHB_04320,Early Disease,1,0.7144,0.3254,0.7476,25.834,1.3453,25.906,78.092,6.468,0.0337,0.0517
PHB_02966,Moderate Illness,2,0.5346,0.4976,0.5605,31.189,1.1755,20.838,73.521,6.118,0.0504,0.0514
PHB_03970,Healthy,0,0.8894,0.176,0.9057,24.633,1.0794,26.722,68.55,6.509,0.0306,0.0343
PHB_01188,Severe Disease,3,0.3579,0.5823,0.3609,27.412,1.4547,26.183,72.234,6.058,0.0757,0.0786
PHB_00285,Moderate Illness,2,0.524,0.6024,0.5577,24.848,1.3735,21.379,75.481,6.104,0.0444,0.0632
PHB_08874,Severe Disease,3,0.3334,0.6691,0.4151,27.395,1.3811,24.445,62.171,6.247,0.0643,0.0506
PHB_04160,Healthy,0,0.7961,0.1575,0.9079,23.077,1.2412,24.915,67.084,6.617,0.0292,0.0388
PHB_03093,Severe Disease,3,0.3059,0.7434,0.4636,26.982,1.4452,26.168,62.223,6.141,0.0678,0.06
PHB_04557,Severe Disease,3,0.3735,0.7205,0.4123,27.905,1.313,24.616,63.802,6.058,0.0729,0.0662
PHB_04585,Moderate Illness,2,0.448,0.5068,0.6876,26.64,1.3045,23.173,47.531,6.124,0.0546,0.0583
PHB_04324,Healthy,0,0.7819,0.1633,0.8811,23.735,0.949,23.522,70.196,6.352,0.0361,0.0199
PHB_05505,Severe Disease,3,0.2538,0.6851,0.4539,27.158,1.5335,24.798,67.193,6.022,0.0561,0.0902
PHB_07075,Severe Disease,3,0.4632,0.7384,0.5181,26.926,1.3631,26.936,65.457,6.212,0.0577,0.0772
PHB_03365,Early Disease,1,0.6694,0.337,0.6997,26.103,1.1589,22.147,66.272,6.254,0.0268,0.0667
PHB_08026,Early Disease,1,0.5463,0.3444,0.718,25.883,1.2343,27.333,65.329,6.388,0.0324,0.0378
PHB_03196,Early Disease,1,0.6472,0.3185,0.6466,26.419,1.4373,21.856,58.371,6.387,0.0452,0.0452
PHB_08811,Severe Disease,3,0.2974,0.6263,0.3546,27.94,1.2757,25.438,65.933,6.169,0.0482,0.0785
PHB_00970,Healthy,0,0.7696,0.1626,0.8152,25.173,1.2596,27.193,70.893,6.636,0.0285,0.0545
PHB_03735,Healthy,0,0.8385,0.0634,0.9039,24.267,1.0569,25.147,55.927,6.468,0.0184,0.0582
PHB_00926,Early Disease,1,0.6552,0.3152,0.8796,26.864,1.4143,26.225,58.68,6.24,0.0453,0.0229
PHB_09497,Healthy,0,0.8309,0.0934,0.9162,24.337,1.2385,24.086,68.171,6.419,0.0247,0.0403
PHB_06452,Early Disease,1,0.5645,0.3065,0.7723,24.284,1.0155,26.018,46.381,6.335,0.0318,0.053
PHB_08798,Moderate Illness,2,0.5181,0.5581,0.6257,25.456,1.1301,26.516,61.108,6.009,0.0466,0.0346
PHB_02852,Early Disease,1,0.7172,0.2238,0.7612,25.806,1.2366,26.653,67.171,6.38,0.0299,0.0589
PHB_05181,Moderate Illness,2,0.4917,0.5185,0.6414,27.385,1.2065,26.848,56.696,6.23,0.0667,0.0574
PHB_06724,Healthy,0,0.821,0.0593,0.8107,25.962,1.1539,25.455,58.239,6.783,0.0288,0.0514
PHB_09323,Healthy,0,0.7921,0.0611,0.9112,23.611,1.1514,24.614,54.363,6.304,0.0278,0.0483
PHB_07811,Healthy,0,0.9171,0.2057,1.0117,24.035,0.9617,25.613,56.429,6.15,0.043,0.0391
PHB_04472,Early Disease,1,0.6578,0.3212,0.7459,25.345,1.0178,24.151,78.429,5.919,0.0325,0.0493
PHB_05169,Healthy,0,0.8973,0.0424,0.9111,25.025,0.879,24.235,66.945,6.53,0.0263,0.0439
PHB_04349,Moderate Illness,2,0.4708,0.5657,0.6245,27.155,1.4172,24.142,64.058,6.192,0.0499,0.0649
PHB_07904,Moderate Illness,2,0.4229,0.446,0.5732,26.084,1.1925,24.643,66.636,6.066,0.0534,0.0645
PHB_03627,Severe Disease,3,0.267,0.6836,0.3928,27.898,1.1888,27.294,66.279,6.144,0.0532,0.0767
PHB_01790,Healthy,0,0.7975,0.0719,0.8548,23.817,0.9051,24.592,67.498,6.788,0.001,0.0547
PHB_08294,Healthy,0,0.7036,0.0626,0.8076,23.75,1.0499,24.6,61.897,6.618,0.0324,0.0476
PHB_02060,Healthy,0,0.8188,0.1566,0.8478,23.899,0.7943,28.908,82.203,5.782,0.0087,0.0362
PHB_04014,Healthy,0,0.8303,0.0954,0.9511,23.327,1.1953,27.34,66.107,6.368,0.0318,0.0472
PHB_01903,Severe Disease,3,0.4075,0.6994,0.4609,26.882,1.382,26.582,82.39,6.347,0.0548,0.0587
PHB_05574,Severe Disease,3,0.2571,0.7558,0.4333,27.955,1.3132,23.237,79.055,6.213,0.0675,0.0815
PHB_06926,Healthy,0,0.7251,0.127,0.8438,24.827,1.1816,25.072,66.566,6.519,0.0036,0.0311
PHB_00076,Early Disease,1,0.6442,0.3668,0.7806,23.921,1.2341,26.85,53.309,6.643,0.0342,0.0365
PHB_02346,Healthy,0,0.8486,0.165,0.7633,24.104,1.2634,21.201,84.568,6.226,0.0338,0.0245
PHB_05485,Severe Disease,3,0.333,0.6851,0.56,27.936,1.3646,23.842,60.212,6.226,0.0511,0.0657
PHB_00431,Severe Disease,3,0.2705,0.7238,0.3828,28.089,1.4252,25.823,55.264,6.358,0.0693,0.0555
PHB_04587,Moderate Illness,2,0.5386,0.4498,0.5301,26.803,1.1876,26.039,70.991,6.042,0.0568,0.0742
PHB_08100,Severe Disease,3,0.2633,0.8461,0.3722,27.561,1.6698,26.704,71.066,6.141,0.063,0.0605
PHB_08458,Severe Disease,3,0.3197,0.7772,0.4593,27.72,1.4843,22.428,64.239,6.038,0.0567,0.072
PHB_08157,Severe Disease,3,0.3046,0.6896,0.4766,27.491,1.3792,24.107,65.471,5.809,0.0625,0.0772
PHB_07894,Healthy,0,0.8878,0.131,0.9867,23.145,1.0604,24.856,68.062,6.317,0.0342,0.0274
PHB_01554,Early Disease,1,0.6493,0.4494,0.7856,26.259,1.3035,27.757,67.63,6.107,0.0192,0.035
PHB_00241,Severe Disease,3,0.3874,0.6772,0.3281,27.804,1.4147,27.298,60.524,6.077,0.0671,0.0587
PHB_00784,Moderate Illness,2,0.5336,0.6518,0.607,26.36,1.5668,25.144,53.766,6.35,0.0594,0.0415
PHB_03067,Early Disease,1,0.6802,0.3221,0.7179,27.551,1.1774,27.011,54.115,6.09,0.0477,0.0182
PHB_00978,Early Disease,1,0.6237,0.3876,0.7953,26.101,1.0068,27.458,73.355,6.572,0.0436,0.0435
PHB_02942,Healthy,0,0.7309,0.241,0.8189,24.313,1.364,27.628,75.652,6.687,0.0315,0.0245
PHB_05378,Moderate Illness,2,0.5124,0.4768,0.5245,25.519,1.207,21.481,74.099,6.262,0.0552,0.0595
PHB_04731,Early Disease,1,0.8134,0.2929,0.7646,26.38,1.1865,24.601,55.749,6.751,0.0382,0.0479
PHB_01621,Healthy,0,0.7914,0.0296,0.9591,24.243,1.1206,26.185,63.876,6.312,0.0177,0.0365
PHB_02147,Healthy,0,0.8502,0.1488,0.9075,23.558,1.2227,26.854,62.003,6.486,0.0208,0.0194
PHB_01802,Moderate Illness,2,0.4727,0.4803,0.6924,26.453,1.5521,26.881,61.052,6.467,0.063,0.0477
PHB_02096,Early Disease,1,0.6951,0.2247,0.8188,25.007,1.2063,30.332,61.735,6.206,0.0496,0.0413
PHB_06075,Severe Disease,3,0.4568,0.6742,0.5473,26.803,1.3379,24.805,48.792,6.302,0.0659,0.0682
PHB_05246,Moderate Illness,2,0.5767,0.5254,0.5554,26.636,1.2243,23.835,62.198,6.717,0.0336,0.0459
PHB_01358,Early Disease,1,0.592,0.3268,0.6837,25.325,1.1753,25.361,59.063,6.542,0.0317,0.0365
PHB_08064,Severe Disease,3,0.2725,0.7163,0.475,27.649,1.443,24.466,69.464,6.042,0.0613,0.074
PHB_06051,Early Disease,1,0.564,0.2987,0.7712,26.323,1.1905,23.08,77.704,6.022,0.0471,0.0411
PHB_08369,Early Disease,1,0.6425,0.406,0.9097,25.729,1.1464,23.996,59.873,6.454,0.0388,0.0584
PHB_06018,Severe Disease,3,0.3779,0.7168,0.4487,27.246,1.2242,26.501,64.069,6.374,0.0464,0.0867
PHB_09932,Moderate Illness,2,0.4644,0.4055,0.4794,26.755,1.3771,26.008,62.951,6.589,0.0493,0.0734
PHB_08770,Healthy,0,0.8105,0.1008,0.8105,25.375,1.2303,26.032,57.573,6.728,0.0482,0.0394
PHB_07504,Early Disease,1,0.7265,0.2798,0.733,24.8,1.232,24.876,73.473,6.918,0.0556,0.0397
PHB_01610,Early Disease,1,0.6062,0.3697,0.6655,24.068,1.1277,28.731,61.558,6.442,0.044,0.0394
PHB_03097,Healthy,0,0.8067,0.117,0.8828,24.496,1.1378,20.428,73.234,6.391,0.0336,0.0315
PHB_09772,Moderate Illness,2,0.5332,0.4918,0.5617,26.842,1.361,24.408,61.908,6.094,0.0434,0.0478
PHB_02416,Healthy,0,0.9187,0.1092,0.8397,24.839,1.0576,23.949,68.785,6.865,0.0206,0.0448
PHB_02018,Healthy,0,0.7027,0.165,0.8503,23.518,0.9885,23.367,66.842,6.694,0.0161,0.0312
PHB_06019,Moderate Illness,2,0.4596,0.4559,0.6165,25.805,1.4129,24.906,69.626,6.32,0.0528,0.0576
PHB_04126,Healthy,0,0.8649,0.2105,0.8396,24.529,1.0202,21.669,72.848,6.476,0.011,0.0411
PHB_09803,Moderate Illness,2,0.5425,0.5268,0.6139,26.092,1.121,25.915,67.576,6.207,0.0477,0.0651
PHB_03247,Early Disease,1,0.6306,0.4468,0.8615,24.294,1.1389,27.126,73.591,6.373,0.0264,0.0425
PHB_00125,Healthy,0,0.819,0.1314,0.9447,24.577,1.1159,23.344,69.644,6.45,0.025,0.0132
PHB_06426,Healthy,0,0.7721,0.0826,0.9099,24.572,1.2506,22.471,68.911,6.234,0.0113,0.0291
PHB_05309,Healthy,0,0.8822,0.0991,0.9321,24.37,1.0602,25.624,69.67,6.236,0.0303,0.0408
PHB_07464,Severe Disease,3,0.2435,0.708,0.4102,25.723,1.5068,25.222,61.273,6.087,0.0579,0.0514
PHB_09158,Healthy,0,0.8408,0.1349,0.9737,25.032,1.1081,21.555,74.375,6.298,0.0305,0.0298
PHB_03342,Severe Disease,3,0.3103,0.7709,0.5788,26.123,1.2577,23.419,52.161,6.378,0.0561,0.0542
PHB_00599,Severe Disease,3,0.3223,0.7376,0.3782,27.625,1.5567,30.455,62.053,6.357,0.0557,0.0664
PHB_02124,Healthy,0,0.8993,0.0895,0.7697,25.438,1.1421,25.287,63.553,6.469,0.0362,0.0322
PHB_09499,Severe Disease,3,0.289,0.685,0.4923,27.586,1.4955,26.097,62.906,6.266,0.0578,0.0875
PHB_07686,Severe Disease,3,0.3101,0.7205,0.448,27.524,1.5621,26.369,71.984,6.198,0.0631,0.0628
PHB_07050,Early Disease,1,0.6792,0.3487,0.6561,24.71,1.2549,24.72,44.921,6.45,0.0283,0.0514
PHB_09662,Severe Disease,3,0.4303,0.6746,0.4497,27.777,1.4226,23.448,71.229,6.244,0.0562,0.0825
PHB_02198,Moderate Illness,2,0.5434,0.5583,0.5127,27.684,1.129,21.759,79.755,6.351,0.0426,0.0462
PHB_04052,Moderate Illness,2,0.5852,0.5855,0.5653,26.35,1.1412,23.936,65.146,6.373,0.0685,0.0567
PHB_06055,Healthy,0,0.8962,0.1997,0.9865,23.821,1.1803,24.296,64.887,6.447,0.0323,0.0378
PHB_03363,Moderate Illness,2,0.5398,0.5528,0.6716,26.506,1.3007,24.056,51.423,6.012,0.038,0.0791
PHB_06852,Early Disease,1,0.651,0.3757,0.7998,25.339,1.2558,27.001,67.171,6.366,0.0392,0.0454
PHB_00726,Healthy,0,0.8693,0.151,0.8058,25.085,1.1306,22.532,57.305,6.31,0.0423,0.0205
PHB_04935,Moderate Illness,2,0.5235,0.4476,0.6818,26.253,1.2349,26.336,54.138,6.196,0.0555,0.0652
PHB_00979,Moderate Illness,2,0.4501,0.5984,0.6609,25.791,1.242,25.595,63.033,6.756,0.045,0.0517
PHB_00809,Moderate Illness,2,0.5326,0.5233,0.7796,25.279,1.3314,20.896,70.318,6.105,0.0455,0.0654
PHB_09604,Early Disease,1,0.7781,0.4588,0.7146,26.107,1.3749,28.251,67.539,6.642,0.0425,0.0507
PHB_01476,Moderate Illness,2,0.4953,0.4524,0.6655,29.037,1.3502,25.824,62.445,6.296,0.0351,0.0751
PHB_05936,Moderate Illness,2,0.4586,0.4198,0.4785,26.173,1.4062,28.013,67.747,6.421,0.0435,0.0726
PHB_09037,Severe Disease,3,0.3906,0.7664,0.5653,26.712,1.3483,25.191,62.683,6.395,0.0578,0.0705
PHB_07336,Severe Disease,3,0.4127,0.677,0.4617,27.382,1.3372,26.641,64.929,5.851,0.0603,0.0469
PHB_03963,Moderate Illness,2,0.4241,0.4436,0.573,26.51,1.2244,24.658,52.709,6.269,0.0497,0.0421
PHB_06423,Moderate Illness,2,0.4864,0.5836,0.5047,26.106,1.2486,23.371,66.851,6.138,0.0315,0.034
PHB_04906,Moderate Illness,2,0.5106,0.4283,0.5013,26.049,1.1999,26.037,58.487,6.263,0.031,0.0465
PHB_01236,Healthy,0,0.855,0.1446,0.8715,24.044,1.0433,24.101,70.039,6.481,0.046,0.0379
PHB_01226,Severe Disease,3,0.3945,0.7105,0.5332,26.559,1.3765,26.91,63.54,5.991,0.0501,0.0586
PHB_08050,Moderate Illness,2,0.4457,0.5595,0.5453,27.47,1.2982,27.303,60.532,6.512,0.0469,0.0615
PHB_09279,Early Disease,1,0.5733,0.3395,0.7757,25.169,0.8941,24.519,68.238,6.156,0.0344,0.0525
PHB_08672,Early Disease,1,0.6448,0.2666,0.698,27.211,1.2182,21.358,53.011,6.555,0.0284,0.0536
PHB_05230,Healthy,0,0.7668,0.0701,0.7949,24.547,1.1677,26.347,69.204,6.447,0.0084,0.0466
PHB_06951,Moderate Illness,2,0.5246,0.6413,0.5972,25.707,1.077,24.382,66.465,6.757,0.0539,0.0624
PHB_03218,Healthy,0,0.7789,0.108,0.9872,23.286,1.297,26.382,68.253,6.15,0.017,0.0337
PHB_00288,Early Disease,1,0.6392,0.4038,0.7822,25.601,1.392,28.782,62.269,6.471,0.0258,0.0598
PHB_05024,Moderate Illness,2,0.5527,0.4821,0.5523,24.244,1.3072,21.277,73.584,6.306,0.0498,0.0703
PHB_02967,Early Disease,1,0.5492,0.331,0.8593,24.461,1.3736,24.013,63.445,6.727,0.0322,0.0467
PHB_03165,Moderate Illness,2,0.4183,0.5636,0.6137,27.123,1.1959,21.895,69.787,6.448,0.0351,0.0699
PHB_06004,Healthy,0,0.7786,0.1614,0.8626,25.315,1.1587,26.531,60.19,6.865,0.0439,0.0215
PHB_08888,Moderate Illness,2,0.4883,0.51,0.7056,25.985,1.2126,27.797,69.672,6.167,0.0574,0.0498
PHB_01658,Severe Disease,3,0.3095,0.7572,0.472,27.439,1.4594,26.75,57.129,6.383,0.0445,0.0809
PHB_01976,Healthy,0,0.7205,0.1168,0.8999,25.621,1.0223,28.965,78.029,6.285,0.0211,0.021
PHB_02398,Healthy,0,0.8437,0.0576,0.8385,24.926,1.2196,23.084,69.423,6.875,0.0321,0.0282
PHB_00453,Moderate Illness,2,0.4918,0.4648,0.559,26.759,1.2746,26.282,68.599,5.894,0.0363,0.065
PHB_08031,Moderate Illness,2,0.5249,0.4374,0.5161,26.777,1.083,21.956,79.854,6.273,0.0637,0.0729
PHB_04697,Early Disease,1,0.6863,0.3005,0.6886,26.548,1.2626,22.844,74.249,6.561,0.0477,0.0352
PHB_03682,Healthy,0,0.9175,0.047,0.963,24.681,1.0839,26.016,61.232,6.404,0.0232,0.0258
PHB_00423,Healthy,0,0.9453,0.1524,0.8601,24.905,0.9367,23.178,79.547,6.869,0.0241,0.0366
PHB_09726,Severe Disease,3,0.2759,0.6867,0.4076,25.166,1.4018,28.969,66.526,5.875,0.0556,0.0773
PHB_00658,Early Disease,1,0.5957,0.264,0.78,25.066,1.2242,29.901,70.159,6.126,0.0647,0.021
PHB_03302,Early Disease,1,0.6578,0.2977,0.6709,26.031,1.1586,24.227,65.63,6.404,0.0277,0.0372
PHB_06395,Moderate Illness,2,0.4378,0.5725,0.4441,27.125,1.2133,24.001,78.832,6.206,0.0508,0.0403
PHB_02846,Moderate Illness,2,0.5737,0.5256,0.5362,25.622,1.3584,23.357,65.331,6.197,0.0666,0.0486
PHB_08292,Severe Disease,3,0.3262,0.6464,0.4244,27.586,1.4309,26.948,66.186,6.192,0.0691,0.0805
PHB_07498,Moderate Illness,2,0.5714,0.5125,0.5794,27.073,1.4989,22.931,71.692,6.266,0.056,0.0611
PHB_01002,Early Disease,1,0.7188,0.2978,0.8064,26.507,1.1586,23.401,71.794,6.343,0.0213,0.043
PHB_04199,Healthy,0,0.7975,0.0,0.8153,25.763,1.1682,22.822,71.483,6.308,0.0262,0.0261
PHB_02419,Healthy,0,0.7784,0.1532,0.8073,24.629,1.2935,24.984,76.066,6.823,0.0335,0.0243
PHB_07483,Moderate Illness,2,0.5075,0.5393,0.5877,26.093,1.1523,27.336,63.717,6.418,0.0606,0.0581
PHB_05707,Severe Disease,3,0.2656,0.689,0.4743,26.906,1.4925,24.036,58.416,6.429,0.0492,0.0786
PHB_03848,Moderate Illness,2,0.4206,0.5769,0.6211,26.842,1.3436,29.661,67.738,6.245,0.0704,0.07
PHB_00962,Early Disease,1,0.5632,0.328,0.7516,24.876,1.21,29.614,57.976,6.836,0.0485,0.0556
PHB_01581,Severe Disease,3,0.3044,0.6831,0.4412,27.773,1.612,29.22,68.85,6.2,0.0508,0.0979
PHB_05008,Moderate Illness,2,0.5076,0.4181,0.5852,24.949,1.3984,21.448,67.468,6.379,0.0349,0.0904
PHB_02207,Moderate Illness,2,0.4568,0.5706,0.6159,26.34,1.4826,21.787,65.505,5.615,0.0355,0.0664
PHB_06313,Severe Disease,3,0.438,0.6989,0.5846,27.472,1.3539,23.971,57.861,6.444,0.0732,0.0451
PHB_09563,Healthy,0,0.9014,0.1054,0.8719,24.24,0.9862,24.218,66.362,6.33,0.0389,0.0432
PHB_04232,Healthy,0,0.8338,0.0999,0.9179,24.5,1.004,24.385,59.28,6.454,0.0205,0.0335
PHB_00758,Severe Disease,3,0.3349,0.6358,0.3674,27.774,1.3645,23.597,63.321,6.125,0.0736,0.0558
PHB_02285,Healthy,0,0.8882,0.1102,0.8819,25.109,1.0814,25.531,62.365,7.064,0.0265,0.0204
PHB_06664,Severe Disease,3,0.3148,0.7363,0.4283,28.225,1.4799,24.836,64.492,6.126,0.0608,0.0724
PHB_04756,Moderate Illness,2,0.5012,0.597,0.5623,26.016,1.2402,25.464,70.71,6.488,0.047,0.06
PHB_08212,Severe Disease,3,0.2883,0.6239,0.4394,27.535,1.3639,26.549,58.329,5.813,0.0549,0.0697
PHB_00808,Healthy,0,0.8947,0.1445,0.8121,24.102,1.0732,26.982,63.161,6.564,0.0245,0.0339
PHB_06576,Moderate Illness,2,0.4851,0.5495,0.6254,25.761,1.445,22.536,65.236,5.822,0.0399,0.0508
PHB_07720,Early Disease,1,0.6183,0.3426,0.6957,24.576,1.2821,23.841,73.792,6.442,0.0499,0.0622
PHB_01957,Moderate Illness,2,0.3717,0.5271,0.6581,26.406,1.5109,27.076,81.638,6.716,0.0465,0.0352
PHB_02446,Moderate Illness,2,0.454,0.4875,0.5543,26.46,1.3614,26.314,57.224,6.045,0.0513,0.0448
PHB_05876,Early Disease,1,0.6797,0.2415,0.7272,26.405,1.3803,27.648,74.742,6.208,0.0226,0.0556
PHB_08164,Healthy,0,0.778,0.2018,0.8535,24.32,1.0465,23.801,66.203,6.628,0.0193,0.0305
PHB_06139,Healthy,0,0.8277,0.1976,0.854,24.989,0.9867,30.821,61.102,6.725,0.0258,0.0139
PHB_02403,Severe Disease,3,0.2703,0.6854,0.532,25.705,1.5058,27.631,68.467,5.995,0.0651,0.0623
PHB_01074,Severe Disease,3,0.4051,0.7961,0.4847,27.29,1.3495,24.37,63.627,6.173,0.0602,0.0566
PHB_06558,Healthy,0,0.7976,0.1136,0.8676,24.877,0.9515,21.517,63.555,6.053,0.0301,0.051
PHB_04241,Severe Disease,3,0.3418,0.7834,0.486,27.77,1.3295,27.587,77.038,6.186,0.0576,0.0839
PHB_08510,Severe Disease,3,0.3235,0.7674,0.4433,27.457,1.1961,21.083,64.887,6.175,0.0797,0.0627
PHB_02092,Severe Disease,3,0.246,0.6849,0.4503,26.721,1.3128,23.651,69.936,5.899,0.0742,0.0561
PHB_04528,Moderate Illness,2,0.4752,0.4713,0.6203,27.128,1.2836,23.065,63.004,6.054,0.0561,0.055
PHB_07203,Healthy,0,0.845,0.2494,0.9352,23.842,0.9563,20.916,69.027,6.648,0.0195,0.0103
PHB_06796,Moderate Illness,2,0.5122,0.5013,0.7159,26.439,1.2653,22.353,73.284,6.4,0.0415,0.0616
PHB_07238,Moderate Illness,2,0.5388,0.5225,0.5973,26.613,1.2418,28.118,66.96,6.594,0.0524,0.0657
PHB_07423,Early Disease,1,0.5351,0.3005,0.6302,24.693,1.2707,23.658,68.988,6.256,0.0442,0.0435
PHB_06850,Severe Disease,3,0.4305,0.6604,0.6148,27.184,1.4296,26.17,69.904,6.096,0.0609,0.0758
PHB_06837,Healthy,0,0.8203,0.068,0.9564,28.242,1.02,26.578,78.413,6.69,0.0119,0.0211
PHB_01004,Healthy,0,0.9252,0.0721,0.9094,24.382,1.0037,23.247,67.691,6.487,0.0089,0.0349
PHB_09100,Severe Disease,3,0.3468,0.692,0.4287,27.132,1.2568,22.592,70.045,6.386,0.0538,0.0729
PHB_06563,Healthy,0,0.8734,0.1441,0.9668,24.069,1.0556,23.633,65.656,5.974,0.0281,0.0469
PHB_05615,Moderate Illness,2,0.517,0.5658,0.6033,27.017,1.3915,23.226,56.683,6.143,0.0561,0.063
PHB_04652,Severe Disease,3,0.3991,0.6888,0.4289,27.513,1.2627,27.03,51.328,6.284,0.058,0.0745
PHB_05314,Moderate Illness,2,0.5282,0.4691,0.6243,27.353,1.3098,27.868,70.226,6.342,0.0327,0.0501
PHB_01486,Healthy,0,0.8544,0.0502,0.7952,23.714,1.2249,23.387,63.541,6.603,0.0062,0.0311
PHB_07608,Healthy,0,0.8421,0.1309,0.8258,24.915,1.1064,26.756,63.628,6.377,0.0234,0.032
PHB_01412,Severe Disease,3,0.3332,0.7825,0.4018,28.055,1.3238,25.875,70.726,6.01,0.0607,0.0611
PHB_09304,Moderate Illness,2,0.4581,0.5141,0.7057,26.334,1.3353,24.206,56.227,6.492,0.0386,0.0518
PHB_00710,Early Disease,1,0.6379,0.3692,0.7187,26.457,1.3812,28.784,63.908,6.588,0.0201,0.0495
PHB_09807,Moderate Illness,2,0.4875,0.5745,0.6728,26.535,1.2781,23.29,70.559,5.916,0.0463,0.0396
PHB_08043,Severe Disease,3,0.3552,0.763,0.5122,26.205,1.3013,24.605,69.162,6.571,0.057,0.0878
PHB_07212,Severe Disease,3,0.454,0.8069,0.4297,26.003,1.3543,22.176,59.411,6.227,0.0418,0.087
PHB_03077,Early Disease,1,0.6751,0.3316,0.739,26.686,1.2782,23.871,67.566,6.264,0.0334,0.047
PHB_08315,Healthy,0,0.8288,0.1112,0.8343,24.294,0.954,25.237,68.136,6.414,0.0318,0.0263
PHB_04102,Moderate Illness,2,0.4561,0.546,0.7249,25.229,1.378,25.689,72.75,6.169,0.0473,0.0523
PHB_05115,Healthy,0,0.8663,0.141,0.8974,24.355,1.1173,24.378,63.108,6.537,0.0175,0.0137
PHB_02723,Early Disease,1,0.5988,0.354,0.718,26.012,1.3679,27.14,70.304,6.303,0.0524,0.0534
PHB_09360,Healthy,0,0.8996,0.0541,0.778,23.575,0.9354,24.747,51.782,6.699,0.0222,0.0538
PHB_01269,Early Disease,1,0.5988,0.2261,0.8178,25.079,1.1677,25.912,62.935,6.541,0.0411,0.0384
PHB_02463,Healthy,0,0.8612,0.0425,1.0129,24.438,1.1569,25.756,70.769,6.784,0.0234,0.0274
PHB_05465,Healthy,0,0.8001,0.0993,0.8783,24.787,1.4003,20.827,74.908,6.453,0.005,0.0056
PHB_00269,Healthy,0,0.8018,0.1859,0.7745,23.938,1.1894,31.034,80.033,6.717,0.0233,0.0387
PHB_03581,Severe Disease,3,0.2366,0.7088,0.4068,27.376,1.6085,21.255,52.404,6.769,0.0816,0.0582
PHB_05350,Healthy,0,0.845,0.0136,0.9664,25.296,1.2078,26.681,65.137,6.604,0.014,0.0279
PHB_07291,Early Disease,1,0.8104,0.2943,0.7225,25.89,1.215,26.092,75.955,6.316,0.023,0.05
PHB_05158,Moderate Illness,2,0.4273,0.408,0.5712,27.461,1.2615,27.467,65.101,6.251,0.0478,0.0468
PHB_06602,Healthy,0,0.803,0.1395,0.7341,24.779,0.9145,23.138,76.297,6.764,0.022,0.018
PHB_02822,Moderate Illness,2,0.5011,0.5714,0.522,26.973,1.4245,24.817,60.445,6.309,0.0439,0.0546
PHB_05808,Severe Disease,3,0.2474,0.647,0.4534,28.172,1.4996,30.689,69.492,6.319,0.0644,0.0658
PHB_00590,Healthy,0,0.8713,0.1427,0.8394,24.337,1.1319,22.922,74.267,6.416,0.0082,0.0233
PHB_05956,Moderate Illness,2,0.4547,0.4971,0.6478,26.457,1.342,25.443,56.652,6.259,0.0525,0.0655
PHB_05255,Severe Disease,3,0.3134,0.7669,0.5328,27.648,1.3297,25.532,55.162,6.014,0.0528,0.0434
PHB_06662,Severe Disease,3,0.2507,0.8379,0.5044,26.005,1.4473,23.347,52.871,6.219,0.0367,0.07
PHB_07657,Severe Disease,3,0.3621,0.7001,0.5245,27.408,1.4743,26.13,68.855,6.332,0.047,0.0864
PHB_08726,Severe Disease,3,0.3154,0.6875,0.5244,26.99,1.5245,26.919,67.644,6.07,0.0786,0.0862
PHB_06897,Severe Disease,3,0.3433,0.7637,0.3891,27.182,1.6183,22.628,61.819,6.32,0.076,0.0779
PHB_07595,Moderate Illness,2,0.5124,0.4716,0.3614,26.15,1.3441,25.71,57.012,5.989,0.0547,0.0668
PHB_02029,Moderate Illness,2,0.4738,0.5418,0.5357,26.869,1.5385,25.293,54.137,6.046,0.0389,0.0625
PHB_06819,Healthy,0,0.8116,0.1059,0.8513,25.182,1.1208,27.239,71.739,6.17,0.0122,0.0311
PHB_00678,Early Disease,1,0.6356,0.348,0.7383,25.119,1.2335,22.2,80.894,6.212,0.0355,0.0494
PHB_05764,Severe Disease,3,0.3887,0.7748,0.4431,27.809,1.3538,25.436,67.436,6.095,0.0569,0.074
PHB_01233,Healthy,0,0.809,0.0901,0.8786,25.041,1.1439,24.355,74.403,6.066,0.011,0.0392
PHB_05297,Severe Disease,3,0.3789,0.6653,0.4442,27.287,1.6488,27.112,62.034,6.49,0.0719,0.0835
PHB_07104,Healthy,0,0.7027,0.2277,0.7882,24.818,1.1046,26.753,59.024,6.392,0.0261,0.0485
PHB_05035,Moderate Illness,2,0.506,0.5753,0.5765,27.535,1.2202,26.606,62.698,6.178,0.0528,0.067
PHB_05453,Moderate Illness,2,0.5272,0.4977,0.5581,26.136,1.2479,26.122,61.677,6.252,0.0534,0.0454
PHB_02433,Moderate Illness,2,0.5084,0.4687,0.5347,27.97,1.3824,23.16,68.062,6.707,0.0594,0.0579
PHB_06320,Moderate Illness,2,0.591,0.4753,0.6233,26.544,1.3305,27.088,51.985,6.067,0.0599,0.0429
PHB_06120,Healthy,0,0.9077,0.1477,0.8879,25.38,1.0323,28.144,83.894,6.486,0.0268,0.0385
PHB_09159,Healthy,0,0.7173,0.0781,0.871,24.862,1.0234,20.938,68.492,6.516,0.0144,0.0331
PHB_09954,Early Disease,1,0.6116,0.3752,0.6168,25.366,1.3601,25.445,69.076,6.894,0.0466,0.0391
PHB_00897,Early Disease,1,0.6414,0.321,0.7188,24.727,1.1298,21.919,67.385,6.356,0.0547,0.0576
PHB_01612,Severe Disease,3,0.2822,0.7664,0.4732,26.039,1.4539,25.815,56.337,6.549,0.0539,0.0711
PHB_06475,Healthy,0,0.7385,0.1599,0.9377,22.902,1.1202,26.156,63.669,6.235,0.0141,0.0362
PHB_07662,Severe Disease,3,0.3165,0.7355,0.4461,26.209,1.3737,26.977,73.914,6.337,0.0872,0.0753
PHB_07461,Early Disease,1,0.7284,0.4355,0.7428,25.231,1.3171,26.327,62.507,6.383,0.0462,0.0464
PHB_03807,Moderate Illness,2,0.5121,0.468,0.5963,26.186,1.0985,27.974,71.552,6.625,0.0573,0.0595
PHB_08274,Moderate Illness,2,0.476,0.4558,0.5336,25.478,1.2544,27.35,58.186,6.245,0.0581,0.0486
PHB_09452,Early Disease,1,0.7168,0.2797,0.7826,25.095,1.1785,27.118,70.433,6.205,0.023,0.0438
PHB_04702,Early Disease,1,0.7154,0.295,0.8027,25.685,1.2304,22.491,65.372,6.736,0.0337,0.0486
PHB_03962,Healthy,0,0.8306,0.2202,0.9784,22.722,1.0862,25.964,67.335,6.719,0.0115,0.0152
PHB_05418,Severe Disease,3,0.4366,0.7807,0.4187,26.823,1.3584,25.007,76.081,6.385,0.0529,0.0791
PHB_00891,Early Disease,1,0.6546,0.3298,0.7891,25.951,1.1178,23.085,74.362,6.519,0.0288,0.0563
PHB_05000,Moderate Illness,2,0.4568,0.5714,0.7106,26.001,1.4084,26.764,62.788,6.238,0.0615,0.0673
PHB_07507,Severe Disease,3,0.3215,0.7582,0.5383,27.701,1.5107,24.436,74.884,6.076,0.0605,0.0737
PHB_07882,Healthy,0,0.7903,0.1845,0.8501,24.819,1.0062,28.398,75.568,6.417,0.0157,0.0266
PHB_05096,Moderate Illness,2,0.4567,0.5928,0.4931,27.751,1.4366,24.213,64.122,6.419,0.052,0.0728
PHB_06933,Moderate Illness,2,0.5398,0.5199,0.5737,26.429,1.3853,25.169,60.083,5.921,0.054,0.073
PHB_09618,Healthy,0,0.8383,0.1506,0.8545,24.92,0.9415,23.346,61.446,6.475,0.0208,0.0445
PHB_02800,Severe Disease,3,0.3602,0.6516,0.2875,27.551,1.4132,23.41,74.145,6.237,0.0643,0.0839
PHB_00585,Severe Disease,3,0.3086,0.7126,0.4158,27.349,1.2578,21.198,67.436,6.291,0.0591,0.0661
PHB_03269,Severe Disease,3,0.3038,0.7639,0.4022,28.413,1.4563,26.221,68.794,6.323,0.0691,0.0504
PHB_03933,Moderate Illness,2,0.4112,0.4841,0.5753,26.152,1.2616,24.073,67.812,6.082,0.0532,0.0668
PHB_01261,Healthy,0,0.9134,0.0999,0.889,25.543,1.0816,24.18,63.149,6.57,0.0353,0.0284
PHB_06206,Moderate Illness,2,0.4764,0.5406,0.5223,27.439,1.2336,26.758,72.544,6.499,0.0361,0.0657
PHB_00311,Early Disease,1,0.6891,0.2554,0.7328,24.71,1.0667,22.471,69.308,6.581,0.026,0.0422
PHB_07790,Healthy,0,0.921,0.1514,0.7776,25.389,1.0745,23.671,68.437,6.334,0.0252,0.027
PHB_06459,Moderate Illness,2,0.8159,0.6764,0.6307,26.648,1.3443,26.88,66.614,6.447,0.045,0.0599
PHB_06207,Early Disease,1,0.6548,0.3654,0.8156,24.22,1.0723,24.668,79.657,6.21,0.0582,0.0473
PHB_05883,Severe Disease,3,0.2884,0.8269,0.4758,28.33,1.5591,25.775,63.692,6.463,0.0635,0.0518
PHB_04669,Severe Disease,3,0.3578,0.6528,0.5094,27.125,1.2203,22.543,62.343,6.181,0.0585,0.0899
PHB_04299,Moderate Illness,2,0.4816,0.5243,0.5477,27.42,1.2798,24.317,60.209,6.006,0.063,0.038
PHB_03784,Healthy,0,0.8949,0.2239,0.783,24.477,0.9613,23.376,60.391,6.293,0.0191,0.0457
PHB_01009,Moderate Illness,2,0.448,0.4869,0.546,25.524,1.1885,24.128,54.56,6.299,0.0605,0.0496
PHB_08355,Moderate Illness,2,0.5205,0.6012,0.669,26.159,1.5019,23.599,61.465,6.193,0.0343,0.0645
PHB_02186,Healthy,0,0.866,0.1955,0.9537,24.155,1.156,24.171,78.123,6.492,0.0338,0.0525
PHB_03624,Severe Disease,3,0.3073,0.9183,0.584,27.706,1.2981,23.993,60.631,6.161,0.0619,0.0431
PHB_07040,Severe Disease,3,0.3457,0.6737,0.5309,26.273,1.3123,22.29,60.19,6.392,0.0608,0.0628
PHB_04923,Early Disease,1,0.6706,0.2873,0.651,25.381,1.1907,26.68,63.272,6.356,0.0363,0.0478
PHB_09674,Moderate Illness,2,0.5049,0.4768,0.5322,26.383,1.3182,26.642,62.703,6.601,0.0387,0.0444
PHB_07951,Moderate Illness,2,0.6143,0.6125,0.7758,26.959,1.3251,27.298,57.688,6.505,0.0579,0.0589
PHB_06126,Early Disease,1,0.628,0.3029,0.7602,25.906,2.0,29.071,59.457,6.479,0.0441,0.0292
PHB_04757,Early Disease,1,0.6413,0.3202,0.69,26.674,1.1045,26.099,62.326,6.117,0.0324,0.0579
PHB_05075,Severe Disease,3,0.4439,0.7845,0.4716,26.595,1.2769,27.428,55.354,5.955,0.0438,0.0768
PHB_00091,Healthy,0,0.8481,0.1621,0.807,24.82,0.9036,26.939,48.066,6.609,0.0242,0.0324
PHB_05975,Severe Disease,3,0.3388,0.6414,0.4956,28.377,1.3379,24.554,64.573,5.794,0.0742,0.0526
PHB_06419,Severe Disease,3,0.3051,0.7637,0.4129,27.789,1.2457,26.734,67.675,6.415,0.0654,0.0459
PHB_08641,Early Disease,1,0.668,0.4015,0.7956,25.077,1.1039,27.459,58.574,6.458,0.0362,0.0457
PHB_08691,Moderate Illness,2,0.5261,0.5268,0.46,26.221,1.2448,27.004,66.447,6.229,0.0302,0.0516
PHB_02118,Healthy,0,0.8479,0.0493,0.8671,24.68,1.0682,25.779,71.818,6.65,0.0248,0.0201
PHB_02938,Healthy,0,0.9151,0.0628,0.9084,24.743,1.1644,27.713,64.736,6.934,0.0299,0.0373
PHB_06843,Moderate Illness,2,0.3809,0.4619,0.5626,27.903,2.0,23.836,59.206,6.055,0.051,0.0461
PHB_00984,Early Disease,1,0.6813,0.328,0.7676,24.784,1.3375,26.369,63.038,6.344,0.0307,0.0562
PHB_07261,Severe Disease,3,0.4302,0.7573,0.4407,26.959,1.3572,26.801,77.533,6.249,0.0556,0.0652
PHB_09986,Severe Disease,3,0.4553,0.7152,0.4184,27.775,1.268,24.996,53.393,6.13,0.0728,0.0624
PHB_02926,Moderate Illness,2,0.4558,0.4397,0.5101,27.97,1.1091,23.64,68.04,6.071,0.059,0.0497
PHB_06062,Early Disease,1,0.6654,0.3583,0.7957,24.609,0.9884,28.132,71.596,6.899,0.0481,0.0429
PHB_03215,Healthy,0,0.7876,0.1038,0.9036,24.0,0.8641,28.035,69.549,5.981,0.017,0.0276
PHB_06448,Early Disease,1,0.5841,0.2731,0.7709,26.135,1.1707,25.615,81.335,6.515,0.0122,0.0282
PHB_06780,Moderate Illness,2,0.6159,0.3826,0.4905,26.194,1.2415,23.955,59.844,6.255,0.055,0.041
PHB_07039,Severe Disease,3,0.3525,0.7462,0.467,27.022,1.6059,25.804,45.964,6.011,0.0556,0.0577
PHB_05664,Healthy,0,0.9268,0.0951,0.8738,24.36,1.316,26.864,66.018,5.936,0.0225,0.029
PHB_00628,Healthy,0,0.8216,0.0571,0.8589,23.605,1.0665,22.534,69.801,6.036,0.0246,0.0198
PHB_08009,Severe Disease,3,0.3619,0.797,0.5251,27.433,1.3326,22.402,61.578,6.38,0.0581,0.0418
PHB_05126,Healthy,0,0.7462,0.1517,0.9408,24.88,1.2452,24.709,63.775,6.98,0.0179,0.0132
PHB_04766,Early Disease,1,0.7275,0.351,0.8024,25.37,1.0942,19.635,73.161,6.331,0.0349,0.0274
PHB_08144,Early Disease,1,0.6289,0.3505,0.6741,25.608,1.1432,22.856,63.204,6.63,0.044,0.0643
PHB_09595,Early Disease,1,0.7516,0.4065,0.7798,25.656,1.1611,23.759,63.722,6.268,0.0394,0.0573
PHB_01270,Early Disease,1,0.6598,0.2892,0.7713,26.122,1.0987,24.521,76.472,6.387,0.0426,0.0319
PHB_00129,Healthy,0,0.8099,0.1012,0.9365,24.174,0.9197,21.296,58.976,6.625,0.0299,0.0559
PHB_06113,Early Disease,1,0.6954,0.3808,0.8366,25.267,1.3333,27.269,64.658,6.28,0.0469,0.0363
PHB_01712,Early Disease,1,0.7294,0.2914,0.7075,26.076,1.1797,23.651,74.191,6.11,0.05,0.0654
PHB_07863,Healthy,0,0.8423,0.0237,0.6844,25.413,1.1689,25.509,60.485,6.288,0.0153,0.0276
PHB_04236,Healthy,0,0.8441,0.1277,0.856,24.482,1.1206,25.596,73.041,6.612,0.0258,0.026
PHB_05193,Healthy,0,0.8379,0.1382,0.8278,24.761,0.9413,21.676,77.812,6.232,0.035,0.0539
PHB_02399,Healthy,0,0.8559,0.102,0.8464,25.213,1.1364,24.179,62.577,6.151,0.0318,0.0224
PHB_05435,Moderate Illness,2,0.6078,0.5721,0.6569,26.501,1.3196,27.733,65.429,6.234,0.0413,0.0803
PHB_06058,Moderate Illness,2,0.4793,0.5178,0.631,25.971,1.2927,22.813,72.121,6.1,0.0388,0.0484
PHB_09319,Severe Disease,3,0.4191,0.7726,0.5124,27.737,1.434,25.657,57.466,6.07,0.0561,0.069
PHB_01187,Early Disease,1,0.7626,0.3489,0.7412,26.464,1.1122,27.18,74.085,6.14,0.039,0.0465
PHB_06014,Moderate Illness,2,0.5377,0.4386,0.532,26.414,1.3822,22.912,63.076,6.092,0.0435,0.0701
PHB_09794,Healthy,0,0.9148,0.1456,0.8942,24.893,1.0602,26.519,67.851,6.586,0.0486,0.034
PHB_06015,Healthy,0,0.8627,0.1256,1.006,24.743,1.2151,25.472,59.217,6.613,0.0224,0.0366
PHB_01978,Severe Disease,3,0.2545,0.7321,0.4083,26.773,1.2095,21.557,55.305,6.244,0.0572,0.085
PHB_09888,Severe Disease,3,0.2805,0.7036,0.4551,28.823,1.2662,21.039,66.017,5.995,0.0511,0.0776
PHB_04248,Healthy,0,0.8906,0.1457,0.8242,24.118,0.9117,25.835,67.171,6.184,0.0129,0.0338
PHB_07673,Severe Disease,3,0.3036,0.7491,0.4184,27.53,1.4062,23.684,59.361,6.073,0.0591,0.0681
PHB_00916,Severe Disease,3,0.3005,0.6965,0.4847,28.125,1.3484,24.275,58.951,5.869,0.062,0.0842
PHB_01306,Severe Disease,3,0.3405,0.7182,0.3876,26.607,1.3789,20.933,79.557,6.177,0.0757,0.0788
PHB_05456,Moderate Illness,2,0.4605,0.5254,0.5796,27.12,1.4015,22.833,70.906,6.509,0.0647,0.0533
PHB_03050,Healthy,0,0.8063,0.2356,0.958,24.951,1.1837,25.642,68.887,6.482,0.0245,0.0139
PHB_09522,Moderate Illness,2,0.5176,0.4046,0.5636,25.945,1.5411,23.827,68.716,6.416,0.073,0.0629
PHB_01274,Moderate Illness,2,0.5565,0.5058,0.621,26.175,1.1442,26.42,64.086,6.329,0.0502,0.0585
PHB_08056,Moderate Illness,2,0.4912,0.5658,0.5098,26.82,1.284,26.687,53.17,6.278,0.0476,0.0314
PHB_02797,Moderate Illness,2,0.488,0.4856,0.5632,26.86,1.499,27.917,64.257,6.543,0.0387,0.0549
PHB_01399,Moderate Illness,2,0.5163,0.6389,0.7191,28.105,1.2991,25.027,71.103,5.81,0.0566,0.0761
PHB_03359,Moderate Illness,2,0.4885,0.5724,0.581,25.463,1.3786,25.031,66.143,6.294,0.0422,0.066
PHB_00184,Early Disease,1,0.6794,0.3645,0.7504,25.59,1.254,23.533,52.181,5.993,0.0437,0.0357
PHB_06868,Healthy,0,0.7992,0.1186,0.9492,23.928,1.0654,25.494,70.704,6.524,0.0147,0.0184
PHB_05696,Early Disease,1,0.5544,0.2955,0.8708,24.867,1.2231,23.431,76.929,6.574,0.0338,0.0421
PHB_08836,Healthy,0,0.8616,0.0645,0.7267,25.1,1.3334,24.536,69.954,6.238,0.0227,0.0499
PHB_09627,Healthy,0,0.7532,0.0909,0.8605,23.927,1.0876,26.1,83.655,6.464,0.033,0.0507
PHB_06171,Severe Disease,3,0.4948,0.7038,0.4458,28.066,1.6071,28.499,67.944,6.081,0.0637,0.0991
PHB_06988,Healthy,0,0.8647,0.0907,0.9247,24.321,1.1842,24.631,75.591,6.488,0.0261,0.0323
PHB_04568,Healthy,0,0.8161,0.0847,0.8856,24.873,1.1593,24.099,66.797,6.65,0.0269,0.0341
PHB_08956,Early Disease,1,0.6442,0.2869,0.7536,25.71,1.2334,25.774,57.934,6.276,0.055,0.0421
PHB_02657,Early Disease,1,0.6807,0.3718,0.6153,24.911,1.3966,22.805,61.283,6.622,0.0363,0.044
PHB_08310,Severe Disease,3,0.4431,0.6731,0.4924,28.578,1.5344,23.598,63.133,6.066,0.0502,0.0461
PHB_06858,Early Disease,1,0.5812,0.2947,0.6355,26.26,1.0369,27.695,67.971,6.114,0.0358,0.0516
PHB_01962,Early Disease,1,0.6372,0.4064,0.6745,25.45,1.1654,27.347,59.178,6.399,0.0421,0.0495
PHB_06384,Severe Disease,3,0.3958,0.7356,0.5247,27.775,1.313,25.322,64.182,6.368,0.073,0.1
PHB_08854,Moderate Illness,2,0.5978,0.4717,0.5849,25.631,1.242,25.095,62.647,6.14,0.0478,0.0629
PHB_09974,Early Disease,1,0.6255,0.2578,0.7326,24.143,1.3696,24.143,69.592,6.011,0.0388,0.081
PHB_01252,Healthy,0,0.8982,0.0193,0.9589,24.978,1.1455,26.862,57.159,6.368,0.031,0.0218
PHB_03177,Severe Disease,3,0.1528,0.7915,0.3294,25.859,1.294,25.599,69.218,6.327,0.075,0.1
PHB_07761,Early Disease,1,0.6761,0.2274,0.7559,25.447,1.1601,24.487,69.413,6.407,0.0351,0.0232
PHB_05014,Moderate Illness,2,0.4534,0.4308,0.6529,26.467,1.3251,25.21,63.293,6.607,0.0424,0.0503
PHB_09706,Healthy,0,0.715,0.1218,0.9034,25.026,1.0813,26.89,56.523,5.831,0.0232,0.0519
PHB_06540,Moderate Illness,2,0.5405,0.571,0.6215,26.118,0.9837,25.136,58.36,6.315,0.0384,0.0573
PHB_03290,Early Disease,1,0.6679,0.3828,0.8024,23.769,1.24,24.627,57.964,6.273,0.0271,0.0499
PHB_06449,Moderate Illness,2,0.5477,0.5324,0.5494,25.848,1.3537,22.707,58.474,6.164,0.043,0.0533
PHB_08727,Severe Disease,3,0.3471,0.704,0.3803,26.77,1.3565,19.994,61.036,6.469,0.0644,0.053
PHB_07612,Moderate Illness,2,0.4,0.5334,0.5722,26.267,1.3268,22.199,66.07,6.531,0.0494,0.0458
PHB_06276,Moderate Illness,2,0.498,0.5624,0.5447,26.522,1.335,25.879,69.403,6.664,0.0519,0.0342
PHB_06888,Early Disease,1,0.6404,0.373,0.6349,25.322,1.1418,25.646,72.105,6.082,0.0464,0.0353
PHB_01052,Healthy,0,0.8299,0.0886,0.999,24.405,0.9164,27.745,58.99,6.799,0.0227,0.0437
PHB_04070,Healthy,0,0.8038,0.0145,0.8341,23.905,1.0236,24.684,57.991,6.334,0.0222,0.0464
PHB_06023,Healthy,0,0.7459,0.21,1.0049,25.074,0.9071,23.413,74.653,6.576,0.0166,0.0154
PHB_05553,Early Disease,1,0.6739,0.2378,0.74,26.073,1.2971,27.887,69.57,6.079,0.0546,0.0462
PHB_00273,Healthy,0,0.9266,0.2193,0.857,24.26,1.3052,24.652,62.957,6.326,0.0527,0.0285
PHB_02043,Moderate Illness,2,0.4542,0.4584,0.6752,27.58,1.1597,23.976,60.022,6.477,0.0559,0.0617
PHB_04764,Moderate Illness,2,0.5751,0.4674,0.678,28.076,1.233,23.868,74.913,6.361,0.0391,0.0422
PHB_08998,Early Disease,1,0.6297,0.3471,0.7473,25.741,1.2669,24.384,78.837,6.45,0.0465,0.0489
PHB_05205,Healthy,0,0.8641,0.1163,0.8414,22.088,0.9927,24.449,73.047,6.628,0.0489,0.0164
PHB_09510,Healthy,0,0.9214,0.1303,0.7696,24.906,1.0103,23.874,76.845,6.3,0.0379,0.0131
PHB_01087,Severe Disease,3,0.3563,0.6649,0.5148,27.055,1.5531,24.819,64.227,6.17,0.0846,0.0775
PHB_08374,Early Disease,1,0.6035,0.4399,0.7649,25.302,1.1772,21.003,73.897,6.159,0.0316,0.0305
PHB_07733,Early Disease,1,0.7752,0.5152,0.8722,26.435,1.0164,26.437,63.885,6.061,0.0344,0.0449
PHB_07516,Moderate Illness,2,0.5949,0.5542,0.6059,27.227,1.2861,22.777,60.172,6.316,0.0544,0.076
PHB_06679,Healthy,0,0.8317,0.1751,0.8944,23.38,1.1471,25.823,64.781,6.317,0.0269,0.0391
PHB_04323,Moderate Illness,2,0.3681,0.5635,0.6636,26.862,1.1471,23.347,63.391,6.155,0.0462,0.0631
PHB_06947,Moderate Illness,2,0.3903,0.6216,0.6044,27.363,1.3064,30.316,65.732,6.596,0.0582,0.0548
PHB_07748,Moderate Illness,2,0.5262,0.5079,0.6261,25.474,1.0899,23.728,72.376,6.215,0.0583,0.0507
PHB_06773,Early Disease,1,0.746,0.3758,0.7007,23.824,0.981,26.79,62.846,6.502,0.0383,0.0607
PHB_05519,Healthy,0,0.7283,0.2448,0.8888,24.627,1.1052,27.611,73.782,6.113,0.0229,0.0345
PHB_05118,Severe Disease,3,0.3081,0.7276,0.4615,27.852,1.439,28.697,57.059,6.069,0.0562,0.0682
PHB_06180,Early Disease,1,0.7081,0.2981,0.6988,25.281,1.3167,25.045,64.184,6.8,0.0435,0.0641
PHB_04710,Early Disease,1,0.6763,0.3167,0.766,25.401,1.0994,27.471,67.939,6.549,0.0453,0.0322
PHB_08122,Moderate Illness,2,0.4324,0.5624,0.7138,27.558,1.4029,27.452,65.035,6.302,0.0506,0.0778
PHB_05970,Severe Disease,3,0.2774,0.7245,0.5654,27.73,1.4231,23.806,61.475,6.297,0.0558,0.0694
PHB_06785,Moderate Illness,2,0.6248,0.6013,0.5364,26.019,1.2118,24.812,64.76,6.099,0.0542,0.0583
PHB_03479,Severe Disease,3,0.3084,0.7588,0.4938,26.272,1.3885,26.335,73.549,6.361,0.0626,0.0777
PHB_08415,Healthy,0,0.8896,0.114,0.7457,24.678,1.3794,25.698,77.765,6.536,0.0206,0.0453
PHB_03925,Healthy,0,0.7968,0.1741,0.9225,23.075,0.8067,25.255,60.286,6.506,0.0149,0.0335
PHB_01749,Early Disease,1,0.6887,0.4049,0.7708,25.512,1.9978,29.056,64.651,6.031,0.034,0.0629
PHB_00733,Healthy,0,0.8262,0.081,1.0089,24.904,0.9563,24.287,72.132,6.474,0.0368,0.0305
PHB_02554,Severe Disease,3,0.3378,0.7572,0.4881,27.948,1.309,29.556,45.942,6.124,0.0447,0.0967
PHB_05459,Healthy,0,0.8378,0.1334,0.9408,26.01,1.1474,25.817,67.332,6.655,0.0233,0.0393
PHB_05874,Healthy,0,0.7722,0.1907,0.8597,24.79,1.1549,26.365,64.514,5.956,0.0131,0.0708
PHB_02663,Early Disease,1,0.6579,0.2761,0.6753,25.348,1.3002,25.512,68.085,6.369,0.0407,0.0525
PHB_09399,Severe Disease,3,0.4302,0.7858,0.4946,27.469,1.7321,25.674,58.761,5.985,0.0681,0.0807
PHB_06456,Moderate Illness,2,0.4455,0.5668,0.6737,26.181,1.0956,24.36,75.045,6.554,0.0456,0.051
PHB_03114,Moderate Illness,2,0.4621,0.4662,0.5497,26.077,1.482,27.295,60.407,6.148,0.0538,0.0495
PHB_03304,Severe Disease,3,0.3308,0.689,0.4718,27.838,1.3738,22.309,54.95,6.138,0.057,0.0664
PHB_01345,Severe Disease,3,0.2683,0.7344,0.3544,27.983,1.4528,24.186,65.1,6.124,0.0689,0.0794
PHB_01691,Severe Disease,3,0.3143,0.7476,0.5261,31.783,1.4175,19.579,63.147,6.002,0.0745,0.0742
PHB_07181,Early Disease,1,0.6,0.3719,0.7343,26.1,1.1651,23.865,81.699,6.232,0.0465,0.0325
PHB_06500,Moderate Illness,2,0.3993,0.5506,0.7606,26.65,1.3317,23.024,70.532,6.233,0.0439,0.0537
PHB_03309,Moderate Illness,2,0.5087,0.5094,0.4928,26.027,1.5129,22.729,69.343,5.942,0.0516,0.0564
PHB_01505,Severe Disease,3,0.3138,0.6827,0.3973,27.853,1.2883,26.808,74.778,6.094,0.0649,0.0901
PHB_01807,Healthy,0,0.8064,0.1006,0.8636,23.158,1.0286,19.342,69.558,6.389,0.0069,0.0246
PHB_08470,Early Disease,1,0.6089,0.251,0.79,25.932,1.2732,25.23,67.998,6.42,0.034,0.0577
PHB_05370,Early Disease,1,0.6327,0.2613,0.7834,24.449,1.4673,23.301,66.023,6.463,0.037,0.0328
PHB_03792,Early Disease,1,0.6519,0.4238,0.8061,26.273,1.317,22.454,71.012,6.554,0.0388,0.0481
PHB_09521,Severe Disease,3,0.4107,0.7439,0.4287,27.059,1.4934,27.401,63.014,6.109,0.0462,0.0745
PHB_07330,Early Disease,1,0.7047,0.356,0.7251,25.889,1.1216,19.745,72.0,6.718,0.0333,0.0485
PHB_05910,Healthy,0,0.8041,0.1947,0.8728,24.462,0.9377,27.665,64.003,6.647,0.0073,0.0324
PHB_06826,Moderate Illness,2,0.565,0.4766,0.5649,25.541,1.6392,23.727,56.24,6.445,0.0562,0.0613
PHB_07264,Healthy,0,0.8139,0.1541,0.8569,24.322,0.9795,28.786,67.046,6.336,0.0216,0.0138
PHB_01849,Early Disease,1,0.6684,0.2184,0.6269,24.984,1.1754,26.025,62.119,6.756,0.0427,0.031
PHB_04513,Severe Disease,3,0.3898,0.7018,0.6118,26.772,1.2477,21.716,59.67,6.236,0.0574,0.0704
PHB_02432,Moderate Illness,2,0.5067,0.601,0.5808,26.444,1.2163,23.931,61.649,6.103,0.0433,0.062
PHB_04661,Moderate Illness,2,0.5229,0.4508,0.5892,26.176,1.4025,24.15,63.641,6.424,0.0436,0.0448
PHB_08886,Healthy,0,0.8084,0.125,0.9392,23.763,1.1628,26.262,61.402,6.852,0.0067,0.0599
PHB_05585,Moderate Illness,2,0.4726,0.5047,0.6499,27.486,1.4231,24.081,74.552,6.357,0.0329,0.0713
PHB_00143,Severe Disease,3,0.2856,0.7747,0.509,27.958,1.2843,24.818,75.269,6.343,0.0583,0.0816
PHB_08761,Moderate Illness,2,0.4873,0.6132,0.7336,25.933,1.3602,27.866,74.299,6.643,0.05,0.0368
PHB_09212,Early Disease,1,0.641,0.3619,0.7175,25.255,1.3471,24.649,81.539,6.491,0.0467,0.0761
PHB_05265,Early Disease,1,0.6065,0.4013,0.7888,25.658,0.9196,23.305,49.662,6.482,0.0358,0.0498
PHB_03410,Healthy,0,0.7815,0.0979,0.7246,23.944,1.1124,25.258,65.393,6.622,0.0339,0.0347
PHB_01118,Severe Disease,3,0.2869,0.6842,0.4354,27.947,1.6599,29.737,54.764,6.385,0.0556,0.0774
PHB_01757,Healthy,0,0.8713,0.1073,0.9981,23.912,1.0861,22.855,71.253,6.912,0.0218,0.0454
PHB_00498,Moderate Illness,2,0.5482,0.5566,0.6318,27.475,1.2282,25.358,63.109,6.266,0.0506,0.0706
PHB_08032,Early Disease,1,0.6784,0.3112,0.5918,25.231,1.3151,26.269,77.219,6.111,0.0227,0.0509
PHB_00871,Moderate Illness,2,0.5524,0.6292,0.5981,27.228,1.2969,22.432,50.485,6.104,0.0655,0.0562
PHB_03358,Early Disease,1,0.6772,0.3027,0.8199,25.109,1.198,27.536,55.287,6.183,0.0492,0.0374
PHB_00913,Severe Disease,3,0.4376,0.7282,0.5137,27.459,1.3034,27.755,76.498,6.28,0.0609,0.069
PHB_00722,Early Disease,1,0.6982,0.3397,0.839,24.881,1.2012,24.338,72.941,6.538,0.0357,0.0638
PHB_02806,Healthy,0,0.8161,0.0,0.8274,23.649,1.0977,22.484,74.082,6.841,0.0182,0.0471
PHB_09944,Moderate Illness,2,0.3694,0.5606,0.7468,26.052,1.3837,25.372,64.497,6.232,0.0457,0.0576
PHB_00887,Early Disease,1,0.7137,0.4217,0.7224,25.232,1.9569,25.663,79.538,6.601,0.056,0.039
PHB_09593,Severe Disease,3,0.4414,0.6887,0.4923,28.397,1.2959,25.828,56.895,5.974,0.0635,0.0797
PHB_06588,Severe Disease,3,0.3414,0.7164,0.4787,26.41,1.4341,24.961,47.463,5.977,0.0399,0.063
PHB_08101,Healthy,0,0.7405,0.1642,0.8438,23.635,1.132,27.975,68.041,6.175,0.0394,0.0277
PHB_01521,Early Disease,1,0.5644,0.4153,0.6773,25.653,1.1103,23.914,72.171,6.597,0.03,0.0448
PHB_08690,Severe Disease,3,0.4135,0.6672,0.4281,26.794,1.543,27.2,56.325,6.276,0.0668,0.0627
PHB_02747,Healthy,0,0.8415,0.0774,0.8288,23.693,0.9825,25.965,73.614,6.394,0.0378,0.0253
PHB_06701,Healthy,0,0.8437,0.1209,0.7711,25.311,1.1057,25.325,66.758,6.119,0.0158,0.0311
PHB_05776,Healthy,0,0.7926,0.1049,0.9474,24.062,0.943,24.764,63.919,6.209,0.0207,0.0409
PHB_00315,Early Disease,1,0.6874,0.3654,0.7432,23.667,1.1421,24.795,53.432,6.378,0.033,0.0672
PHB_01800,Moderate Illness,2,0.4867,0.4095,0.5732,26.628,1.3563,22.896,72.959,6.447,0.0384,0.0602
PHB_00328,Moderate Illness,2,0.5723,0.5574,0.5537,26.839,1.1923,26.325,51.209,6.194,0.0346,0.0422
PHB_05643,Severe Disease,3,0.4088,0.7054,0.4573,28.249,1.34,24.569,57.72,5.747,0.0496,0.0804
PHB_04205,Moderate Illness,2,0.4918,0.4753,0.5163,26.084,1.2566,22.38,65.958,6.148,0.0497,0.062
PHB_03130,Severe Disease,3,0.3359,0.7621,0.417,27.084,1.2078,27.441,80.209,6.142,0.0568,0.0638
PHB_06861,Healthy,0,0.8006,0.0271,0.9284,24.674,1.2369,23.965,67.214,6.394,0.0082,0.0261
PHB_09906,Moderate Illness,2,0.5569,0.4836,0.5524,26.513,1.5334,21.466,64.835,6.678,0.0424,0.0831
PHB_03969,Early Disease,1,0.6207,0.2928,0.755,25.14,1.2298,23.909,70.553,6.793,0.0482,0.0215
PHB_05744,Severe Disease,3,0.2775,0.8084,0.5643,27.518,1.4397,27.476,79.631,6.307,0.0586,0.0544
PHB_06227,Early Disease,1,0.6225,0.3678,0.7508,26.275,1.2141,22.476,72.21,6.565,0.0417,0.0471
PHB_01974,Early Disease,1,0.67,0.2875,0.7348,25.649,1.2605,24.585,61.187,6.495,0.0282,0.0431
PHB_00337,Healthy,0,0.7236,0.227,0.9011,25.223,1.1131,24.592,66.66,6.214,0.0141,0.0222
PHB_02765,Healthy,0,0.8091,0.0364,0.82,24.184,1.1064,24.346,66.463,6.666,0.0273,0.029
PHB_07661,Early Disease,1,0.6415,0.2968,0.73,25.548,1.1839,23.028,65.572,6.881,0.0367,0.0463
PHB_00276,Early Disease,1,0.6632,0.3218,0.775,25.374,1.0582,29.991,71.558,6.198,0.0585,0.0282
PHB_02986,Healthy,0,0.7477,0.1177,0.9879,24.563,0.9617,24.724,68.328,6.305,0.0109,0.0335
PHB_05647,Moderate Illness,2,0.554,0.3964,0.577,25.372,1.4075,23.368,65.339,5.975,0.0313,0.0634
PHB_05850,Severe Disease,3,0.4347,0.7802,0.4371,27.532,1.5311,25.91,59.798,5.856,0.0711,0.0697
PHB_03478,Severe Disease,3,0.3457,0.6798,0.4365,26.637,1.4145,25.534,65.462,6.282,0.0662,0.0622
PHB_07559,Severe Disease,3,0.3307,0.686,0.4113,26.371,1.314,28.071,67.005,5.988,0.0628,0.0772
PHB_03559,Moderate Illness,2,0.4873,0.4097,0.6571,26.151,1.3829,21.254,68.267,6.268,0.0412,0.045
PHB_02810,Healthy,0,0.8627,0.0,0.9661,25.103,1.1204,24.755,65.992,6.654,0.0372,0.0452
PHB_09114,Early Disease,1,0.7336,0.3637,0.7122,24.529,1.2884,25.631,63.876,6.795,0.0277,0.0509
PHB_04862,Severe Disease,3,0.423,0.8157,0.4445,26.929,1.3496,26.811,76.976,6.147,0.0624,0.0696
PHB_06587,Healthy,0,0.7765,0.1611,0.8876,24.457,1.1788,21.953,56.805,6.348,0.0174,0.0088
PHB_03417,Moderate Illness,2,0.4477,0.4224,0.6549,25.545,1.1458,24.266,58.622,5.792,0.0528,0.0806
PHB_00308,Moderate Illness,2,0.6177,0.5215,0.6025,25.017,1.148,24.781,56.407,6.445,0.0507,0.0527
PHB_03909,Moderate Illness,2,0.4376,0.4945,0.5955,26.369,1.2935,23.334,58.554,6.118,0.0314,0.0479
PHB_00349,Moderate Illness,2,0.4736,0.5802,0.6575,27.024,1.1598,24.998,58.473,6.227,0.0489,0.0483
PHB_00827,Moderate Illness,2,0.4481,0.5007,0.5138,26.01,1.3726,22.422,68.227,6.233,0.0374,0.0749
PHB_09502,Moderate Illness,2,0.3967,0.5277,0.553,26.859,1.2887,24.432,75.921,6.248,0.0495,0.0629
PHB_04483,Severe Disease,3,0.4449,0.7797,0.4694,27.152,1.6714,26.484,61.286,6.501,0.0582,0.0739
PHB_06577,Early Disease,1,0.6036,0.3112,0.6707,24.878,1.0433,25.709,63.129,6.309,0.0483,0.0479
PHB_03683,Early Disease,1,0.5975,0.2,0.7225,25.864,1.3463,23.143,66.739,6.655,0.0358,0.0391
PHB_05877,Moderate Illness,2,0.6402,0.5796,0.5043,27.842,1.2142,24.793,72.859,6.222,0.0357,0.0476
PHB_08388,Moderate Illness,2,0.5533,0.4843,0.6124,26.809,1.1889,22.007,60.271,6.596,0.0305,0.0575
PHB_02054,Severe Disease,3,0.2398,0.747,0.4378,27.795,1.3941,25.612,62.691,6.131,0.0659,0.0697
PHB_00072,Early Disease,1,0.6706,0.3159,0.766,25.269,1.3088,23.643,74.723,6.812,0.0423,0.0365
PHB_05508,Early Disease,1,0.5068,0.3284,0.7568,25.394,1.4245,23.827,63.871,6.213,0.0428,0.0372
PHB_08515,Early Disease,1,0.6468,0.2975,0.7633,25.386,1.2066,27.555,54.493,6.631,0.0287,0.0414
PHB_07511,Moderate Illness,2,0.4704,0.4381,0.6436,25.859,1.2154,23.448,55.028,6.526,0.0507,0.0614
PHB_08152,Moderate Illness,2,0.5682,0.6169,0.5048,26.963,1.1962,22.857,70.606,6.527,0.0405,0.055
PHB_01667,Severe Disease,3,0.4303,0.6713,0.499,27.561,1.2332,27.02,63.281,6.184,0.054,0.0809
PHB_07862,Healthy,0,0.7297,0.0521,0.976,24.675,1.054,23.89,62.715,6.442,0.0314,0.0286
PHB_09160,Early Disease,1,0.7178,0.2819,0.635,26.364,1.4316,28.952,68.81,6.243,0.0333,0.0551
PHB_05689,Severe Disease,3,0.3131,0.6643,0.5795,27.898,1.3461,25.157,67.324,6.465,0.0542,0.0798
PHB_01446,Moderate Illness,2,0.4669,0.521,0.5903,26.47,1.2746,24.099,61.663,6.098,0.0503,0.0637
PHB_05228,Healthy,0,0.8222,0.1046,0.9446,23.927,1.0029,23.455,66.539,6.463,0.0296,0.0531
PHB_06983,Early Disease,1,0.6426,0.2872,0.7496,24.798,1.4019,26.015,57.857,5.948,0.0468,0.0481
PHB_01696,Moderate Illness,2,0.4261,0.4361,0.6224,25.433,1.231,24.097,69.03,6.282,0.0382,0.0536
PHB_02893,Moderate Illness,2,0.5182,0.4266,0.6035,26.581,1.3525,24.648,70.789,6.161,0.054,0.0713
PHB_01575,Healthy,0,0.8007,0.1702,0.9173,24.52,1.0376,22.273,46.995,6.611,0.0385,0.0421
PHB_03204,Moderate Illness,2,0.4733,0.5269,0.5353,26.282,1.2642,30.214,62.782,6.067,0.0571,0.0557
PHB_04406,Moderate Illness,2,0.4562,0.5309,0.5888,26.245,1.2739,24.735,68.575,6.621,0.0271,0.0575
PHB_01631,Early Disease,1,0.6718,0.2979,0.7707,25.767,0.8208,22.795,59.329,6.567,0.0228,0.0539
PHB_08381,Early Disease,1,0.808,0.3401,0.8418,24.259,1.119,25.987,67.007,6.235,0.0342,0.0553
PHB_01882,Moderate Illness,2,0.445,0.5429,0.5872,26.953,1.25,27.126,62.964,6.603,0.0437,0.0746
PHB_08822,Early Disease,1,0.7038,0.3371,0.829,25.435,1.1676,24.59,71.752,6.689,0.0455,0.0292
PHB_06464,Early Disease,1,0.6258,0.3761,0.8932,26.362,0.9179,26.0,61.547,6.567,0.0203,0.0616
PHB_00849,Healthy,0,0.7492,0.2025,0.9339,25.07,0.9866,25.992,72.336,6.587,0.0249,0.0343
PHB_09924,Healthy,0,0.7583,0.1764,0.7885,23.975,1.0998,26.003,56.047,6.417,0.0076,0.0226
PHB_06189,Moderate Illness,2,0.499,0.6018,0.6028,25.677,1.3943,26.961,67.716,6.357,0.0416,0.064
PHB_05870,Healthy,0,0.9558,0.0749,0.8585,24.337,1.2006,27.126,63.198,6.072,0.0177,0.0346
PHB_02878,Early Disease,1,0.6972,0.3752,0.7082,25.865,1.1806,23.91,64.665,6.797,0.0399,0.0335
PHB_00187,Early Disease,1,0.7316,0.3387,0.6269,25.759,1.1664,25.995,72.1,6.488,0.0602,0.0396
PHB_03780,Severe Disease,3,0.3324,0.7123,0.3078,25.891,1.6052,27.085,62.182,6.076,0.0629,0.0628
PHB_01831,Early Disease,1,0.6388,0.2422,0.7467,25.961,1.2995,22.99,68.136,6.4,0.0449,0.0552
PHB_08326,Healthy,0,0.8364,0.1749,0.9078,24.929,1.1852,24.687,78.783,6.364,0.0205,0.0289
PHB_09242,Early Disease,1,0.6345,0.3724,0.6947,24.807,1.0502,27.013,76.987,6.59,0.0342,0.0705
PHB_06379,Early Disease,1,0.691,0.3635,0.7257,25.0,1.1817,27.035,81.575,6.379,0.0255,0.0726
PHB_01235,Healthy,0,0.8803,0.1479,0.9835,24.014,1.3635,26.127,62.9,6.435,0.0223,0.0441
PHB_06965,Healthy,0,0.8349,0.1031,0.8567,25.409,1.1863,24.939,75.215,6.417,0.0325,0.024
PHB_03916,Early Disease,1,0.6291,0.2886,0.6853,26.594,1.3173,22.148,70.02,6.549,0.0365,0.0158
PHB_00447,Severe Disease,3,0.3013,0.8001,0.4394,27.834,1.4227,22.923,60.9,6.101,0.0595,0.0534
PHB_00845,Healthy,0,0.784,0.1068,0.9107,23.917,1.001,24.121,67.848,6.378,0.0258,0.0238
PHB_08063,Moderate Illness,2,0.3916,0.5119,0.4916,27.112,1.2149,22.173,57.406,6.203,0.0495,0.0482
PHB_05403,Early Disease,1,0.6326,0.2776,0.736,23.722,1.3006,23.177,61.935,6.263,0.0435,0.0309
PHB_02441,Severe Disease,3,0.2894,0.7684,0.4598,27.19,1.3733,28.233,52.943,6.165,0.0693,0.0661
PHB_03104,Severe Disease,3,0.4461,0.6766,0.533,27.043,1.4459,22.383,59.814,6.301,0.0709,0.0763
PHB_08586,Early Disease,1,0.6422,0.454,0.8139,24.859,1.391,19.807,69.243,6.264,0.0352,0.0239
PHB_06792,Early Disease,1,0.8428,0.3776,0.7404,25.364,1.4069,22.478,69.464,6.446,0.0415,0.0586
PHB_05651,Severe Disease,3,0.4283,0.657,0.2716,27.683,1.4558,24.278,61.164,6.163,0.0457,0.0674
PHB_01295,Early Disease,1,0.6666,0.3782,0.7404,24.591,1.0932,25.006,67.333,6.139,0.0465,0.0492
PHB_05080,Moderate Illness,2,0.4598,0.5209,0.6766,25.573,1.2074,21.467,69.331,6.458,0.0765,0.0594
PHB_09017,Moderate Illness,2,0.4443,0.4521,0.6636,26.447,1.3395,23.222,75.998,6.238,0.0625,0.0244
PHB_05068,Early Disease,1,0.6134,0.4034,0.7726,26.465,1.1497,24.867,62.188,6.284,0.0252,0.0452
PHB_03443,Healthy,0,0.7715,0.1124,0.8285,25.358,1.3081,26.273,79.079,6.496,0.0345,0.041
PHB_08452,Healthy,0,0.8464,0.1261,0.7927,25.055,1.1706,22.013,71.666,6.296,0.0218,0.0523
PHB_07274,Healthy,0,0.8248,0.1679,0.886,24.118,0.9265,30.198,80.425,6.655,0.0308,0.0312
PHB_06106,Severe Disease,3,0.3534,0.7815,0.4814,26.902,1.5605,26.2,60.435,6.015,0.0532,0.0689
PHB_00777,Moderate Illness,2,0.4663,0.4866,0.5549,25.084,1.0993,22.781,59.689,6.493,0.0427,0.0638
PHB_09717,Early Disease,1,0.6861,0.2534,0.8221,24.674,1.0822,26.666,54.244,6.313,0.0351,0.0361
PHB_02154,Severe Disease,3,0.3797,0.6849,0.4891,27.308,1.5983,24.457,69.523,6.031,0.0489,0.0813
PHB_04921,Early Disease,1,0.7592,0.3885,0.7866,23.939,1.1521,24.24,72.686,6.37,0.0309,0.0616
PHB_05361,Moderate Illness,2,0.4842,0.4852,0.4836,26.286,0.9985,23.833,55.619,6.018,0.055,0.0538
PHB_09736,Moderate Illness,2,0.4386,0.4611,0.5665,27.388,1.1625,28.767,78.71,6.425,0.0582,0.0684
PHB_05958,Healthy,0,0.7116,0.1932,0.8021,25.413,0.8954,29.956,68.489,6.612,0.0223,0.0444
PHB_08412,Moderate Illness,2,0.4934,0.4865,0.7214,25.373,1.3395,27.373,63.87,6.439,0.0485,0.0533
PHB_08433,Severe Disease,3,0.3386,0.86,0.4588,28.449,1.33,27.01,61.014,6.134,0.0711,0.088
PHB_03184,Healthy,0,0.7544,0.1004,0.9528,25.642,1.1092,25.479,76.294,6.616,0.0143,0.0204
PHB_06793,Moderate Illness,2,0.3867,0.4675,0.5204,26.396,1.237,23.382,67.653,6.364,0.0461,0.0549
PHB_03200,Severe Disease,3,0.3379,0.8076,0.3302,27.641,1.4612,24.19,62.26,6.366,0.0472,0.0492
PHB_09370,Severe Disease,3,0.3493,0.7744,0.3954,27.13,1.1636,23.908,64.726,6.418,0.0652,0.0917
PHB_01290,Moderate Illness,2,0.4131,0.5597,0.529,27.594,1.2997,24.139,63.563,6.346,0.0425,0.0551
PHB_04582,Severe Disease,3,0.2864,0.6448,0.5756,27.665,1.5484,25.357,61.777,6.125,0.064,0.0667
PHB_06193,Healthy,0,0.6815,0.1444,0.8462,24.115,0.9724,24.824,58.432,6.719,0.0328,0.0533
PHB_08936,Severe Disease,3,0.3828,0.7104,0.4368,26.284,1.5531,27.552,58.283,6.027,0.0457,0.0765
PHB_07150,Moderate Illness,2,0.465,0.5079,0.6174,26.566,1.378,27.329,58.525,5.794,0.0278,0.0695
PHB_09847,Severe Disease,3,0.4036,0.6699,0.4063,26.38,1.3203,24.694,64.604,6.25,0.059,0.0734
PHB_04107,Moderate Illness,2,0.4448,0.5159,0.6664,26.537,1.4048,27.016,66.441,6.274,0.0484,0.0615
PHB_04127,Moderate Illness,2,0.4053,0.5087,0.6634,25.623,1.2346,23.27,58.798,6.31,0.0548,0.0484
PHB_08301,Moderate Illness,2,0.5132,0.4914,0.5586,26.497,1.27,22.605,71.536,5.959,0.0435,0.0684
PHB_03967,Early Disease,1,0.6805,0.3583,0.7236,25.525,1.3954,26.073,69.122,6.619,0.0383,0.0299
PHB_01880,Moderate Illness,2,0.4343,0.486,0.6206,27.165,1.1374,30.041,73.978,6.545,0.0526,0.0571
PHB_08497,Healthy,0,0.8616,0.1197,0.7657,23.939,1.0305,25.617,67.584,6.21,0.0251,0.0338
PHB_09300,Healthy,0,0.7505,0.0776,0.8321,24.937,1.0577,22.639,74.816,6.258,0.0245,0.0518
PHB_06349,Early Disease,1,0.656,0.3601,0.8572,26.546,1.3517,24.255,66.309,6.752,0.0398,0.0602
PHB_03588,Early Disease,1,0.6576,0.3647,0.7471,24.693,1.2982,25.409,72.685,6.282,0.0371,0.066
PHB_07373,Moderate Illness,2,0.5352,0.4148,0.6024,25.631,1.5743,24.732,59.529,5.967,0.0252,0.0727
PHB_03866,Early Disease,1,0.6171,0.3682,0.648,27.22,1.1931,24.831,64.815,6.203,0.0446,0.0455
PHB_08488,Healthy,0,0.8507,0.1,0.7965,25.57,1.0928,24.014,72.643,6.357,0.0086,0.0433
PHB_04132,Moderate Illness,2,0.5473,0.5588,0.621,26.656,1.4119,28.033,64.972,5.862,0.0669,0.0769
PHB_01037,Early Disease,1,0.5972,0.4565,0.871,24.96,1.3285,25.132,47.74,6.416,0.0343,0.0474
PHB_00637,Moderate Illness,2,0.4545,0.4756,0.6954,27.512,1.4119,22.523,72.209,6.046,0.0546,0.0738
PHB_06154,Early Disease,1,0.6008,0.1972,0.8053,26.133,1.2908,25.111,56.651,6.466,0.023,0.0477
PHB_04135,Moderate Illness,2,0.3822,0.5338,0.6866,25.502,1.3888,24.54,55.381,5.967,0.0424,0.0377
PHB_05339,Severe Disease,3,0.3812,0.6609,0.4557,26.382,1.5377,25.439,58.266,6.508,0.0871,0.063
PHB_01084,Severe Disease,3,0.315,0.6917,0.5887,28.223,1.6028,23.583,56.744,6.558,0.064,0.0726
PHB_00862,Moderate Illness,2,0.5023,0.3765,0.6936,26.826,1.1584,25.205,58.335,6.306,0.0416,0.0515
PHB_00904,Early Disease,1,0.5731,0.276,0.6904,25.853,1.0019,23.005,66.147,6.567,0.0377,0.0509
PHB_00192,Healthy,0,0.7979,0.108,0.8401,25.106,1.0416,20.963,75.199,6.553,0.0417,0.0292
PHB_00110,Severe Disease,3,0.2955,0.721,0.4689,27.078,1.2725,24.375,63.056,6.152,0.0597,0.0829
PHB_04456,Early Disease,1,0.569,0.2219,0.7305,25.004,1.1695,21.706,74.286,6.528,0.024,0.045
PHB_01943,Early Disease,1,0.5997,0.3174,0.5914,25.857,1.322,26.176,62.985,6.341,0.0244,0.0357
PHB_05857,Moderate Illness,2,0.5363,0.4357,0.6872,26.318,1.3073,24.762,64.233,6.195,0.0479,0.0591
PHB_04332,Severe Disease,3,0.2611,0.7761,0.4718,28.413,1.4553,24.19,69.862,6.124,0.0722,0.0715
PHB_08542,Healthy,0,0.789,0.0261,0.7642,24.053,0.9393,21.761,68.99,6.009,0.0259,0.0242
PHB_02041,Early Disease,1,0.6355,0.3567,0.8074,24.596,1.0407,22.738,64.469,5.775,0.0476,0.0488
PHB_07332,Severe Disease,3,0.3448,0.7688,0.5029,26.658,1.3201,21.852,62.413,6.369,0.0628,0.0749
PHB_07318,Severe Disease,3,0.3918,0.773,0.5121,28.844,1.3406,22.126,71.208,6.166,0.0576,0.0548
PHB_07780,Moderate Illness,2,0.5376,0.4555,0.5798,27.259,1.3449,26.272,65.696,6.294,0.0569,0.0528
PHB_04660,Healthy,0,0.7772,0.1345,0.9634,23.677,1.0601,19.437,80.711,6.331,0.03,0.0143
PHB_07314,Moderate Illness,2,0.5565,0.6176,0.5562,25.762,1.3712,24.729,57.628,6.336,0.0528,0.0799
PHB_02776,Early Disease,1,0.7426,0.3761,0.8351,25.845,1.2442,23.867,65.107,6.194,0.0626,0.0531
PHB_04146,Early Disease,1,0.5863,0.3662,0.6895,25.838,1.257,20.862,54.768,6.053,0.0388,0.0404
PHB_02324,Healthy,0,0.7883,0.146,0.9603,24.459,1.2025,23.248,65.791,6.508,0.0264,0.0341
PHB_00763,Healthy,0,0.8222,0.1729,0.852,24.432,1.1513,24.413,74.231,6.422,0.0224,0.0558
PHB_02618,Severe Disease,3,0.4301,0.8445,0.3914,27.079,1.2282,25.014,60.282,6.295,0.0566,0.0675
PHB_02412,Severe Disease,3,0.2519,0.7658,0.3909,26.791,1.4977,27.254,48.34,6.426,0.0485,0.0898
PHB_01095,Moderate Illness,2,0.5414,0.4669,0.5085,27.338,1.3683,28.025,59.039,6.233,0.0387,0.0644
PHB_06174,Early Disease,1,0.7176,0.2919,0.7585,25.43,1.3002,26.578,67.606,6.384,0.0206,0.0577
PHB_07049,Moderate Illness,2,0.5766,0.5164,0.5239,26.925,1.4922,22.496,73.042,6.189,0.0613,0.0587
PHB_09273,Severe Disease,3,0.3915,0.7252,0.4988,28.362,1.4468,26.292,66.868,6.024,0.0549,0.0629
PHB_03136,Severe Disease,3,0.4289,0.7099,0.4157,26.906,1.5163,25.385,61.706,6.203,0.0831,0.0941
PHB_07788,Severe Disease,3,0.2847,0.7102,0.4703,28.338,1.4525,25.717,67.487,6.297,0.0608,0.0771
PHB_05041,Healthy,0,0.8118,0.225,0.8684,24.298,0.9459,24.522,75.885,6.315,0.0382,0.0279
PHB_03806,Healthy,0,0.8128,0.1042,0.734,24.926,1.1516,24.169,67.465,6.466,0.0158,0.0628
PHB_00885,Healthy,0,0.782,0.1353,0.9278,25.138,0.9803,23.626,73.097,6.396,0.0224,0.053
PHB_02655,Early Disease,1,0.636,0.3299,0.7716,25.706,1.339,23.221,63.182,6.266,0.0279,0.0658
PHB_05922,Healthy,0,0.7747,0.0712,0.8824,25.061,0.9425,25.176,61.715,6.332,0.0305,0.0463
PHB_06188,Early Disease,1,0.6779,0.3424,0.6857,25.561,1.1398,26.684,67.878,6.44,0.0385,0.0608
PHB_08086,Severe Disease,3,0.3158,0.8504,0.4449,26.804,1.3284,24.791,66.921,5.742,0.051,0.0642
PHB_06743,Healthy,0,0.7757,0.0912,0.9784,25.633,1.1332,25.038,76.076,6.224,0.028,0.0415
PHB_07627,Severe Disease,3,0.3197,0.8197,0.4753,26.785,1.4156,25.405,57.809,6.175,0.0549,0.0838
PHB_05681,Severe Disease,3,0.2795,0.7631,0.5259,28.417,1.2765,24.267,53.754,5.967,0.0664,0.0771
PHB_07008,Healthy,0,0.8588,0.0297,0.818,24.54,1.0793,25.473,75.815,6.5,0.028,0.0393
PHB_09687,Severe Disease,3,0.3042,0.7379,0.36,26.688,1.3099,22.541,48.25,6.275,0.0451,0.0705
PHB_02203,Severe Disease,3,0.3629,0.7528,0.437,26.975,1.4642,20.063,59.51,6.464,0.0756,0.0657
PHB_06108,Healthy,0,0.8103,0.1349,0.9058,24.751,0.9348,24.575,57.488,6.299,0.0275,0.0254
PHB_06418,Healthy,0,0.7081,0.1131,0.8745,24.876,1.0853,23.032,60.735,6.229,0.0132,0.0353
PHB_01263,Early Disease,1,0.7029,0.2381,0.7358,23.816,0.968,24.804,67.102,6.219,0.0586,0.0627
PHB_08380,Early Disease,1,0.6615,0.2839,0.7173,24.277,1.1883,27.71,79.75,6.669,0.0241,0.0547
PHB_00976,Moderate Illness,2,0.5049,0.4569,0.5185,25.104,1.2783,27.45,62.805,6.392,0.0469,0.0459
PHB_05832,Early Disease,1,0.7158,0.3132,0.7667,24.869,1.1973,28.165,64.047,6.529,0.0431,0.076
PHB_04926,Early Disease,1,0.7809,0.2084,0.7201,24.717,1.2613,24.855,59.484,6.361,0.0377,0.0386
PHB_00942,Severe Disease,3,0.3573,0.7557,0.3172,27.943,1.2272,24.718,65.758,6.511,0.0543,0.0655
PHB_04724,Moderate Illness,2,0.5404,0.5925,0.5901,26.729,1.3034,22.899,50.528,6.396,0.0582,0.052
PHB_02388,Healthy,0,0.8314,0.105,0.957,23.772,1.2128,27.941,55.812,6.47,0.025,0.0409
PHB_09729,Moderate Illness,2,0.4839,0.5691,0.6356,26.147,1.6097,26.436,53.574,6.241,0.0535,0.0707
PHB_05022,Severe Disease,3,0.3128,0.7688,0.4058,26.282,1.4883,25.77,57.497,5.856,0.0546,0.0798
PHB_04392,Severe Disease,3,0.312,0.8042,0.4978,27.086,1.4915,26.925,55.974,6.331,0.0495,0.0686
PHB_05149,Severe Disease,3,0.3753,0.707,0.5438,26.58,1.3721,25.181,62.621,5.942,0.0626,0.0835
PHB_03222,Severe Disease,3,0.3382,0.7485,0.3544,27.058,1.4381,25.854,58.061,6.295,0.0699,0.0535
PHB_03883,Moderate Illness,2,0.4662,0.422,0.5778,26.719,1.2806,28.128,58.53,6.575,0.0374,0.0613
PHB_09439,Moderate Illness,2,0.5004,0.3314,0.6036,25.508,1.166,24.24,71.45,6.292,0.0376,0.0584
PHB_06625,Healthy,0,0.8031,0.0779,0.9543,23.668,1.0399,24.662,70.363,6.907,0.0259,0.0169
PHB_05919,Severe Disease,3,0.4157,0.7462,0.4079,26.455,1.4856,24.32,68.804,6.39,0.0655,0.0719
PHB_02790,Early Disease,1,0.683,0.3208,0.6772,24.677,1.0744,21.214,64.985,6.104,0.0318,0.0556
PHB_00945,Early Disease,1,0.6882,0.3235,0.5813,26.28,1.1143,27.107,73.518,6.21,0.0374,0.0536
PHB_08909,Early Disease,1,0.643,0.2414,0.7595,25.824,1.0893,27.307,70.613,6.327,0.0239,0.0445
PHB_01858,Early Disease,1,0.6416,0.3324,0.6953,25.411,1.3478,27.365,60.391,6.373,0.025,0.0424
PHB_09081,Early Disease,1,0.7004,0.307,0.6903,25.665,1.1514,21.921,66.415,6.243,0.0651,0.0472
PHB_04109,Severe Disease,3,0.3293,0.7416,0.4216,27.557,1.3515,21.01,72.366,6.041,0.0563,0.09
PHB_08514,Severe Disease,3,0.3704,0.674,0.4164,26.694,1.2541,26.069,65.593,6.259,0.0624,0.0664
PHB_03256,Severe Disease,3,0.3342,0.729,0.4477,27.029,1.4653,22.587,66.276,6.344,0.0815,0.0584
PHB_02691,Severe Disease,3,0.2799,0.8217,0.4219,27.644,1.6279,26.527,63.668,6.391,0.0396,0.0793
PHB_09513,Early Disease,1,0.6583,0.2949,0.6768,23.829,1.1704,25.777,72.73,6.394,0.0203,0.0662
PHB_06962,Healthy,0,0.8658,0.0904,0.8582,26.418,1.0236,25.527,62.415,6.157,0.0237,0.0453
PHB_01320,Severe Disease,3,0.385,0.5919,0.3337,28.355,1.3352,26.495,59.597,6.063,0.0678,0.0791
PHB_08883,Moderate Illness,2,0.3703,0.4869,0.5313,25.215,1.3149,26.971,69.102,6.243,0.0631,0.0635
PHB_09881,Healthy,0,0.9039,0.1218,0.8184,22.943,1.0953,26.903,65.29,5.905,0.0204,0.0326
PHB_05163,Healthy,0,0.9336,0.1978,0.9258,24.101,1.138,28.214,67.267,6.436,0.0135,0.041
PHB_05830,Severe Disease,3,0.344,0.8033,0.4082,26.197,1.4458,27.025,59.484,6.054,0.0514,0.0715
PHB_07954,Healthy,0,1.1546,0.2224,0.9138,24.323,0.946,28.791,76.068,6.559,0.0341,0.035
PHB_05959,Moderate Illness,2,0.4587,0.4316,0.6871,26.242,1.2786,24.177,66.098,6.114,0.0498,0.0708
PHB_09272,Severe Disease,3,0.4707,0.7323,0.4468,27.61,1.4244,27.319,65.842,6.393,0.0569,0.0718
PHB_03476,Early Disease,1,0.6228,0.315,0.7763,26.341,1.212,28.73,49.312,6.624,0.0411,0.0497
PHB_03506,Moderate Illness,2,0.5762,0.5587,0.5835,26.691,1.462,25.601,67.698,6.32,0.0477,0.0465
PHB_04750,Healthy,0,0.7653,0.0275,0.9436,23.732,1.1876,25.211,78.742,6.091,0.0317,0.0094
PHB_02478,Healthy,0,0.776,0.123,0.9932,24.728,1.191,26.983,75.753,6.267,0.0309,0.0355
PHB_09491,Early Disease,1,0.6618,0.2841,0.6661,26.139,1.0838,24.781,54.209,6.54,0.0234,0.0387
PHB_06616,Healthy,0,0.8634,0.1217,0.9329,24.469,1.0286,25.607,57.567,6.709,0.0336,0.034
PHB_07414,Moderate Illness,2,0.4385,0.4966,0.5162,26.409,1.1894,25.698,62.133,6.428,0.0521,0.0723
PHB_07587,Healthy,0,0.8657,0.1557,0.9154,28.262,0.9401,24.853,70.284,6.34,0.034,0.0464
PHB_05345,Early Disease,1,0.5731,0.282,0.6997,24.528,1.352,25.926,63.492,6.114,0.0402,0.0269
PHB_09864,Severe Disease,3,0.2833,0.6651,0.3319,27.125,1.3753,24.685,59.839,6.336,0.0515,0.0862
PHB_07112,Moderate Illness,2,0.5118,0.6685,0.5541,26.262,1.3915,27.102,66.139,6.163,0.0497,0.0803
PHB_01875,Severe Disease,3,0.1912,0.7354,0.5423,26.415,1.3046,25.752,69.332,6.354,0.0686,0.0882
PHB_08517,Severe Disease,3,0.3778,0.6111,0.5126,26.953,1.4254,24.658,57.884,6.137,0.0484,0.064
PHB_05271,Severe Disease,3,0.3255,0.7661,0.4933,27.213,1.7493,21.25,48.673,6.141,0.0579,0.0804
PHB_05097,Moderate Illness,2,0.5301,0.4257,0.5617,26.991,1.4271,23.596,64.885,6.528,0.0567,0.0577
PHB_02905,Early Disease,1,0.6869,0.3858,0.7211,26.179,1.0964,23.868,70.645,6.161,0.0371,0.0549
PHB_00571,Early Disease,1,0.5918,0.3033,0.7305,24.363,1.2639,22.626,61.373,5.965,0.0329,0.0535
PHB_01449,Moderate Illness,2,0.6221,0.6379,0.5425,25.534,1.326,23.688,57.264,6.486,0.0524,0.0627
PHB_05965,Moderate Illness,2,0.4291,0.5855,0.5087,25.448,1.2232,25.523,57.691,6.339,0.0561,0.0388
PHB_06243,Healthy,0,0.7763,0.0826,0.8278,23.012,1.6694,25.159,69.091,6.31,0.0214,0.0264
PHB_06348,Moderate Illness,2,0.5149,0.4862,0.653,25.94,1.4094,25.251,66.039,6.177,0.0548,0.0413
PHB_07875,Moderate Illness,2,0.4851,0.5738,0.706,26.631,1.2132,21.105,64.409,6.236,0.0472,0.0454
PHB_09817,Healthy,0,0.8467,0.0905,0.8498,25.132,1.2929,23.954,78.953,6.411,0.0251,0.0303
PHB_03227,Moderate Illness,2,0.5421,0.5475,0.515,26.871,1.3895,26.709,54.331,6.418,0.0433,0.0471
PHB_09745,Severe Disease,3,0.3484,0.7544,0.4199,27.16,1.4493,24.54,69.8,5.927,0.0564,0.0523
PHB_03979,Early Disease,1,0.6971,0.2634,0.7623,25.991,1.4044,28.308,58.559,6.915,0.0322,0.0466
PHB_04384,Early Disease,1,0.5937,0.2818,0.843,25.737,1.1129,28.269,70.907,6.291,0.0285,0.0454
PHB_07857,Healthy,0,0.7087,0.1044,0.8793,24.229,1.0028,25.741,76.193,6.302,0.0176,0.0283
PHB_03540,Early Disease,1,0.7307,0.2593,0.7297,24.982,1.1299,24.063,64.783,6.53,0.0379,0.0398
PHB_05683,Healthy,0,0.9218,0.2447,0.9338,25.024,1.257,23.666,71.849,6.477,0.0274,0.037
PHB_02828,Healthy,0,0.8313,0.191,0.9581,24.043,1.1534,27.818,70.768,6.272,0.0028,0.0341
PHB_07659,Healthy,0,0.8615,0.1486,0.8072,26.02,1.1215,22.239,59.271,6.426,0.0298,0.0229
PHB_04997,Healthy,0,0.7742,0.2636,0.9599,25.331,1.0551,24.572,68.515,6.582,0.0251,0.0484
PHB_01339,Severe Disease,3,0.3083,0.6918,0.419,25.524,1.2882,27.439,76.064,6.362,0.0787,0.0714
PHB_03263,Healthy,0,0.8021,0.2047,0.8617,24.193,0.9888,27.439,69.321,6.261,0.0276,0.0231
PHB_06387,Early Disease,1,0.5774,0.2829,0.737,25.452,1.2405,26.341,67.906,6.526,0.0379,0.0604
PHB_07952,Moderate Illness,2,0.4637,0.625,0.6178,26.827,1.2778,31.543,57.216,6.341,0.0502,0.061
PHB_00651,Early Disease,1,0.7348,0.2456,0.7089,25.792,1.0403,28.592,51.919,6.097,0.0259,0.0427
PHB_02903,Healthy,0,0.9658,0.0915,0.9093,23.695,1.2259,27.701,65.857,6.578,0.0297,0.0369
PHB_02259,Healthy,0,0.951,0.0669,0.873,25.376,1.166,26.629,71.329,6.614,0.0095,0.0467
PHB_07403,Early Disease,1,0.615,0.3621,0.7972,25.828,1.2587,26.588,55.288,6.405,0.0137,0.0375
PHB_03522,Severe Disease,3,0.2449,0.7484,0.418,26.766,1.3408,25.614,56.299,6.379,0.0751,0.0844
PHB_02731,Healthy,0,0.7937,0.0651,0.8926,24.216,1.0141,26.746,74.554,6.6,0.0193,0.0275
PHB_05497,Severe Disease,3,0.3121,0.7345,0.5038,28.112,1.3885,22.461,61.735,6.121,0.0617,0.0671
PHB_04479,Severe Disease,3,0.3884,0.7455,0.4218,26.411,1.3894,27.992,75.406,6.189,0.0833,0.0736
PHB_01597,Healthy,0,0.7884,0.1888,0.9076,23.855,1.0808,22.139,72.25,6.43,0.0185,0.0384
PHB_07067,Moderate Illness,2,0.5423,0.5183,0.5989,26.895,1.2761,23.493,66.352,6.31,0.0428,0.0503
PHB_02585,Healthy,0,0.8534,0.1281,0.8884,23.986,1.1349,24.329,72.049,6.307,0.0186,0.06
PHB_05442,Severe Disease,3,0.3578,0.7322,0.4807,26.014,1.2371,24.335,63.092,6.267,0.0632,0.0682
PHB_03197,Moderate Illness,2,0.4334,0.6152,0.532,26.895,1.3565,27.51,61.793,6.342,0.0515,0.0508
PHB_08524,Early Disease,1,0.5731,0.4454,0.8063,24.815,1.1838,29.325,72.37,6.466,0.0343,0.0598
PHB_07683,Early Disease,1,0.6392,0.2237,0.7278,24.16,1.2378,22.699,50.291,6.745,0.0468,0.0551
PHB_05377,Early Disease,1,0.6755,0.3017,0.7442,24.199,1.0622,22.163,70.107,6.231,0.0375,0.0412
PHB_01259,Moderate Illness,2,0.4838,0.4637,0.5822,28.513,1.4664,25.621,59.652,6.043,0.0625,0.0532
PHB_05278,Moderate Illness,2,0.445,0.5464,0.6758,25.795,1.1118,26.432,60.668,6.205,0.0322,0.0597
PHB_00992,Severe Disease,3,0.3954,0.7876,0.5428,27.107,1.5173,21.216,64.893,5.975,0.0541,0.0823
PHB_03505,Moderate Illness,2,0.6506,0.4874,0.7485,27.802,1.4365,25.93,75.982,6.128,0.0467,0.0768
PHB_00114,Moderate Illness,2,0.4671,0.5135,0.5701,26.545,1.397,23.274,73.694,6.722,0.0582,0.0709
PHB_00920,Moderate Illness,2,0.4263,0.6137,0.5828,27.506,1.3272,25.306,66.147,6.617,0.0495,0.0616
PHB_02510,Moderate Illness,2,0.5481,0.4927,0.5617,28.285,1.0486,28.187,41.12,6.073,0.0454,0.0463
PHB_09405,Moderate Illness,2,0.304,0.5789,0.5945,25.234,1.2664,23.292,64.438,6.146,0.0593,0.0779
PHB_00166,Early Disease,1,0.6487,0.4077,0.7562,25.59,0.951,24.017,68.65,6.185,0.0446,0.0462
PHB_05264,Severe Disease,3,0.211,0.7036,0.5503,28.477,1.5081,20.665,68.31,6.201,0.0526,0.0708
PHB_04604,Moderate Illness,2,0.4941,0.4807,0.601,26.38,1.3817,30.29,65.584,6.419,0.0511,0.062
PHB_00950,Early Disease,1,0.6213,0.3471,0.8225,24.507,1.3193,24.002,57.498,6.486,0.0309,0.0728
PHB_04595,Healthy,0,0.7644,0.0486,0.8453,24.269,1.0748,22.131,67.381,6.439,0.0377,0.026
PHB_05728,Early Disease,1,0.6533,0.3008,0.7833,25.298,1.2422,25.939,64.795,6.599,0.0256,0.0413
PHB_03771,Severe Disease,3,0.4204,0.7255,0.5173,27.362,1.6295,24.544,55.007,6.179,0.0526,0.0588
PHB_02507,Severe Disease,3,0.3271,0.7365,0.5845,27.518,1.6288,23.382,58.101,6.365,0.0619,0.0697
PHB_05108,Early Disease,1,0.6132,0.3769,0.7009,26.749,1.2251,25.481,82.843,6.343,0.0293,0.0171
PHB_02851,Early Disease,1,0.6655,0.3162,0.6727,25.798,1.1376,25.198,56.545,6.042,0.0244,0.0439
PHB_06486,Severe Disease,3,0.3797,0.6892,0.4106,29.357,1.2754,26.029,65.774,6.015,0.0615,0.0534
PHB_05363,Healthy,0,0.8885,0.0554,0.8249,23.984,1.2612,22.204,83.815,6.437,0.0229,0.0384
PHB_07443,Moderate Illness,2,0.4962,0.5322,0.6329,27.137,1.386,26.666,74.751,6.076,0.0634,0.0713
PHB_04447,Early Disease,1,0.6648,0.3702,0.7514,26.231,1.2583,23.609,60.264,6.302,0.0503,0.0663
PHB_04461,Early Disease,1,0.6589,0.4899,0.6081,24.7,1.2688,28.273,76.714,6.131,0.0485,0.0423
PHB_09514,Severe Disease,3,0.1839,0.759,0.3591,26.393,1.4136,19.475,55.614,6.231,0.0551,0.0689
PHB_02506,Healthy,0,0.7469,0.1004,0.7175,24.104,1.0308,25.74,75.23,6.55,0.0196,0.0248
PHB_01115,Severe Disease,3,0.2654,0.705,0.4459,27.033,1.4476,27.048,55.275,6.615,0.0396,0.0679
PHB_08398,Severe Disease,3,0.2941,0.6172,0.4322,29.802,2.0,21.023,56.566,6.423,0.0618,0.0623
PHB_00299,Severe Disease,3,0.3102,0.7709,0.5529,26.79,1.1247,25.94,60.737,6.629,0.0563,0.0893
PHB_01676,Severe Disease,3,0.2949,0.8909,0.4513,28.151,1.3583,22.681,76.56,6.058,0.0513,0.072
PHB_03348,Moderate Illness,2,0.5711,0.4719,0.71,26.81,1.1171,25.816,70.247,6.571,0.0541,0.0636
PHB_02736,Early Disease,1,0.6318,0.3999,0.7135,26.206,1.3434,26.542,59.38,6.775,0.0423,0.0357
PHB_07820,Early Disease,1,0.6266,0.3425,0.683,25.841,1.1271,28.038,72.679,6.623,0.0373,0.0211
PHB_04989,Severe Disease,3,0.3532,0.7476,0.5759,27.492,1.3761,25.901,63.262,6.141,0.0662,0.0581
PHB_09895,Moderate Illness,2,0.453,0.4305,0.6421,28.17,1.2899,22.999,56.997,6.113,0.0558,0.0807
PHB_05818,Healthy,0,0.7713,0.1199,1.0669,24.938,1.16,25.818,76.357,6.365,0.0379,0.0389
PHB_04326,Moderate Illness,2,0.5103,0.4633,0.5874,25.243,1.2229,26.604,61.447,6.06,0.0383,0.0577
PHB_06720,Early Disease,1,0.7066,0.2038,0.6933,26.515,1.4556,25.756,74.202,6.314,0.0253,0.0685
PHB_08787,Moderate Illness,2,0.3951,0.5576,0.5857,26.762,1.3614,24.412,65.707,6.219,0.0568,0.0659
PHB_04551,Healthy,0,0.957,0.1617,0.8241,25.123,1.0128,18.152,75.119,6.42,0.0319,0.032
PHB_08573,Severe Disease,3,0.2521,0.7257,0.5477,26.752,1.3943,26.04,70.457,5.683,0.0611,0.0685
PHB_07848,Early Disease,1,0.6153,0.3817,0.7087,27.19,0.9916,24.232,63.6,6.164,0.0354,0.0549
PHB_02104,Severe Disease,3,0.4377,0.6857,0.4584,26.979,1.2201,25.974,63.437,6.557,0.0682,0.0756
PHB_05814,Moderate Illness,2,0.483,0.5349,0.5616,27.363,1.275,23.241,57.872,5.595,0.0514,0.0445
PHB_09105,Moderate Illness,2,0.4412,0.461,0.5898,26.218,1.311,27.264,64.46,6.029,0.0589,0.0536
PHB_07454,Moderate Illness,2,0.5662,0.4547,0.6228,27.417,1.1552,24.81,69.068,6.222,0.0411,0.0554
PHB_01838,Early Disease,1,0.6178,0.2808,0.7246,25.063,1.1499,26.313,65.08,6.472,0.0196,0.0327
PHB_07903,Severe Disease,3,0.4401,0.6195,0.3231,28.311,1.1966,25.294,62.6,6.056,0.0676,0.0544
PHB_08319,Early Disease,1,0.7372,0.3769,0.7528,24.935,1.221,24.271,64.556,6.179,0.0414,0.0355
PHB_08724,Severe Disease,3,0.3289,0.6714,0.4452,28.052,1.5541,31.42,50.586,6.421,0.0431,0.073
PHB_00608,Healthy,0,0.819,0.1289,0.9427,24.62,1.1849,22.594,74.781,6.716,0.0315,0.0689
PHB_08375,Moderate Illness,2,0.5334,0.5242,0.7467,26.165,1.2523,21.966,58.761,6.184,0.0527,0.0472
PHB_01094,Early Disease,1,0.5986,0.2624,0.8358,24.658,1.3975,24.72,57.03,6.531,0.0335,0.0614
PHB_06388,Healthy,0,0.7489,0.1925,0.8857,25.859,1.1551,23.115,62.322,5.978,0.0245,0.0393
PHB_06506,Healthy,0,0.8732,0.0993,0.9089,23.295,0.9932,25.971,72.783,6.627,0.0309,0.0566
PHB_08965,Early Disease,1,0.7332,0.2749,0.6463,24.564,1.3257,23.623,73.652,6.323,0.0363,0.0478
PHB_04488,Healthy,0,0.9188,0.0748,0.8107,24.166,1.1539,23.724,65.66,6.521,0.0264,0.0405
PHB_00161,Healthy,0,0.8039,0.1322,0.6887,24.296,1.1597,24.269,54.403,6.283,0.0115,0.0164
PHB_00204,Healthy,0,0.7929,0.026,0.8425,23.964,1.0543,25.903,73.131,6.358,0.0236,0.0471
PHB_07041,Moderate Illness,2,0.5813,0.5123,0.6709,25.251,1.1067,27.267,73.952,6.052,0.0478,0.0963
PHB_05894,Severe Disease,3,0.3942,0.74,0.4616,28.912,1.3525,24.901,70.718,6.268,0.0547,0.0867
PHB_04934,Early Disease,1,0.7398,0.2377,0.6968,24.805,1.2254,25.587,55.857,6.367,0.0274,0.0425
PHB_02935,Moderate Illness,2,0.4962,0.6132,0.5442,25.452,1.2508,24.82,63.948,5.888,0.0323,0.0447
PHB_07323,Early Disease,1,0.6254,0.2443,0.8623,24.826,1.2105,28.084,55.312,6.596,0.0564,0.0418
PHB_02436,Severe Disease,3,0.3286,0.7377,0.4593,27.242,1.4305,19.631,66.404,6.052,0.0572,0.0847
PHB_01231,Healthy,0,0.8812,0.111,0.9514,23.771,1.0044,25.26,76.589,6.142,0.0165,0.0285
PHB_08676,Moderate Illness,2,0.5965,0.5556,0.7174,26.617,1.5948,23.86,64.834,6.553,0.0485,0.0612
PHB_03047,Early Disease,1,0.6965,0.3352,0.6893,24.964,1.2723,23.327,52.821,6.136,0.0286,0.0499
PHB_09655,Severe Disease,3,0.2969,0.7589,0.336,26.841,1.6129,24.492,55.679,5.786,0.0667,0.0785
PHB_08420,Healthy,0,0.8743,0.1057,0.9543,25.037,1.1657,21.163,62.971,6.519,0.0114,0.0499
PHB_07667,Severe Disease,3,0.3479,0.6427,0.5119,26.979,1.4491,24.837,55.417,6.232,0.0619,0.0707
PHB_06408,Healthy,0,0.839,0.0975,1.0425,23.25,1.1234,30.605,69.247,6.674,0.0223,0.0152
PHB_04252,Healthy,0,0.8644,0.0,0.7978,24.843,1.0877,23.358,63.392,6.572,0.0195,0.0516
PHB_05578,Moderate Illness,2,0.4494,0.5487,0.5477,27.008,1.393,25.244,58.927,6.003,0.0549,0.0647
PHB_03294,Early Disease,1,0.6702,0.2478,0.82,25.317,1.2333,21.879,73.176,6.594,0.0328,0.0455
PHB_04035,Healthy,0,0.8358,0.0611,0.8436,25.105,1.2855,26.016,60.059,6.467,0.0189,0.0343
PHB_08113,Severe Disease,3,0.2632,0.5996,0.4641,29.197,1.3609,22.714,63.665,6.249,0.053,0.0782
PHB_04291,Healthy,0,0.8678,0.0715,0.9056,24.758,1.1205,23.955,70.759,6.351,0.011,0.0358
PHB_04335,Severe Disease,3,0.3338,0.8148,0.4959,28.347,1.7276,24.22,71.26,6.447,0.0614,0.0737
PHB_05932,Healthy,0,0.818,0.1218,0.8493,24.409,1.0205,26.024,64.309,6.063,0.0215,0.0401
PHB_03878,Severe Disease,3,0.3077,0.8324,0.5847,27.203,1.5209,24.083,71.668,6.431,0.0553,0.076
PHB_05429,Severe Disease,3,0.3824,0.7082,0.3823,27.932,1.564,27.933,60.388,6.053,0.0749,0.079
PHB_04754,Early Disease,1,0.6596,0.2878,0.8006,25.746,1.1759,27.056,70.72,6.077,0.0226,0.0489
PHB_04887,Healthy,0,0.8161,0.1115,0.9545,22.117,0.8564,25.642,70.84,6.693,0.0224,0.0311
PHB_00858,Severe Disease,3,0.3701,0.7442,0.3971,28.182,1.384,27.532,70.213,5.895,0.0622,0.0519
PHB_08234,Moderate Illness,2,0.4761,0.5295,0.5242,26.216,1.0955,23.872,56.136,6.243,0.0441,0.0566
PHB_08376,Moderate Illness,2,0.4556,0.5377,0.5467,27.329,1.2993,27.306,56.915,6.825,0.0617,0.0511
PHB_02562,Moderate Illness,2,0.5407,0.5141,0.5853,27.584,1.403,24.795,70.625,6.081,0.0485,0.0558
PHB_03802,Healthy,0,0.8497,0.1513,0.9048,23.659,1.126,23.714,57.029,6.343,0.0314,0.0358
PHB_02641,Moderate Illness,2,0.5096,0.4794,0.5005,25.664,1.25,23.134,68.652,6.371,0.0422,0.0576
PHB_09664,Severe Disease,3,0.4305,0.7608,0.3339,25.518,1.1673,21.894,67.734,5.869,0.0753,0.0888
PHB_04491,Moderate Illness,2,0.4777,0.5423,0.4636,26.956,1.2456,21.948,63.046,6.387,0.0448,0.0541
PHB_02348,Severe Disease,3,0.2599,0.6183,0.6105,26.875,1.4515,28.017,64.035,6.478,0.079,0.0801
PHB_00650,Healthy,0,0.6673,0.1273,0.8581,23.324,0.953,24.244,62.653,6.649,0.0202,0.0491
PHB_02782,Healthy,0,0.7736,0.0736,0.7739,24.453,0.8726,22.615,65.796,6.673,0.0273,0.0283
PHB_05653,Moderate Illness,2,0.4685,0.5517,0.4943,25.206,1.2473,28.019,63.93,6.444,0.077,0.0418
PHB_08544,Severe Disease,3,0.4269,0.6429,0.4173,27.163,1.437,24.612,62.63,6.413,0.0589,0.0664
PHB_08678,Moderate Illness,2,0.455,0.5011,0.4334,26.803,1.3202,24.452,53.178,6.699,0.0519,0.0668
PHB_06434,Severe Disease,3,0.2638,0.7447,0.5043,28.091,1.589,21.885,57.587,6.132,0.0392,0.0804
PHB_00616,Moderate Illness,2,0.4554,0.5929,0.6716,27.407,1.5757,23.403,69.266,6.416,0.0553,0.0602
PHB_08449,Healthy,0,0.8546,0.068,0.7787,25.055,1.2902,23.724,65.393,6.497,0.0147,0.0321
PHB_02576,Moderate Illness,2,0.4055,0.4651,0.5716,27.235,1.5439,25.405,59.343,6.134,0.0461,0.0474
PHB_00054,Moderate Illness,2,0.4783,0.5748,0.6502,25.244,1.1047,24.966,64.27,6.461,0.0407,0.0638
PHB_03341,Early Disease,1,0.7163,0.3448,0.8233,25.832,1.2658,24.751,61.659,6.43,0.037,0.0567
PHB_07038,Moderate Illness,2,0.6139,0.5845,0.5572,27.046,1.2485,27.337,66.73,6.61,0.0488,0.0668
PHB_01706,Severe Disease,3,0.3896,0.689,0.4705,27.585,1.6594,25.406,65.691,6.016,0.0562,0.0737
PHB_09061,Severe Disease,3,0.321,0.8456,0.4928,27.971,1.3733,26.238,69.799,6.65,0.0666,0.0807
PHB_09353,Early Disease,1,0.6685,0.3899,0.552,25.534,1.3978,21.702,66.699,5.989,0.0369,0.054
PHB_01494,Severe Disease,3,0.3642,0.6616,0.4629,27.957,1.5631,22.618,58.063,6.346,0.0545,0.0703
PHB_09964,Severe Disease,3,0.3595,0.8405,0.4554,29.767,1.3892,25.315,60.194,6.194,0.0432,0.0528
PHB_05633,Early Disease,1,0.6283,0.3573,0.8033,24.822,1.0966,28.026,66.013,6.295,0.0346,0.0225
PHB_00804,Moderate Illness,2,0.4866,0.4319,0.6381,24.895,1.3372,28.251,69.761,6.154,0.049,0.0692
PHB_04954,Severe Disease,3,0.4109,0.7701,0.4284,26.951,1.5134,29.529,52.466,5.962,0.0501,0.0796
PHB_06934,Moderate Illness,2,0.7466,0.525,0.6253,25.877,1.1644,24.702,70.145,6.233,0.057,0.0607
PHB_07105,Early Disease,1,0.6668,0.2854,0.7732,24.504,1.4081,26.212,73.679,7.17,0.0586,0.056
PHB_00991,Moderate Illness,2,0.5291,0.5517,0.7351,27.269,1.3916,28.594,61.404,5.981,0.0432,0.0645
PHB_02775,Severe Disease,3,0.1678,0.6902,0.4941,26.964,1.5222,28.058,63.628,6.411,0.0666,0.0915
PHB_07471,Healthy,0,0.8976,0.0945,0.7945,26.398,1.2272,20.367,65.884,6.148,0.0063,0.0242
PHB_06420,Moderate Illness,2,0.4374,0.4667,0.5727,26.162,1.263,27.156,59.418,6.296,0.0405,0.0505
PHB_03514,Severe Disease,3,0.2925,0.7236,0.4969,26.956,1.5991,26.508,58.324,6.135,0.0618,0.0687
PHB_05479,Moderate Illness,2,0.5394,0.4576,0.6008,26.375,1.2475,26.354,74.239,6.431,0.0326,0.0528
PHB_08401,Moderate Illness,2,0.505,0.4899,0.4438,25.897,1.4142,26.001,61.475,6.848,0.0521,0.0439
PHB_00220,Early Disease,1,0.6909,0.3749,0.8524,23.273,1.1496,23.886,68.638,5.993,0.0449,0.0447
PHB_06970,Moderate Illness,2,0.5924,0.5596,0.6363,27.211,1.1834,24.989,62.072,6.353,0.0557,0.0655
PHB_01289,Early Disease,1,0.6957,0.3679,0.7246,26.126,0.9861,25.242,68.464,6.658,0.0263,0.0427
PHB_03164,Moderate Illness,2,0.483,0.5094,0.5188,26.898,1.3235,26.394,44.151,6.29,0.0573,0.0724
PHB_04679,Healthy,0,0.9417,0.2156,0.8408,24.277,1.059,24.356,75.578,6.493,0.0246,0.0296
PHB_02619,Severe Disease,3,0.3868,0.675,0.4247,26.271,1.638,25.783,58.015,6.429,0.0814,0.0576
PHB_03613,Moderate Illness,2,0.3736,0.5909,0.7448,27.616,1.1431,28.413,61.348,6.232,0.0537,0.0546
PHB_00044,Early Disease,1,0.5897,0.3628,0.7119,26.002,1.3246,25.749,60.7,6.247,0.0317,0.0388
PHB_08095,Healthy,0,0.8994,0.162,0.7636,25.14,1.2454,24.395,78.999,6.279,0.0317,0.0506
PHB_08373,Healthy,0,0.841,0.1011,0.9391,24.704,0.9948,26.651,66.696,6.213,0.0157,0.0521
PHB_03793,Healthy,0,0.8545,0.1818,0.9898,25.261,1.101,27.167,65.286,6.505,0.0593,0.0342
PHB_03572,Healthy,0,0.8123,0.0924,0.949,24.663,0.6879,28.719,72.44,6.374,0.019,0.0518
PHB_09981,Early Disease,1,0.6302,0.3652,0.7849,25.797,1.1013,25.664,64.828,6.392,0.0341,0.0456
PHB_01504,Early Disease,1,0.6282,0.3487,0.6374,24.491,1.1686,25.072,60.464,6.362,0.0345,0.0337
PHB_05557,Early Disease,1,0.7198,0.4019,0.7523,24.317,1.2308,25.392,57.503,6.072,0.0252,0.0539
PHB_09831,Severe Disease,3,0.394,0.824,0.4059,27.565,1.4046,26.653,47.206,6.153,0.0626,0.0899
PHB_03440,Moderate Illness,2,0.3865,0.601,0.5937,26.351,1.311,24.056,55.399,6.264,0.0589,0.0723
PHB_01893,Moderate Illness,2,0.4789,0.5816,0.5811,26.293,1.1237,27.221,59.75,5.932,0.0476,0.0389
PHB_09324,Moderate Illness,2,0.5363,0.4322,0.5466,26.134,1.318,23.767,65.938,6.267,0.0561,0.0682
PHB_05256,Severe Disease,3,0.3609,0.6663,0.5343,27.462,1.4421,25.935,66.468,6.266,0.0618,0.0801
PHB_01956,Severe Disease,3,0.3554,0.6898,0.4694,26.286,1.356,25.9,73.545,6.298,0.0439,0.095
PHB_05168,Moderate Illness,2,0.5123,0.6847,0.751,26.321,1.4307,23.048,74.379,6.791,0.0558,0.072
PHB_04815,Early Disease,1,0.6911,0.1906,0.7342,26.263,1.1703,26.933,65.374,6.342,0.0431,0.0414
PHB_06265,Early Disease,1,0.7626,0.4113,0.6694,26.988,1.0011,23.21,70.987,6.797,0.0661,0.0544
PHB_01506,Moderate Illness,2,0.4974,0.4219,0.6587,27.806,1.3709,24.684,71.629,6.197,0.0322,0.0524
PHB_00671,Healthy,0,0.7778,0.1998,0.697,24.476,0.9882,24.264,53.752,6.314,0.0369,0.051
PHB_08908,Severe Disease,3,0.3755,0.6764,0.5745,27.06,1.5173,30.975,67.002,6.172,0.07,0.0766
PHB_07056,Early Disease,1,0.6738,0.4035,0.7967,24.886,1.2086,23.673,80.291,6.504,0.0596,0.0358
PHB_00898,Healthy,0,0.7571,0.0784,0.8642,23.653,1.0974,26.379,68.062,6.603,0.0227,0.0298
PHB_06179,Early Disease,1,0.6379,0.2952,0.7568,25.275,1.06,25.546,54.536,6.674,0.0351,0.0299
PHB_02667,Severe Disease,3,0.3077,0.7548,0.4605,27.975,1.2791,26.01,63.921,6.601,0.0661,0.0672
PHB_03194,Moderate Illness,2,0.4919,0.5539,0.5079,26.114,1.3517,26.725,59.071,6.458,0.0431,0.0572
PHB_02891,Healthy,0,0.8166,0.0823,0.8425,25.067,1.1331,19.83,62.466,6.252,0.0287,0.0436
PHB_07774,Severe Disease,3,0.3764,0.6543,0.4968,28.78,1.5125,27.468,75.931,6.553,0.0713,0.0474
PHB_02622,Severe Disease,3,0.2636,0.7511,0.5147,27.015,1.0367,21.379,69.881,6.129,0.0559,0.0609
PHB_06009,Severe Disease,3,0.3096,0.6766,0.3298,28.48,1.4599,24.959,55.965,6.532,0.0615,0.0715
PHB_05957,Moderate Illness,2,0.4175,0.6732,0.6546,26.117,1.2596,26.313,72.0,6.153,0.0464,0.0626
PHB_00003,Severe Disease,3,0.4064,0.6965,0.3842,27.757,1.4974,27.073,63.654,6.714,0.06,0.0595
PHB_02371,Early Disease,1,0.573,0.3703,0.765,26.177,1.1614,25.75,71.436,6.407,0.0234,0.0455
PHB_07915,Severe Disease,3,0.3,0.7286,0.4285,27.275,1.3383,27.481,63.344,6.097,0.0665,0.0876
PHB_01770,Severe Disease,3,0.2785,0.6849,0.4114,27.255,1.5011,23.648,64.155,6.214,0.0715,0.0655
PHB_08507,Moderate Illness,2,0.4943,0.4521,0.6062,25.676,1.4339,26.907,64.798,6.521,0.0505,0.0617
PHB_06026,Severe Disease,3,0.3395,0.6263,0.4262,27.694,1.499,25.321,55.427,6.064,0.0557,0.0563
PHB_00532,Moderate Illness,2,0.5609,0.4595,0.6746,27.152,1.2731,23.502,66.395,5.842,0.0534,0.0462
PHB_08725,Moderate Illness,2,0.5388,0.4725,0.7039,26.673,1.1717,25.079,69.043,6.271,0.0449,0.0555
PHB_08650,Moderate Illness,2,0.558,0.4975,0.6078,25.685,1.273,24.159,68.235,6.218,0.049,0.0765
PHB_07874,Healthy,0,0.722,0.1707,0.8618,25.26,0.9751,21.463,62.884,6.859,0.0431,0.0463
PHB_08891,Severe Disease,3,0.4102,0.6885,0.4869,27.624,1.6288,25.413,68.687,5.588,0.0294,0.059
PHB_03121,Healthy,0,0.9372,0.1155,0.8438,24.692,1.0619,26.654,76.802,6.391,0.0445,0.0551
PHB_09023,Severe Disease,3,0.2779,0.6903,0.4518,26.706,1.216,23.143,61.682,6.499,0.0693,0.0778
PHB_00732,Healthy,0,0.8673,0.2191,0.8526,24.05,1.0019,23.264,63.274,6.142,0.0301,0.0237
PHB_03407,Moderate Illness,2,0.4242,0.5409,0.6852,26.375,1.4844,26.076,78.284,6.496,0.0396,0.06
PHB_02340,Healthy,0,0.9054,0.0475,0.8751,25.319,1.2319,26.273,55.926,6.332,0.0411,0.0263
PHB_05968,Early Disease,1,0.6145,0.2742,0.6742,23.701,1.2743,25.548,64.227,5.958,0.0296,0.0286
PHB_06581,Severe Disease,3,0.3255,0.7917,0.4338,27.197,1.4467,23.461,78.094,6.514,0.0557,0.0462
PHB_02566,Early Disease,1,0.7072,0.3351,0.6893,24.956,1.171,30.394,65.721,6.453,0.0343,0.0333
PHB_07727,Healthy,0,0.8349,0.2043,0.9118,25.132,1.1708,22.931,68.209,6.128,0.0341,0.0181
PHB_07821,Moderate Illness,2,0.5247,0.5375,0.5628,25.533,1.41,23.626,58.588,6.389,0.041,0.0456
PHB_06714,Moderate Illness,2,0.4321,0.4759,0.6222,26.72,1.2148,28.824,68.975,6.371,0.0524,0.0487
PHB_06996,Severe Disease,3,0.352,0.7643,0.3864,26.78,1.3911,23.469,66.145,6.363,0.0542,0.0791
PHB_06943,Moderate Illness,2,0.5172,0.5753,0.559,27.222,1.3306,22.785,67.194,6.358,0.0423,0.053
PHB_07795,Moderate Illness,2,0.5793,0.5855,0.6283,25.978,1.406,24.565,61.055,6.03,0.061,0.0565
PHB_08976,Healthy,0,0.8277,0.1786,0.7936,25.443,1.0337,27.519,61.128,6.364,0.0135,0.0382
PHB_01256,Severe Disease,3,0.402,0.6819,0.4167,27.485,1.238,25.589,68.908,6.074,0.0515,0.0715
PHB_02105,Moderate Illness,2,0.6187,0.5351,0.5805,25.275,1.5266,23.786,65.366,6.228,0.0714,0.0624
PHB_06735,Healthy,0,0.8078,0.1628,0.8713,25.168,0.8692,26.222,56.913,6.751,0.0367,0.0479
PHB_09779,Moderate Illness,2,0.6292,0.5284,0.6575,26.776,1.4673,27.304,67.499,6.5,0.0315,0.0601
PHB_06225,Moderate Illness,2,0.5405,0.5773,0.648,26.958,1.3405,25.277,67.18,6.725,0.0325,0.0682
PHB_09151,Early Disease,1,0.6735,0.3945,0.7125,24.209,1.1319,26.186,54.794,6.178,0.0406,0.0624
PHB_04995,Moderate Illness,2,0.542,0.5498,0.6468,26.397,1.3491,27.126,49.944,6.224,0.0387,0.0559
PHB_08970,Moderate Illness,2,0.5337,0.4581,0.6242,25.943,1.1877,26.33,63.446,6.233,0.0538,0.0595
PHB_06840,Severe Disease,3,0.4033,0.6802,0.4328,26.048,1.2672,27.498,60.81,6.579,0.0491,0.0498
PHB_05058,Moderate Illness,2,0.4411,0.5063,0.543,28.048,1.2353,22.272,63.665,5.998,0.0448,0.0721
PHB_05847,Severe Disease,3,0.352,0.6848,0.5281,25.952,1.4944,28.617,81.66,6.253,0.0639,0.0523
PHB_04435,Moderate Illness,2,0.4722,0.4884,0.5854,27.547,1.3682,20.274,68.952,6.066,0.0451,0.0698
PHB_03485,Moderate Illness,2,0.524,0.4941,0.5942,26.578,1.3911,24.756,71.723,6.476,0.0405,0.0492
PHB_09494,Moderate Illness,2,0.4702,0.538,0.5426,26.762,1.3253,23.404,60.857,6.193,0.0509,0.0593
PHB_05319,Early Disease,1,0.6173,0.2609,0.6986,26.046,1.142,24.411,66.331,6.441,0.043,0.0594
PHB_03817,Early Disease,1,0.5917,0.3112,0.7875,26.255,1.3383,26.563,70.589,6.401,0.0365,0.0595
PHB_05730,Early Disease,1,0.6226,0.3514,0.7401,25.816,1.0444,24.081,63.737,6.384,0.0321,0.0532
PHB_08904,Early Disease,1,0.7761,0.2556,0.7716,26.426,1.1638,23.854,67.362,6.402,0.0504,0.052
PHB_07841,Severe Disease,3,0.3646,0.7585,0.425,26.618,1.1469,26.899,63.46,6.044,0.0569,0.0734
PHB_09890,Severe Disease,3,0.4462,0.7581,0.4158,28.025,1.5673,25.696,57.944,5.856,0.0715,0.0668
PHB_01622,Moderate Illness,2,0.5035,0.5021,0.5689,25.483,1.1552,29.037,61.521,6.325,0.0606,0.053
PHB_09424,Healthy,0,0.7765,0.173,0.9313,23.998,0.8756,25.675,55.695,6.689,0.0303,0.0482
PHB_06308,Severe Disease,3,0.3335,0.6957,0.4773,27.041,1.4081,21.45,47.702,5.545,0.0691,0.0847
PHB_09305,Healthy,0,0.8047,0.1637,0.9356,24.861,1.102,24.207,76.128,6.634,0.0276,0.0265
PHB_08903,Severe Disease,3,0.3527,0.8296,0.3911,27.829,1.457,25.25,66.134,5.81,0.0564,0.0733
PHB_01097,Healthy,0,0.7346,0.1462,0.7817,24.571,1.1907,26.622,67.598,6.373,0.0221,0.0271
PHB_08058,Early Disease,1,0.6232,0.2402,0.7542,25.177,1.1563,23.448,68.0,6.699,0.0379,0.0246
PHB_09482,Early Disease,1,0.5295,0.2574,0.732,24.86,1.1805,25.088,65.811,6.355,0.0388,0.0459
PHB_02464,Moderate Illness,2,0.5461,0.5677,0.6147,27.07,1.4497,26.453,71.422,6.234,0.0436,0.0787
PHB_08290,Healthy,0,0.7086,0.1759,0.9933,23.143,1.2727,24.782,77.874,6.545,0.0321,0.0418
PHB_01789,Severe Disease,3,0.2919,0.6446,0.3888,27.873,1.4778,24.573,63.538,6.266,0.0628,0.0604
PHB_00251,Moderate Illness,2,0.5005,0.4805,0.6472,26.043,1.3509,24.826,67.873,6.503,0.0422,0.0678
PHB_09927,Moderate Illness,2,0.5393,0.4185,0.567,25.62,1.4593,26.248,67.23,6.27,0.0476,0.0584
PHB_06192,Healthy,0,0.7985,0.1711,0.8213,24.853,0.9761,26.646,72.71,6.522,0.0131,0.0431
PHB_09651,Severe Disease,3,0.2324,0.7617,0.52,27.108,1.5811,22.17,64.963,6.4,0.0598,0.074
PHB_00193,Healthy,0,0.7826,0.2793,0.8469,24.604,1.2683,26.617,64.489,6.489,0.0273,0.0243
PHB_00821,Healthy,0,0.8191,0.1625,0.9106,24.862,1.1175,27.87,65.203,6.33,0.0202,0.058
PHB_09628,Early Disease,1,0.6599,0.3034,0.7934,25.046,1.2573,27.361,58.784,6.481,0.0252,0.0307
PHB_05715,Healthy,0,0.8505,0.1614,0.9803,24.602,1.0309,24.44,71.716,6.186,0.0377,0.0506
PHB_07196,Severe Disease,3,0.2911,0.7405,0.366,27.468,1.4819,25.166,70.341,5.868,0.07,0.0887
PHB_05716,Healthy,0,0.7979,0.0721,0.9137,24.537,0.9135,26.441,62.769,6.983,0.0295,0.0375
PHB_04401,Severe Disease,3,0.2713,0.6238,0.5872,27.006,1.4818,23.693,75.569,6.255,0.0565,0.0787
PHB_09291,Early Disease,1,0.6175,0.2661,0.7569,25.676,1.192,25.88,68.96,6.441,0.0258,0.0505
PHB_05389,Early Disease,1,0.6585,0.4012,0.8044,25.689,1.1988,23.874,59.095,6.251,0.0375,0.0625
PHB_04167,Healthy,0,0.8933,0.1825,0.786,24.424,1.0125,21.214,72.892,6.456,0.0233,0.0407
PHB_04952,Moderate Illness,2,0.5355,0.5111,0.5186,24.632,1.1679,23.364,64.051,6.464,0.051,0.0608
PHB_02688,Moderate Illness,2,0.4288,0.5048,0.7885,27.998,1.09,23.078,75.483,5.915,0.0322,0.0522
PHB_04391,Healthy,0,0.8045,0.0748,0.9249,24.512,1.1796,24.273,69.978,6.354,0.0296,0.0446
PHB_05861,Moderate Illness,2,0.5721,0.4918,0.7242,26.948,1.3012,26.378,62.838,6.473,0.0638,0.061
PHB_05982,Moderate Illness,2,0.5207,0.4845,0.6021,25.223,1.3217,22.384,56.906,6.326,0.0459,0.0692
PHB_04928,Early Disease,1,0.7536,0.434,0.6697,25.133,1.1683,25.696,66.225,6.357,0.0129,0.0522
PHB_06736,Severe Disease,3,0.4214,0.6731,0.4892,28.136,1.4579,26.333,65.027,6.564,0.0509,0.0791
PHB_02608,Healthy,0,0.8965,0.1693,0.8486,24.942,0.9808,26.151,58.811,6.577,0.0234,0.0187
PHB_07467,Healthy,0,0.7917,0.0448,0.8478,25.305,1.3017,26.22,70.766,6.521,0.0299,0.0384
PHB_00239,Healthy,0,0.737,0.092,0.8485,24.446,0.7676,23.538,73.537,6.987,0.0251,0.0278
PHB_04016,Moderate Illness,2,0.508,0.4903,0.65,27.247,1.4566,23.487,51.903,6.68,0.052,0.0638
PHB_09263,Moderate Illness,2,0.5258,0.4411,0.4963,26.902,1.3382,23.659,55.783,6.248,0.0398,0.0701
PHB_02978,Moderate Illness,2,0.4699,0.566,0.5622,26.243,1.3655,24.209,62.341,6.295,0.0522,0.047
PHB_05713,Severe Disease,3,0.4101,0.8004,0.5778,26.651,1.5251,20.98,60.9,6.298,0.0512,0.0726
PHB_09857,Moderate Illness,2,0.5491,0.3684,0.6172,26.636,1.2049,26.364,75.002,6.279,0.0412,0.0661
PHB_05474,Healthy,0,0.7999,0.1635,1.0387,24.112,1.0282,24.764,64.957,6.301,0.0354,0.031
PHB_00946,Healthy,0,0.8622,0.0841,0.955,25.427,1.0066,28.554,77.72,6.75,0.001,0.046
PHB_08252,Healthy,0,0.8944,0.1197,0.95,23.004,1.1766,26.243,75.646,6.046,0.026,0.033
PHB_07682,Moderate Illness,2,0.4863,0.4735,0.5631,26.106,1.1808,24.558,69.029,5.706,0.0389,0.071
PHB_05098,Moderate Illness,2,0.5341,0.5428,0.6089,25.797,1.5094,26.594,62.361,6.341,0.0438,0.0524
PHB_06806,Severe Disease,3,0.4161,0.7721,0.4409,27.538,1.2232,24.957,64.037,5.652,0.0715,0.0806
PHB_05804,Moderate Illness,2,0.5389,0.5417,0.5809,26.732,1.4193,26.797,60.883,6.29,0.0543,0.0679
PHB_03553,Early Disease,1,0.7907,0.3309,0.7742,26.392,1.1172,23.903,73.656,6.539,0.0389,0.0659
PHB_09970,Moderate Illness,2,0.4719,0.5133,0.4923,26.296,1.272,23.879,73.241,6.381,0.056,0.0561
PHB_03361,Early Disease,1,0.6663,0.2305,0.7041,25.252,1.0951,21.238,73.448,6.1,0.0346,0.0522
PHB_08250,Healthy,0,0.832,0.1303,0.8751,24.319,0.9754,25.458,73.97,6.598,0.0269,0.0249
PHB_02411,Moderate Illness,2,0.5692,0.5329,0.612,24.904,1.2757,26.557,69.751,6.026,0.0538,0.0465
PHB_04508,Healthy,0,0.8438,0.1737,0.979,24.979,1.0374,27.641,68.953,6.555,0.0349,0.0236
PHB_08463,Moderate Illness,2,0.4639,0.4882,0.4591,26.127,1.4295,25.876,61.591,5.952,0.0646,0.077
PHB_03983,Moderate Illness,2,0.5128,0.5038,0.4443,26.442,1.3857,23.481,67.614,6.372,0.046,0.0885
PHB_00147,Early Disease,1,0.5883,0.251,0.7121,24.866,1.114,24.942,70.041,6.426,0.0342,0.0253
PHB_06649,Severe Disease,3,0.3098,0.7228,0.6135,28.688,1.4732,27.854,69.634,6.313,0.0595,0.0718
PHB_02295,Early Disease,1,0.6384,0.3723,0.6529,25.321,1.287,23.171,61.25,5.914,0.0344,0.0498
PHB_02254,Moderate Illness,2,0.5176,0.5523,0.5304,26.168,1.2441,29.152,76.103,6.489,0.0478,0.0582
PHB_03612,Early Disease,1,0.6657,0.4147,0.8383,25.94,1.2346,24.619,60.945,6.261,0.0395,0.0384
PHB_05354,Moderate Illness,2,0.5397,0.5331,0.6689,26.274,1.2855,21.517,71.099,6.565,0.049,0.0693
PHB_01737,Severe Disease,3,0.343,0.7645,0.443,26.769,1.5217,22.026,65.518,5.811,0.0689,0.0807
PHB_07916,Severe Disease,3,0.342,0.7192,0.4204,26.833,1.3968,26.161,57.113,5.838,0.0571,0.0553
PHB_07660,Moderate Illness,2,0.4833,0.5277,0.4884,27.498,1.345,25.102,77.576,6.532,0.0527,0.063
PHB_00115,Healthy,0,0.8093,0.163,0.9699,24.596,1.0935,26.147,70.386,6.62,0.0207,0.0497
PHB_08861,Healthy,0,0.8861,0.0933,0.906,24.794,1.015,20.523,71.585,6.372,0.0155,0.0282
PHB_05650,Healthy,0,0.8263,0.0,0.9127,25.318,1.1524,27.208,68.234,6.24,0.0455,0.0225
PHB_09845,Healthy,0,0.8367,0.0755,0.7696,24.668,1.0459,23.483,69.85,6.366,0.0299,0.034
PHB_00499,Early Disease,1,0.7038,0.3143,0.7662,26.4,1.1409,24.272,74.363,6.406,0.0474,0.0505
PHB_07823,Early Disease,1,0.668,0.2601,0.7272,24.889,1.229,24.472,70.099,6.544,0.0416,0.0576
PHB_00721,Moderate Illness,2,0.4917,0.6063,0.6693,26.759,1.5373,25.345,65.82,6.551,0.0564,0.0535
PHB_07259,Moderate Illness,2,0.5594,0.3619,0.5913,27.408,1.228,24.91,67.092,6.417,0.0559,0.0413
PHB_08844,Moderate Illness,2,0.5138,0.512,0.661,26.382,1.514,23.653,60.326,5.746,0.0512,0.0553
PHB_05731,Early Disease,1,0.6782,0.389,0.7457,25.473,1.1396,24.805,68.806,5.975,0.0364,0.0469
PHB_03090,Severe Disease,3,0.329,0.8183,0.3917,28.205,1.2119,25.86,63.43,6.371,0.0633,0.0607
PHB_07227,Healthy,0,0.826,0.1053,0.8984,23.598,1.0014,24.359,68.117,6.104,0.0288,0.0448
PHB_07307,Healthy,0,0.8076,0.127,0.9289,24.028,1.0417,28.787,64.819,6.266,0.002,0.0507
PHB_06509,Moderate Illness,2,0.4786,0.5812,0.5616,26.54,1.1724,24.53,81.877,6.297,0.0562,0.0783
PHB_00597,Moderate Illness,2,0.5828,0.4289,0.5708,26.657,1.2751,24.566,66.679,6.118,0.0502,0.0698
PHB_09093,Healthy,0,0.8631,0.1924,0.9029,25.157,1.0189,21.506,61.517,6.605,0.031,0.0366
PHB_06096,Early Disease,1,0.6999,0.3057,0.7918,25.119,1.2813,23.233,66.152,6.877,0.0492,0.0463
PHB_06054,Healthy,0,0.8264,0.0699,0.8488,24.179,0.8992,26.263,61.092,6.64,0.025,0.0471
PHB_05165,Moderate Illness,2,0.5154,0.5102,0.6009,27.485,1.108,24.953,77.386,6.173,0.0457,0.0519
PHB_01648,Severe Disease,3,0.2446,0.7668,0.4432,27.86,1.2667,23.692,50.382,6.104,0.0753,0.0764
PHB_08168,Severe Disease,3,0.3098,0.6685,0.383,27.556,1.3342,25.263,59.556,5.972,0.0779,0.0726
PHB_06921,Severe Disease,3,0.3271,0.7042,0.528,27.027,1.5677,25.143,54.892,6.413,0.064,0.0605
PHB_02701,Moderate Illness,2,0.5209,0.542,0.6352,27.195,1.2828,20.01,71.264,6.385,0.0481,0.0592
PHB_08204,Moderate Illness,2,0.5882,0.5195,0.5963,26.486,1.2722,22.638,74.014,6.363,0.0408,0.0468
PHB_01701,Severe Disease,3,0.3125,0.7285,0.4333,26.751,1.4663,29.506,69.687,6.388,0.0663,0.0811
PHB_08944,Severe Disease,3,0.4209,0.6729,0.3789,26.302,1.2743,23.282,63.556,6.109,0.0467,0.0804
PHB_05405,Moderate Illness,2,0.5225,0.4634,0.6601,25.426,1.3926,22.635,77.789,6.245,0.0529,0.0656
PHB_07220,Healthy,0,0.7375,0.0853,0.9017,24.454,0.8931,26.322,81.105,6.493,0.0324,0.0315
PHB_07503,Healthy,0,0.9397,0.0467,0.9223,25.116,1.0594,22.527,70.137,6.594,0.0343,0.0178
PHB_02943,Severe Disease,3,0.2803,0.838,0.4306,27.178,1.4356,25.251,68.034,5.808,0.0695,0.0521
PHB_06302,Early Disease,1,0.6805,0.2839,0.7928,25.34,1.2331,24.559,39.283,6.563,0.0352,0.0395
PHB_00087,Moderate Illness,2,0.4992,0.5572,0.5343,25.964,1.4014,27.679,58.168,6.335,0.0636,0.0551
PHB_02309,Moderate Illness,2,0.4994,0.4042,0.5531,25.601,1.1804,28.44,66.408,6.085,0.043,0.056
PHB_02678,Severe Disease,3,0.2963,0.7195,0.4656,27.182,1.4435,24.019,65.143,6.313,0.0701,0.0609
PHB_08217,Severe Disease,3,0.3184,0.6909,0.602,28.343,1.4406,25.247,65.27,6.353,0.0508,0.0589
PHB_07730,Healthy,0,0.8387,0.0298,0.877,24.153,1.1431,24.727,57.68,6.552,0.0102,0.0386
PHB_02595,Early Disease,1,0.7165,0.3335,0.6922,26.142,1.3439,27.785,64.915,6.212,0.0404,0.0547
PHB_05885,Early Disease,1,0.6621,0.2905,0.7583,24.806,1.1661,28.872,62.021,6.237,0.0478,0.0404
PHB_01030,Early Disease,1,0.6143,0.2913,0.8119,25.134,1.3006,26.069,70.866,6.407,0.0221,0.0472
PHB_00137,Severe Disease,3,0.2476,0.6884,0.4412,26.737,1.1234,24.115,65.42,6.285,0.0772,0.0571
PHB_06832,Moderate Illness,2,0.5486,0.5281,0.5267,25.767,1.3158,21.847,71.775,6.516,0.0722,0.0626
PHB_07815,Moderate Illness,2,0.5562,0.4634,0.6721,24.78,1.506,24.935,67.366,6.311,0.0508,0.0806
PHB_02855,Severe Disease,3,0.2717,0.7781,0.4483,27.037,1.4189,24.175,59.152,6.202,0.065,0.0981
PHB_04410,Healthy,0,0.8664,0.1018,0.9636,24.092,1.1286,24.775,66.663,6.28,0.0269,0.0322
PHB_01201,Moderate Illness,2,0.6281,0.5098,0.6782,26.193,1.3414,23.334,75.216,6.24,0.0639,0.0597
PHB_04718,Moderate Illness,2,0.5692,0.5398,0.6241,27.171,1.3053,22.789,68.677,6.359,0.0493,0.0489
PHB_09518,Early Disease,1,0.6668,0.3035,0.739,26.406,1.329,21.481,64.131,6.17,0.0247,0.0502
PHB_06595,Severe Disease,3,0.3271,0.7637,0.3613,27.395,1.4036,25.761,58.056,5.783,0.067,0.0818
PHB_00567,Severe Disease,3,0.3185,0.8182,0.5056,26.939,1.4407,23.505,70.86,6.027,0.0702,0.0616
PHB_07329,Early Disease,1,0.7186,0.4563,0.7001,24.26,1.1271,25.376,58.45,6.414,0.0495,0.0486
PHB_05431,Early Disease,1,0.6397,0.3832,0.699,25.784,1.3445,25.789,67.384,6.281,0.0413,0.0737
PHB_03928,Severe Disease,3,0.323,0.6118,0.4472,26.7,1.3657,20.909,57.605,6.235,0.0598,0.0672
PHB_06056,Healthy,0,0.8525,0.0601,1.0571,24.493,1.0986,23.681,60.551,6.396,0.0244,0.0223
PHB_07590,Early Disease,1,0.6242,0.3608,0.7225,26.204,1.2427,25.093,58.033,6.546,0.0364,0.0453
PHB_07123,Severe Disease,3,0.2893,0.8401,0.4652,27.635,1.6315,26.271,76.188,5.997,0.0733,0.0626
PHB_06573,Moderate Illness,2,0.5099,0.5519,0.7587,24.238,1.3136,23.069,68.232,6.377,0.0535,0.0645
PHB_06536,Healthy,0,0.7293,0.1414,0.8639,23.811,0.8897,25.909,80.618,6.783,0.0288,0.0238
PHB_08914,Early Disease,1,0.727,0.4008,0.8334,24.057,1.0805,24.526,62.56,6.476,0.0433,0.0557
PHB_08276,Early Disease,1,0.6172,0.2781,0.7163,24.508,1.3032,27.495,66.68,6.672,0.0308,0.0273
PHB_02331,Moderate Illness,2,0.4608,0.5942,0.4807,26.306,1.3191,28.013,52.509,6.31,0.043,0.0405
PHB_03516,Severe Disease,3,0.3522,0.655,0.33,28.147,1.5123,24.402,63.951,6.264,0.0647,0.0836
PHB_02188,Moderate Illness,2,0.5227,0.5484,0.5113,25.837,1.4849,24.098,57.823,6.316,0.0498,0.0548
PHB_00196,Healthy,0,0.794,0.1446,0.9238,25.29,1.3124,29.123,64.94,6.043,0.0296,0.0436
PHB_07258,Severe Disease,3,0.2332,0.7873,0.4913,27.427,1.5382,24.736,84.286,6.166,0.059,0.0612
PHB_05667,Early Disease,1,0.7175,0.4089,0.7824,24.963,1.0695,27.742,59.391,6.512,0.0419,0.0328
PHB_05060,Healthy,0,0.7944,0.1763,0.9358,25.801,0.9865,27.411,57.612,6.531,0.0457,0.0335
PHB_00803,Severe Disease,3,0.3081,0.7141,0.2886,27.349,1.3895,24.185,67.552,6.378,0.0673,0.0488
PHB_08849,Severe Disease,3,0.4272,0.7203,0.4485,26.734,1.3447,26.216,47.184,6.378,0.0474,0.0723
PHB_09929,Severe Disease,3,0.2703,0.7262,0.4399,27.355,1.2891,26.843,74.717,6.334,0.0539,0.0609
PHB_02069,Early Disease,1,0.6553,0.3235,0.6392,26.566,1.3916,21.348,69.246,6.289,0.0387,0.0442
PHB_09083,Healthy,0,0.8258,0.1254,0.9397,24.732,1.0337,22.235,63.832,6.555,0.0214,0.0253
PHB_08745,Moderate Illness,2,0.5742,0.555,0.7124,26.164,1.1318,28.603,74.239,6.054,0.0442,0.0641
PHB_00645,Moderate Illness,2,0.5408,0.5248,0.6266,26.978,1.3814,25.022,68.563,6.213,0.0458,0.0496
PHB_09375,Moderate Illness,2,0.5999,0.4273,0.549,25.856,1.4658,25.198,56.235,6.226,0.0696,0.0578
PHB_05104,Moderate Illness,2,0.4122,0.603,0.6136,27.007,1.2699,19.746,47.627,5.915,0.0582,0.0454
PHB_05461,Moderate Illness,2,0.5116,0.4667,0.5889,28.205,1.1592,24.364,62.434,6.252,0.0645,0.0459
PHB_01638,Severe Disease,3,0.2553,0.7501,0.4636,26.799,1.4688,25.119,56.757,6.037,0.0486,0.069
PHB_00121,Moderate Illness,2,0.4563,0.4941,0.6521,26.58,1.4852,26.035,56.549,6.433,0.0519,0.0532
PHB_02982,Early Disease,1,0.6056,0.3898,0.8386,26.125,1.2235,22.479,63.544,6.737,0.0298,0.0449
PHB_05070,Moderate Illness,2,0.4258,0.5034,0.4982,27.548,1.0408,23.85,68.311,6.177,0.0376,0.0723
PHB_03075,Severe Disease,3,0.2757,0.7471,0.3935,27.225,2.0,28.052,69.463,6.563,0.0658,0.0726
PHB_08928,Severe Disease,3,0.2524,0.767,0.3571,26.908,1.3841,26.99,76.267,5.911,0.0729,0.0753
PHB_03279,Early Disease,1,0.6613,0.357,0.748,24.313,1.2331,25.518,68.918,6.24,0.0265,0.0404
PHB_02136,Moderate Illness,2,0.5175,0.5133,0.7161,27.549,1.4499,24.187,56.227,6.47,0.0631,0.0594
PHB_08942,Healthy,0,0.8165,0.1461,0.8702,29.256,0.9634,23.337,63.0,6.621,0.0304,0.0291
PHB_04971,Moderate Illness,2,0.3985,0.5193,0.5094,27.069,1.0571,23.286,71.923,6.336,0.0451,0.0413
PHB_06196,Early Disease,1,0.5795,0.4053,0.6064,24.702,1.0859,24.559,78.289,6.125,0.0158,0.055
PHB_00135,Moderate Illness,2,0.5083,0.511,0.5035,27.568,1.2947,23.892,61.331,6.618,0.0536,0.0751
PHB_07732,Early Disease,1,0.6561,0.3527,0.707,24.323,1.199,22.406,63.454,6.152,0.0335,0.0538
PHB_05325,Healthy,0,0.7395,0.053,0.9441,24.872,0.9911,25.06,69.433,6.617,0.0278,0.0118
PHB_09641,Moderate Illness,2,0.4382,0.3537,0.5649,26.019,1.4214,25.879,56.619,6.254,0.0275,0.0595
PHB_06161,Moderate Illness,2,0.4216,0.4432,0.7127,25.67,1.3732,28.204,71.758,6.109,0.0477,0.0668
PHB_02560,Healthy,0,0.835,0.118,0.8689,24.923,1.1723,25.053,63.468,6.239,0.0187,0.0381
PHB_00063,Moderate Illness,2,0.5713,0.4901,0.6686,26.15,1.514,23.015,67.693,6.262,0.0621,0.0639
PHB_01359,Moderate Illness,2,0.4657,0.4474,0.6103,26.415,1.443,25.504,59.913,6.44,0.0562,0.0498
PHB_06726,Early Disease,1,0.8734,0.3444,0.6783,23.966,1.1573,26.304,62.82,6.386,0.0387,0.0535
PHB_02468,Moderate Illness,2,0.5284,0.5317,0.5326,25.045,1.2618,24.419,71.179,5.776,0.0428,0.0553
PHB_00680,Early Disease,1,0.6875,0.3701,0.7702,26.097,1.1271,29.548,60.328,6.399,0.0348,0.0396
PHB_06798,Healthy,0,0.8499,0.2219,0.8718,23.499,1.1696,25.072,61.184,6.292,0.021,0.0102
PHB_00742,Healthy,0,0.8131,0.0718,1.0067,24.052,1.015,25.645,86.372,6.323,0.0344,0.0303
PHB_05308,Early Disease,1,0.6368,0.3477,0.6627,25.737,1.2457,23.475,64.287,6.261,0.0288,0.0352
PHB_07628,Severe Disease,3,0.3569,0.7765,0.5043,25.289,1.407,25.152,61.978,6.13,0.0494,0.0587
PHB_03642,Healthy,0,0.8518,0.2428,0.9478,24.345,1.009,19.65,56.007,5.991,0.0219,0.0423
PHB_00445,Early Disease,1,0.6665,0.2617,0.725,24.256,1.0852,27.491,69.211,6.324,0.0425,0.0503
PHB_08141,Early Disease,1,0.7582,0.3422,0.7656,26.475,1.1336,26.519,54.336,6.059,0.0271,0.0582
PHB_03259,Moderate Illness,2,0.5654,0.5013,0.6045,26.432,1.4482,26.939,73.586,6.194,0.0463,0.065
PHB_04664,Healthy,0,0.9064,0.0805,0.9636,25.372,1.1351,25.524,61.692,6.041,0.0301,0.0604
PHB_01874,Severe Disease,3,0.3034,0.6615,0.4494,27.578,1.3129,24.808,59.968,6.263,0.0355,0.0754
PHB_06367,Early Disease,1,0.6415,0.3708,0.8589,25.834,1.1317,21.686,76.308,5.894,0.0398,0.0393
PHB_02597,Healthy,0,0.8727,0.0483,0.8339,24.326,1.1095,28.107,71.466,6.258,0.0074,0.0266
PHB_01718,Moderate Illness,2,0.4555,0.5535,0.6417,25.5,1.2796,24.358,63.71,6.278,0.0489,0.0664
PHB_02913,Moderate Illness,2,0.4753,0.4981,0.6978,26.904,1.2004,26.387,73.097,6.255,0.0488,0.0665
PHB_02844,Healthy,0,0.8011,0.1449,0.9302,23.199,1.2953,25.582,77.867,5.789,0.0177,0.0478
PHB_04028,Moderate Illness,2,0.5773,0.5411,0.6506,25.709,1.3604,24.316,64.198,6.578,0.0369,0.0674
PHB_05489,Early Disease,1,0.7116,0.264,0.7098,24.978,1.1996,31.181,63.566,6.673,0.0271,0.0562
PHB_08635,Healthy,0,0.9529,0.16,0.8683,24.932,0.9881,26.332,78.532,6.18,0.0237,0.0389
PHB_08038,Early Disease,1,0.6167,0.3617,0.6526,24.888,1.1545,21.444,85.231,6.328,0.0342,0.0343
PHB_09233,Moderate Illness,2,0.4283,0.4822,0.6814,27.592,1.2543,22.66,74.026,6.513,0.0473,0.0717
PHB_00490,Moderate Illness,2,0.5592,0.5722,0.4839,27.147,1.355,25.347,61.509,6.713,0.0572,0.0597
PHB_00494,Early Disease,1,0.6741,0.2317,0.8257,26.607,1.2771,24.471,75.112,6.392,0.0358,0.0388
PHB_00691,Early Disease,1,0.7285,0.3214,0.7744,25.173,1.1895,25.124,55.027,6.377,0.0301,0.0525
PHB_03822,Moderate Illness,2,0.5118,0.4831,0.5048,27.324,1.1234,24.962,59.117,6.109,0.0536,0.0362
PHB_00603,Severe Disease,3,0.2854,0.6585,0.3908,28.13,1.4531,23.759,59.335,6.134,0.0602,0.0625
PHB_01912,Healthy,0,0.8559,0.1808,0.8657,24.275,1.1827,21.699,65.728,6.547,0.0222,0.0464
PHB_01015,Early Disease,1,0.5895,0.3125,0.8426,25.428,1.095,26.331,63.519,6.367,0.0481,0.0515
PHB_06157,Early Disease,1,0.6207,0.325,0.7658,25.54,1.3426,28.378,75.788,6.852,0.0391,0.058
PHB_01994,Healthy,0,0.7789,0.0852,0.8461,23.378,1.1228,26.49,66.696,6.234,0.0292,0.0367
PHB_05770,Moderate Illness,2,0.4056,0.4457,0.6045,30.338,1.3827,24.417,71.617,6.144,0.0624,0.0431
PHB_03758,Early Disease,1,0.6768,0.3272,0.7227,25.68,1.0477,26.587,61.15,6.627,0.0304,0.0555
PHB_02367,Early Disease,1,0.639,0.3464,0.7104,25.412,1.3011,24.595,58.27,6.362,0.0219,0.0477
PHB_05284,Early Disease,1,0.6507,0.2894,0.6695,25.213,1.2755,22.939,64.148,6.261,0.026,0.035
PHB_04371,Early Disease,1,0.6002,0.3387,0.7352,25.134,1.1936,27.569,65.527,6.589,0.0497,0.0502
PHB_06884,Severe Disease,3,0.4195,0.7046,0.3791,26.319,1.475,25.884,60.828,6.155,0.0531,0.0661
PHB_07012,Severe Disease,3,0.3452,0.7155,0.4723,26.799,1.3253,26.473,65.099,6.454,0.0485,0.061
PHB_01362,Early Disease,1,0.549,0.4193,0.7278,25.581,1.0982,25.514,79.182,6.376,0.035,0.0497
PHB_08462,Moderate Illness,2,0.4214,0.5274,0.6916,25.283,1.1761,25.223,68.37,6.266,0.0442,0.0641
PHB_01527,Early Disease,1,0.6626,0.3747,0.6973,25.263,1.298,19.967,62.281,6.372,0.0406,0.0369
PHB_01328,Moderate Illness,2,0.4881,0.5572,0.6736,27.079,1.1467,21.648,58.032,6.317,0.042,0.055
PHB_08508,Healthy,0,0.825,0.2008,0.9469,24.466,1.2051,23.452,74.382,6.219,0.0318,0.0094
PHB_09032,Severe Disease,3,0.2821,0.692,0.3195,26.26,1.3407,21.442,69.957,5.995,0.0561,0.0857
PHB_01552,Early Disease,1,0.5389,0.4067,0.7339,25.934,1.3274,23.308,70.407,6.498,0.0388,0.0404
PHB_07770,Moderate Illness,2,0.5167,0.3846,0.6269,27.764,1.2363,26.496,56.11,6.21,0.0623,0.0537
PHB_09909,Early Disease,1,0.6939,0.2773,0.7079,26.91,1.0666,22.045,69.246,6.249,0.045,0.0485
PHB_01338,Moderate Illness,2,0.5093,0.5077,0.5868,27.449,1.3102,28.233,72.006,5.996,0.0496,0.0486
PHB_03902,Severe Disease,3,0.3915,0.6974,0.3877,27.153,1.3395,25.763,60.697,6.401,0.0721,0.0517
PHB_03011,Early Disease,1,0.7131,0.2655,0.7213,25.652,1.2203,24.599,64.289,6.405,0.0301,0.0472
PHB_05042,Healthy,0,0.8247,0.0886,0.912,25.618,1.1036,21.468,60.927,6.496,0.0165,0.0527
PHB_08826,Severe Disease,3,0.4102,0.8059,0.5146,26.231,1.4241,25.652,58.227,6.534,0.0531,0.0464
PHB_02251,Moderate Illness,2,0.4158,0.5289,0.6634,26.266,1.3919,24.27,56.296,6.071,0.0367,0.0468
PHB_06534,Healthy,0,0.7519,0.1093,0.9446,23.811,1.1602,25.222,65.529,6.872,0.0342,0.0332
PHB_05040,Severe Disease,3,0.328,0.691,0.3416,27.317,1.4857,25.89,76.165,6.266,0.065,0.0794
PHB_02347,Severe Disease,3,0.3111,0.688,0.5953,28.525,1.3458,22.746,66.677,6.313,0.0573,0.0823
PHB_09283,Early Disease,1,0.6247,0.3055,0.7646,26.356,1.0534,22.219,61.185,6.377,0.0407,0.0518
PHB_05486,Severe Disease,3,0.3282,0.7304,0.4853,28.035,1.4299,27.178,65.395,6.37,0.0438,0.0841
PHB_02785,Healthy,0,0.9278,0.1774,0.7667,24.46,1.2011,25.804,55.703,6.474,0.0382,0.0204
PHB_05120,Moderate Illness,2,0.6768,0.5336,0.6498,27.32,1.502,20.478,64.27,6.058,0.0409,0.039
PHB_07551,Severe Disease,3,0.4145,0.6955,0.517,28.971,1.4213,27.399,57.077,6.291,0.0525,0.0738
PHB_05556,Severe Disease,3,0.3221,0.7239,0.4675,27.666,1.4483,22.852,75.28,6.165,0.0665,0.0596
PHB_05600,Early Disease,1,0.6511,0.3224,0.7769,26.084,1.2721,21.175,75.613,6.784,0.0514,0.0469
PHB_07631,Moderate Illness,2,0.423,0.5114,0.5624,27.457,1.4231,27.379,67.961,6.654,0.0604,0.0579
PHB_00151,Severe Disease,3,0.4213,0.8297,0.4182,27.069,1.4527,22.991,59.779,6.332,0.0541,0.0595
PHB_02805,Healthy,0,0.7633,0.1259,0.9401,24.642,1.2003,27.141,67.817,6.536,0.0288,0.0151
PHB_05875,Healthy,0,0.893,0.1317,0.8165,24.475,1.1392,26.131,72.41,6.296,0.035,0.0651
PHB_02087,Early Disease,1,0.6562,0.263,0.7584,25.817,1.2513,24.91,63.65,5.975,0.0484,0.0565
PHB_03752,Moderate Illness,2,0.5097,0.5377,0.4537,26.558,1.3704,23.899,61.683,6.553,0.038,0.0427
PHB_05613,Early Disease,1,0.6856,0.2474,0.595,24.807,1.2336,28.515,61.59,6.409,0.032,0.0503
PHB_02260,Early Disease,1,0.5685,0.2369,0.8059,26.304,1.216,27.161,64.159,6.29,0.042,0.0548
PHB_04018,Early Disease,1,0.6433,0.3365,0.8602,25.317,1.1976,25.91,62.001,6.434,0.0409,0.0456
PHB_06114,Severe Disease,3,0.3959,0.6115,0.6101,27.719,1.4322,26.518,63.664,6.393,0.0558,0.0715
PHB_06059,Severe Disease,3,0.3526,0.757,0.3739,27.215,1.3979,26.856,60.141,6.418,0.0524,0.0676
PHB_02425,Severe Disease,3,0.3954,0.6517,0.3951,28.766,1.3849,24.467,55.921,5.737,0.0564,0.0465
PHB_08035,Healthy,0,0.775,0.2436,0.844,24.705,1.1957,26.594,79.276,6.422,0.0399,0.0191
PHB_03857,Severe Disease,3,0.3252,0.6538,0.4353,26.027,1.3092,26.625,46.008,6.432,0.0632,0.0832
PHB_00860,Moderate Illness,2,0.4109,0.464,0.6341,25.442,1.3065,24.442,71.624,6.232,0.056,0.0602
PHB_08171,Severe Disease,3,0.4708,0.7465,0.3927,27.401,1.5704,25.557,68.656,7.018,0.0457,0.0794
PHB_07592,Severe Disease,3,0.2469,0.6828,0.3659,27.68,1.2896,25.257,54.955,6.167,0.0524,0.0714
PHB_08098,Moderate Illness,2,0.5312,0.647,0.5892,25.443,1.3552,26.57,62.417,6.205,0.0451,0.0572
PHB_07321,Healthy,0,0.7801,0.181,0.8465,25.391,1.206,22.262,73.449,6.565,0.0214,0.0227
PHB_08564,Healthy,0,0.8465,0.0571,0.8452,25.043,1.1763,25.929,61.461,6.406,0.0484,0.0446
PHB_04740,Moderate Illness,2,0.5176,0.5503,0.6635,25.696,1.295,23.357,66.131,6.463,0.0492,0.0608
PHB_08595,Healthy,0,0.8282,0.0834,0.8601,24.94,1.1246,23.937,69.527,7.032,0.0335,0.0365
PHB_04463,Early Disease,1,0.6374,0.2615,0.8122,26.627,1.2433,28.044,53.905,6.464,0.0362,0.0676
PHB_05529,Severe Disease,3,0.2988,0.6512,0.5256,26.634,1.4117,27.687,67.011,6.252,0.0481,0.0611
PHB_01365,Early Disease,1,0.569,0.2389,0.7407,25.501,1.3627,21.412,74.837,6.531,0.0591,0.0617
PHB_01780,Early Disease,1,0.5988,0.3513,0.7979,24.571,1.1214,23.769,55.133,6.191,0.0409,0.0543
PHB_09222,Early Disease,1,0.627,0.3991,0.7222,24.526,1.4314,25.939,46.085,5.843,0.0169,0.043
PHB_04786,Severe Disease,3,0.4498,0.8024,0.4122,27.293,1.4096,23.885,59.434,6.41,0.07,0.062
PHB_06335,Moderate Illness,2,0.4737,0.641,0.626,26.27,1.1829,23.95,61.821,6.252,0.0435,0.0453
PHB_01819,Early Disease,1,0.5938,0.3311,0.7197,25.756,1.115,24.993,61.205,6.425,0.0524,0.0511
PHB_07800,Early Disease,1,0.6334,0.3545,0.7887,25.264,1.208,28.536,63.286,6.476,0.031,0.0381
PHB_04938,Moderate Illness,2,0.5625,0.5161,0.5989,27.503,1.12,21.607,62.849,6.121,0.0448,0.0821
PHB_02705,Moderate Illness,2,0.5243,0.4601,0.6811,26.851,1.5127,26.387,64.64,6.233,0.0465,0.0672
PHB_05286,Healthy,0,0.7709,0.0714,0.9849,25.739,1.0816,25.323,68.622,6.504,0.0075,0.0167
PHB_00176,Healthy,0,0.8106,0.1715,0.883,22.852,1.2518,21.754,65.581,6.82,0.028,0.0482
PHB_07482,Severe Disease,3,0.3424,0.8038,0.3716,27.313,1.3007,26.654,62.029,5.984,0.0688,0.0694
PHB_02094,Healthy,0,0.8293,0.1436,0.8797,25.184,1.0733,23.999,73.145,6.448,0.0154,0.0324
PHB_08751,Moderate Illness,2,0.5141,0.5666,0.5816,26.627,1.5316,25.901,68.182,6.311,0.0626,0.0454
PHB_03492,Healthy,0,0.7603,0.1081,0.9699,24.561,1.0812,25.736,70.049,6.54,0.0177,0.0146
PHB_01921,Early Disease,1,0.7164,0.2862,0.6899,25.364,1.2703,25.761,67.276,6.42,0.0284,0.0249
PHB_00083,Severe Disease,3,0.3426,0.7488,0.4715,28.188,1.407,25.024,71.722,5.952,0.058,0.0582
PHB_00817,Severe Disease,3,0.3757,0.6887,0.4384,26.821,1.1541,26.079,53.18,6.516,0.0618,0.0462
PHB_08602,Healthy,0,0.7998,0.117,0.9286,24.559,1.1827,24.409,67.976,6.247,0.0342,0.0294
PHB_07355,Early Disease,1,0.6329,0.2788,0.8691,26.685,1.0778,26.003,59.817,5.937,0.0421,0.0521
PHB_04397,Healthy,0,0.7875,0.0304,0.8562,23.994,1.0227,23.717,66.338,6.325,0.0126,0.0458
PHB_09182,Healthy,0,0.8563,0.106,0.8719,23.974,1.0272,19.209,74.949,6.327,0.0318,0.0256
PHB_05569,Healthy,0,0.7931,0.2095,0.9708,23.615,1.0778,26.457,60.421,6.338,0.0406,0.048
PHB_00284,Healthy,0,0.7795,0.2098,0.9752,24.125,1.0439,28.091,67.58,6.357,0.0356,0.0509
PHB_04121,Severe Disease,3,0.3666,0.7496,0.495,27.128,1.2787,26.72,61.442,6.295,0.0628,0.072
PHB_07481,Moderate Illness,2,0.5079,0.4877,0.6005,26.93,1.2089,26.805,62.624,6.251,0.0341,0.0393
PHB_00610,Early Disease,1,0.6931,0.365,0.7361,27.507,1.2385,24.104,63.937,6.621,0.0259,0.0669
PHB_02916,Healthy,0,0.8853,0.0902,0.8624,23.54,1.2319,26.577,77.951,6.277,0.0393,0.0397
PHB_01814,Healthy,0,0.7054,0.0846,0.8611,25.173,1.3552,24.43,64.095,6.55,0.0201,0.03
PHB_01272,Early Disease,1,0.6069,0.3295,0.7137,24.97,1.1465,27.858,62.784,6.263,0.0188,0.0433
PHB_05925,Moderate Illness,2,0.6124,0.516,0.6967,26.465,1.2996,22.696,68.496,6.525,0.0425,0.0537
PHB_09596,Early Disease,1,0.673,0.1709,0.5926,24.709,1.1199,24.861,73.023,6.522,0.0312,0.0417
PHB_02995,Moderate Illness,2,0.4824,0.5737,0.6874,26.254,1.3338,25.153,70.072,6.241,0.0496,0.0603
PHB_07110,Healthy,0,0.8661,0.1172,0.9574,25.164,1.1448,24.706,65.07,6.524,0.0263,0.0261
PHB_08614,Healthy,0,0.815,0.175,0.9713,25.583,1.1468,25.009,54.485,6.421,0.0251,0.0292
PHB_07357,Moderate Illness,2,0.61,0.569,0.5262,27.044,1.3022,23.275,60.25,5.824,0.0514,0.0756
PHB_02643,Moderate Illness,2,0.4801,0.5351,0.516,25.889,1.0263,25.754,69.003,6.154,0.0542,0.0567
PHB_06554,Healthy,0,0.8491,0.1831,0.8828,24.651,1.1817,25.824,68.491,6.574,0.0232,0.0313
PHB_04509,Severe Disease,3,0.3711,0.8126,0.4272,28.299,1.4113,22.992,60.532,6.123,0.074,0.0729
PHB_02306,Early Disease,1,0.6904,0.3818,0.7523,26.929,1.2351,26.566,70.749,6.449,0.0265,0.0667
PHB_06503,Moderate Illness,2,0.5115,0.5597,0.5379,26.031,1.4537,26.022,75.73,6.12,0.0512,0.0733
PHB_06261,Severe Disease,3,0.2994,0.698,0.4874,27.446,1.4269,26.775,60.733,5.927,0.0571,0.075
PHB_04196,Moderate Illness,2,0.5303,0.4986,0.5676,28.382,1.0626,23.643,72.037,5.957,0.0387,0.0532
PHB_05563,Healthy,0,0.8236,0.1594,0.9132,24.391,1.0445,23.97,64.638,6.365,0.028,0.026
PHB_04841,Severe Disease,3,0.2882,0.7476,0.4575,27.014,1.4543,26.507,64.554,6.417,0.0511,0.0674
PHB_04656,Severe Disease,3,0.3062,0.7638,0.4372,26.343,1.4899,24.866,65.89,6.389,0.0701,0.0629
PHB_08148,Healthy,0,0.859,0.1899,0.9203,24.782,1.2462,23.653,59.576,6.334,0.017,0.0511
PHB_04169,Moderate Illness,2,0.5655,0.4544,0.5718,26.993,1.4119,26.143,55.622,6.687,0.0565,0.0772
PHB_03850,Early Disease,1,0.6259,0.3132,0.7533,22.861,1.1801,25.826,58.291,6.506,0.0467,0.0322
PHB_09848,Early Disease,1,0.6238,0.1641,0.8378,25.501,1.2125,29.822,84.175,5.698,0.0496,0.0489
PHB_08402,Healthy,0,0.9204,0.0442,0.8158,23.631,0.9654,21.423,64.281,6.543,0.0232,0.0232
PHB_05254,Severe Disease,3,0.3542,0.7579,0.4619,27.95,1.5366,23.025,66.231,6.466,0.0576,0.0551
PHB_07885,Healthy,0,0.8117,0.1557,0.9081,25.572,1.1082,23.115,58.48,6.383,0.024,0.0314
PHB_05534,Early Disease,1,0.6624,0.3955,0.7813,25.619,1.2999,23.402,71.627,6.585,0.0327,0.0519
PHB_02415,Early Disease,1,0.661,0.2876,0.8865,25.295,1.1763,26.732,64.113,6.48,0.036,0.0375
PHB_03555,Early Disease,1,0.7413,0.2708,0.6868,24.953,1.2432,22.576,67.861,6.384,0.0223,0.0509
PHB_04692,Healthy,0,0.8007,0.1378,0.9128,24.702,1.2071,24.556,67.508,6.413,0.0334,0.0306
PHB_04499,Severe Disease,3,0.2802,0.7279,0.3648,26.767,1.2886,25.784,57.801,6.327,0.06,0.0791
PHB_02196,Severe Disease,3,0.3054,0.7326,0.5098,27.792,1.3252,24.922,56.03,5.797,0.0503,0.0478
PHB_05046,Severe Disease,3,0.3541,0.7577,0.4371,26.325,1.4993,24.414,46.015,5.754,0.0888,0.0951
PHB_02601,Early Disease,1,0.7238,0.3578,0.6958,24.936,1.2961,25.302,69.103,6.259,0.0404,0.0433
PHB_01519,Healthy,0,0.8453,0.0246,1.0074,25.232,1.3506,24.97,73.101,6.818,0.0128,0.0175
PHB_04765,Early Disease,1,0.7891,0.2106,0.7418,26.691,1.1642,23.331,75.556,6.389,0.0334,0.0386
PHB_04315,Healthy,0,0.8639,0.1552,0.8631,26.475,0.9831,27.569,63.235,6.327,0.043,0.0468
PHB_03367,Moderate Illness,2,0.4827,0.4207,0.7256,25.969,1.3206,22.174,71.726,6.9,0.0396,0.0498
PHB_06066,Severe Disease,3,0.3921,0.8803,0.4002,26.545,1.157,26.542,80.462,6.447,0.0589,0.062
PHB_06583,Moderate Illness,2,0.5082,0.5806,0.5234,26.67,1.3449,24.601,64.74,6.299,0.0431,0.0753
PHB_02634,Moderate Illness,2,0.433,0.5027,0.5348,26.25,1.1676,23.47,71.316,6.242,0.0364,0.0638
PHB_07338,Early Disease,1,0.6458,0.1949,0.8134,25.128,1.1435,25.528,54.209,6.392,0.0347,0.035
PHB_05634,Healthy,0,0.8541,0.1624,0.9348,25.049,0.9126,24.987,67.31,6.367,0.0462,0.0335
PHB_09169,Healthy,0,0.8129,0.1146,0.7298,26.0,1.242,23.432,61.521,6.637,0.0327,0.0334
PHB_08790,Severe Disease,3,0.2784,0.5954,0.5757,26.399,1.2928,25.644,62.82,6.176,0.0716,0.0566
PHB_02435,Moderate Illness,2,0.406,0.5049,0.5099,26.434,1.3749,27.067,61.454,6.676,0.0649,0.0631
PHB_08278,Moderate Illness,2,0.5228,0.5725,0.7222,25.743,1.5234,24.872,62.623,6.665,0.0319,0.0328
PHB_06759,Early Disease,1,0.7431,0.4038,0.6125,24.378,1.2004,23.913,57.517,6.365,0.031,0.0519
PHB_06612,Early Disease,1,0.7099,0.3708,0.7705,24.647,1.0241,26.035,52.136,6.196,0.0534,0.0474
PHB_04521,Healthy,0,0.8256,0.1324,0.6954,24.77,1.16,25.724,68.828,6.659,0.01,0.0444
PHB_05588,Early Disease,1,0.7574,0.4263,0.7458,25.882,1.2698,25.695,70.26,6.259,0.0337,0.0492
PHB_03546,Early Disease,1,0.6947,0.4244,0.6926,26.445,1.1424,30.443,69.463,6.109,0.0491,0.0362
PHB_05966,Healthy,0,0.8473,0.049,0.8089,25.357,1.0975,23.759,69.154,6.2,0.0431,0.0355
PHB_05993,Severe Disease,3,0.3157,0.6692,0.5918,28.98,1.2073,25.644,66.525,6.158,0.0782,0.0539
PHB_08806,Moderate Illness,2,0.4175,0.5688,0.589,24.88,1.4133,27.724,63.549,6.312,0.0428,0.0487
PHB_05532,Severe Disease,3,0.3062,0.7019,0.4907,27.531,1.5728,24.79,65.482,6.294,0.0667,0.073
PHB_05445,Severe Disease,3,0.3505,0.6678,0.3782,26.891,1.2115,24.167,64.523,5.782,0.0647,0.0628
PHB_00518,Moderate Illness,2,0.5953,0.4352,0.6672,26.855,1.4306,27.603,75.793,6.475,0.0505,0.055
PHB_06111,Healthy,0,0.7267,0.147,0.8995,24.542,1.0635,24.984,75.144,6.551,0.0184,0.0211
PHB_06865,Moderate Illness,2,0.4682,0.4433,0.5222,26.307,1.5789,23.628,77.616,6.048,0.0542,0.0587
PHB_07961,Healthy,0,0.8793,0.1258,0.9566,24.381,1.0218,26.763,78.796,6.478,0.015,0.043
PHB_01416,Severe Disease,3,0.3379,0.7449,0.3601,26.538,1.5832,25.991,61.554,6.412,0.0708,0.0518
PHB_04665,Moderate Illness,2,0.4665,0.489,0.6535,25.298,1.3706,25.415,47.996,6.292,0.0565,0.0501
PHB_04457,Healthy,0,0.9757,0.0862,0.8042,24.411,1.0419,26.137,75.887,6.899,0.0196,0.0237
PHB_02762,Severe Disease,3,0.3999,0.7069,0.5328,27.169,1.3896,28.076,58.36,6.002,0.0697,0.0924
PHB_04856,Severe Disease,3,0.3294,0.7523,0.54,28.301,1.4865,26.955,61.877,6.25,0.0594,0.0526
PHB_00128,Healthy,0,0.8059,0.1701,0.8796,25.268,1.0353,24.043,60.827,6.165,0.0171,0.0587
PHB_03475,Moderate Illness,2,0.492,0.4741,0.5158,26.654,1.333,23.06,64.004,6.367,0.0505,0.0496
PHB_07970,Healthy,0,0.8287,0.1193,0.921,26.068,1.2564,26.992,69.796,6.366,0.0311,0.0221
PHB_04311,Moderate Illness,2,0.406,0.4912,0.5932,26.246,1.1565,23.842,68.133,6.435,0.0464,0.049
PHB_02439,Early Disease,1,0.6526,0.321,0.7675,25.374,1.0953,23.06,62.828,6.192,0.0351,0.0506
PHB_03766,Severe Disease,3,0.3351,0.681,0.4637,27.189,1.5138,22.01,51.889,6.532,0.0669,0.0574
PHB_06877,Healthy,0,0.7735,0.1384,0.9621,24.417,1.238,25.032,59.139,6.382,0.0417,0.0192
PHB_05897,Healthy,0,0.8823,0.1934,0.8382,24.504,1.1501,20.662,64.301,6.44,0.0256,0.0172
PHB_05841,Early Disease,1,0.7488,0.3382,0.6313,25.832,1.1202,23.565,57.436,5.96,0.0388,0.0395
PHB_08843,Healthy,0,0.7373,0.1407,0.7984,25.417,1.1207,25.489,77.379,6.881,0.027,0.0318
PHB_09771,Early Disease,1,0.5956,0.2175,0.7622,24.455,1.0975,22.941,83.444,6.462,0.0378,0.0445
PHB_01474,Early Disease,1,0.6849,0.3068,0.6341,24.569,1.2207,25.413,61.782,6.363,0.0398,0.0362
PHB_04822,Early Disease,1,0.7426,0.2506,0.5905,24.93,1.1734,25.597,62.867,6.779,0.0526,0.0368
PHB_06916,Severe Disease,3,0.3305,0.7538,0.5077,27.006,1.5362,22.049,62.041,6.224,0.0593,0.082
PHB_03561,Moderate Illness,2,0.4651,0.5135,0.4938,27.155,1.2822,25.105,62.287,6.413,0.0484,0.079
PHB_03952,Severe Disease,3,0.31,0.7333,0.3795,28.31,1.4633,26.503,70.843,6.023,0.0416,0.0697
PHB_00050,Healthy,0,0.8292,0.2254,0.9718,25.896,1.0795,24.942,70.42,6.615,0.0255,0.019
PHB_05438,Healthy,0,0.8897,0.1394,0.9304,24.56,1.1545,19.443,75.169,6.281,0.035,0.0175
PHB_09898,Severe Disease,3,0.283,0.748,0.4886,26.59,1.442,28.654,58.151,6.358,0.0703,0.075
PHB_00888,Healthy,0,0.8265,0.0966,0.8757,24.635,1.0224,22.338,66.124,6.303,0.0261,0.0371
PHB_02617,Healthy,0,0.878,0.1264,1.0061,25.4,1.0348,23.327,76.339,6.356,0.0086,0.024
PHB_00517,Early Disease,1,0.6933,0.3205,0.7061,26.081,1.2522,19.692,67.846,6.518,0.027,0.0692
PHB_03169,Healthy,0,0.8346,0.1968,0.8185,22.618,1.0965,21.491,51.882,6.384,0.0286,0.0319
PHB_02950,Severe Disease,3,0.3719,0.7141,0.4453,27.137,1.6145,20.701,70.406,6.418,0.0694,0.0825
PHB_01425,Early Disease,1,0.7439,0.2879,0.7647,23.541,1.2366,27.876,68.662,5.908,0.0544,0.038
PHB_00140,Healthy,0,0.7377,0.2824,0.7568,25.476,1.0675,26.204,64.3,6.157,0.0186,0.0363
PHB_01925,Healthy,0,0.9468,0.1892,0.7237,22.887,1.0588,24.915,70.213,6.225,0.016,0.0327
PHB_02379,Healthy,0,0.72,0.1673,0.7813,24.905,1.0508,24.806,66.092,6.488,0.0196,0.0333
PHB_03198,Healthy,0,0.8421,0.1672,0.759,24.497,1.0443,26.381,63.07,6.681,0.0094,0.0401
PHB_05132,Healthy,0,0.882,0.1776,0.8422,24.082,1.1655,20.906,79.501,6.43,0.0187,0.0249
PHB_00113,Early Disease,1,0.6758,0.2962,0.8646,26.897,1.2491,26.303,79.651,6.38,0.0236,0.0374
PHB_04560,Moderate Illness,2,0.4865,0.5203,0.6255,26.232,1.3433,23.701,69.821,6.369,0.0488,0.0808
PHB_04596,Severe Disease,3,0.2901,0.7268,0.482,28.329,1.5709,22.502,65.265,6.49,0.0779,0.0575
PHB_07998,Early Disease,1,0.5787,0.3196,0.6811,25.663,1.2296,25.586,54.892,6.562,0.0428,0.0493
PHB_03251,Severe Disease,3,0.3405,0.7192,0.4759,27.907,1.3098,27.547,57.91,6.414,0.0592,0.0614
PHB_04691,Early Disease,1,0.6892,0.3319,0.7401,25.258,1.2422,27.013,66.879,6.478,0.0342,0.0554
PHB_08116,Severe Disease,3,0.2179,0.644,0.4414,27.229,1.5344,21.734,67.15,6.238,0.0617,0.0511
PHB_07768,Early Disease,1,0.6095,0.2781,0.8974,26.073,1.1237,22.95,68.021,6.564,0.0468,0.0849
PHB_04547,Severe Disease,3,0.4206,0.6475,0.5592,26.379,1.4046,23.468,50.58,6.267,0.0672,0.0689
PHB_07085,Moderate Illness,2,0.5002,0.4172,0.522,24.565,1.4081,26.197,61.012,6.263,0.0581,0.0578
PHB_03278,Moderate Illness,2,0.5963,0.456,0.4739,25.751,1.62,26.061,57.244,6.367,0.0517,0.0749
PHB_07543,Moderate Illness,2,0.5278,0.4776,0.5079,25.27,1.207,23.779,72.391,6.743,0.0545,0.0599
PHB_06594,Severe Disease,3,0.3976,0.638,0.4187,25.896,1.2954,21.316,67.944,6.371,0.0551,0.0558
PHB_04069,Severe Disease,3,0.2508,0.7127,0.5577,26.688,1.1119,26.024,47.37,6.063,0.0489,0.0551
PHB_04409,Severe Disease,3,0.3266,0.7225,0.4543,27.652,1.9859,26.231,70.154,5.831,0.0582,0.0586
PHB_08645,Early Disease,1,0.7063,0.3055,0.719,25.838,1.1489,23.203,77.951,6.085,0.0217,0.0289
PHB_08589,Early Disease,1,0.6699,0.351,0.802,26.115,1.2607,21.021,55.859,6.427,0.0431,0.0382
PHB_07385,Healthy,0,0.8173,0.1329,0.8276,24.955,1.0799,22.658,77.744,6.51,0.034,0.0277
PHB_03223,Severe Disease,3,0.404,0.6557,0.5922,28.196,1.1616,24.58,67.909,6.082,0.0512,0.0634
PHB_08211,Early Disease,1,0.7374,0.2885,0.7755,24.627,1.5296,22.092,58.153,6.504,0.0314,0.0398
PHB_00452,Severe Disease,3,0.4393,0.7767,0.4441,27.769,1.6024,22.364,59.574,6.199,0.0652,0.0838
PHB_03732,Severe Disease,3,0.3284,0.7779,0.4834,27.232,1.1347,26.825,66.438,6.087,0.0632,0.0682
PHB_08954,Severe Disease,3,0.3758,0.7221,0.4803,27.166,1.4746,25.597,61.35,6.204,0.0588,0.0604
PHB_04987,Moderate Illness,2,0.4389,0.5287,0.4685,27.046,1.3966,25.013,66.678,6.23,0.0466,0.0761
PHB_03664,Moderate Illness,2,0.443,0.4604,0.6036,26.157,1.4111,23.473,71.824,6.285,0.0426,0.0652
PHB_02764,Early Disease,1,0.7377,0.4592,0.7495,25.381,1.368,25.501,64.13,6.294,0.0291,0.0677
PHB_00659,Moderate Illness,2,0.4844,0.4382,0.5538,26.995,1.4331,25.142,67.436,6.415,0.0552,0.0825
PHB_07679,Severe Disease,3,0.4007,0.6585,0.4413,28.094,1.2068,27.131,74.832,6.297,0.0624,0.0746
PHB_07677,Early Disease,1,0.6395,0.3142,0.8405,25.084,1.1898,24.614,79.339,6.415,0.0331,0.0465
PHB_04621,Healthy,0,0.7944,0.108,0.9218,24.885,1.126,24.915,77.699,6.51,0.0273,0.0415
PHB_01000,Early Disease,1,0.7207,0.2911,0.8,25.732,1.1859,28.16,73.498,6.373,0.0293,0.0429
PHB_00390,Severe Disease,3,0.3115,0.5922,0.4988,28.474,1.4152,24.925,61.496,6.445,0.08,0.099
PHB_03408,Early Disease,1,0.6456,0.3578,0.7338,26.102,1.1376,24.131,57.383,6.425,0.0406,0.0466
PHB_01477,Early Disease,1,0.5617,0.3314,0.7244,25.724,1.3142,25.369,68.378,6.58,0.0364,0.0578
PHB_02241,Early Disease,1,0.7045,0.2935,0.7891,26.132,1.2416,26.605,65.682,6.598,0.0428,0.0571
PHB_02387,Severe Disease,3,0.4349,0.8042,0.4593,27.589,1.5721,25.886,63.194,6.31,0.0546,0.0829
PHB_09140,Healthy,0,0.8038,0.1885,0.9201,23.919,1.2438,26.253,62.358,6.72,0.0213,0.0453
PHB_00993,Severe Disease,3,0.3712,0.6753,0.4643,26.643,1.566,26.346,66.173,6.382,0.07,0.0731
PHB_04998,Early Disease,1,0.7122,0.2954,0.8434,24.899,1.2202,25.617,69.732,6.309,0.0344,0.037
PHB_03923,Early Disease,1,0.6172,0.2681,0.676,26.622,1.1078,24.581,64.868,6.227,0.0363,0.0653
PHB_02973,Healthy,0,0.8662,0.0691,0.8983,24.172,1.262,26.8,73.531,6.798,0.0292,0.0237
PHB_03387,Moderate Illness,2,0.5265,0.4727,0.6889,25.848,1.3224,22.246,55.313,6.354,0.0474,0.0597
PHB_07886,Early Disease,1,0.6249,0.2987,0.7334,25.066,1.1999,24.237,69.352,6.602,0.0497,0.0305
PHB_08813,Moderate Illness,2,0.51,0.532,0.6965,26.757,1.2715,22.991,62.369,6.221,0.059,0.0575
PHB_04770,Moderate Illness,2,0.6035,0.5701,0.6399,26.056,1.314,22.611,70.306,6.577,0.0401,0.0541
PHB_01294,Early Disease,1,0.8172,0.3335,0.7197,24.458,1.1498,25.574,75.374,6.284,0.0597,0.0541
PHB_01825,Moderate Illness,2,0.4328,0.5101,0.6342,26.105,1.3024,27.616,74.884,6.184,0.0671,0.0675
PHB_02874,Healthy,0,1.2,0.081,0.8198,23.707,1.1383,22.577,73.54,6.208,0.0186,0.0474
PHB_04174,Early Disease,1,0.5891,0.2547,0.6802,24.906,1.112,27.46,72.962,6.848,0.0427,0.0238
PHB_02536,Moderate Illness,2,0.4932,0.576,0.6862,25.518,1.0726,25.926,61.334,6.142,0.0645,0.0502
PHB_09133,Early Disease,1,0.74,0.2748,0.8536,25.794,1.2509,27.304,68.441,6.132,0.0446,0.0505
PHB_01908,Healthy,0,0.8465,0.1213,0.907,24.943,1.3115,23.418,55.975,6.402,0.0371,0.0346
PHB_00043,Moderate Illness,2,0.4401,0.5885,0.5447,26.983,1.2167,20.583,72.241,6.143,0.041,0.0691
PHB_09492,Severe Disease,3,0.3218,0.8053,0.5904,27.238,1.5422,27.529,60.464,6.042,0.0621,0.0911
PHB_00369,Early Disease,1,0.644,0.4047,0.7059,26.151,0.9933,28.506,62.504,5.976,0.0209,0.0328
PHB_01152,Severe Disease,3,0.3728,0.5987,0.5172,27.393,1.5085,25.108,57.568,6.171,0.065,0.081
PHB_07753,Severe Disease,3,0.3548,0.7679,0.5436,28.635,1.5239,26.575,68.514,6.273,0.0517,0.0706
PHB_06359,Moderate Illness,2,0.5888,0.5264,0.5455,25.847,1.3552,26.418,63.122,6.173,0.0563,0.0611
PHB_05913,Moderate Illness,2,0.4945,0.6124,0.583,27.35,1.2312,25.006,67.674,6.124,0.0745,0.0607
PHB_06508,Healthy,0,0.8281,0.0997,0.8428,24.907,1.1051,25.347,65.81,6.496,0.0179,0.0397
PHB_07526,Healthy,0,0.824,0.1903,0.9886,24.767,1.2486,25.683,68.884,6.112,0.0196,0.0311
PHB_04161,Moderate Illness,2,0.4194,0.5477,0.7043,27.382,1.3108,24.847,65.938,6.401,0.0582,0.0524
PHB_04288,Healthy,0,1.2,0.0471,0.8283,23.764,1.0967,25.859,62.619,6.592,0.0211,0.0344
PHB_07776,Early Disease,1,0.7975,0.196,0.8656,25.165,1.277,26.271,54.117,6.614,0.029,0.0429
PHB_06715,Moderate Illness,2,0.4866,0.4498,0.6152,27.32,1.3305,24.252,58.534,6.538,0.0439,0.0611
PHB_00175,Healthy,0,0.7388,0.0904,0.9058,24.356,0.9166,22.727,66.669,6.371,0.0323,0.0551
PHB_01904,Healthy,0,0.9426,0.0564,0.9156,23.815,1.108,25.279,66.884,6.364,0.0309,0.0343
PHB_01100,Healthy,0,0.832,0.1623,0.7766,25.619,1.0483,24.348,77.926,6.646,0.0406,0.03
PHB_08115,Healthy,0,0.8906,0.016,0.9248,24.727,1.0198,23.977,65.029,6.295,0.0357,0.0381
PHB_03409,Moderate Illness,2,0.4988,0.5155,0.5873,26.474,1.2978,24.603,67.731,6.533,0.0645,0.0459
PHB_01539,Severe Disease,3,0.2927,0.7009,0.3711,28.162,1.3431,25.252,68.323,6.549,0.0376,0.0722
PHB_02293,Moderate Illness,2,0.4175,0.5111,0.6399,25.945,1.561,27.746,62.248,6.119,0.0519,0.0386
PHB_09301,Severe Disease,3,0.3163,0.7714,0.4884,27.461,1.2136,25.699,54.694,6.266,0.0482,0.0852
PHB_01364,Healthy,0,0.778,0.1825,0.9199,23.578,1.0201,24.207,66.952,6.693,0.0383,0.031
PHB_07189,Healthy,0,0.8383,0.1167,0.8131,25.165,1.1055,27.48,75.104,6.699,0.0271,0.0228
PHB_06628,Moderate Illness,2,0.5591,0.4892,0.6256,26.317,1.2091,24.313,67.47,6.663,0.0509,0.042
PHB_05261,Moderate Illness,2,0.4935,0.4407,0.5411,26.032,1.2828,25.396,68.31,6.393,0.068,0.0493
PHB_06816,Healthy,0,0.8052,0.1222,0.9743,24.76,1.0913,28.528,60.88,6.443,0.0158,0.0367
PHB_09462,Healthy,0,0.7998,0.2227,0.9184,23.384,1.1939,24.692,71.517,6.538,0.0261,0.0376
PHB_00681,Healthy,0,0.8613,0.0159,0.8805,23.34,1.3437,25.646,65.733,6.661,0.0202,0.0115
PHB_09316,Severe Disease,3,0.3278,0.7157,0.3996,27.859,1.4914,21.014,78.783,5.74,0.0628,0.0698
PHB_09299,Moderate Illness,2,0.5474,0.4868,0.7044,26.738,1.2567,25.691,64.325,6.249,0.066,0.0513
PHB_03665,Healthy,0,0.8445,0.0255,0.8615,24.277,1.0689,27.842,69.647,6.794,0.01,0.0269
PHB_01662,Moderate Illness,2,0.4186,0.428,0.5421,25.154,1.4601,22.232,63.307,6.426,0.0524,0.0835
PHB_00509,Early Disease,1,0.6423,0.2484,0.8549,25.603,0.846,22.296,70.926,6.707,0.0337,0.0527
PHB_00167,Severe Disease,3,0.3256,0.702,0.3599,27.731,1.3262,19.999,52.686,6.023,0.0655,0.0706
PHB_05498,Early Disease,1,0.6397,0.4123,0.6773,25.216,1.1228,24.398,60.805,6.155,0.0351,0.0399
PHB_08300,Early Disease,1,0.633,0.1801,0.6292,26.178,1.0522,24.411,74.857,6.065,0.0451,0.0439
PHB_01007,Severe Disease,3,0.4134,0.6704,0.4374,27.488,1.1088,24.906,61.543,5.849,0.0638,0.0488
PHB_09740,Moderate Illness,2,0.4922,0.5822,0.6542,27.876,1.4333,27.416,60.276,6.473,0.0416,0.0628
PHB_01915,Healthy,0,0.8483,0.0648,0.7958,23.23,1.1735,27.22,66.645,6.783,0.0179,0.0242
PHB_03495,Healthy,0,0.8334,0.0274,0.8246,23.602,1.0759,27.921,59.071,6.425,0.0277,0.0204
PHB_09634,Early Disease,1,0.6646,0.3899,0.8772,25.426,1.0938,23.445,64.345,6.427,0.0472,0.0531
PHB_09751,Severe Disease,3,0.307,0.8148,0.5032,26.963,1.3431,25.113,59.023,6.082,0.0589,0.0536
PHB_06445,Healthy,0,0.7668,0.1115,0.8674,23.984,1.1188,25.474,53.895,6.575,0.0367,0.0367
PHB_04991,Healthy,0,0.8418,0.1615,0.9154,24.088,1.3319,27.272,56.508,6.34,0.0275,0.058
PHB_02537,Severe Disease,3,0.4196,0.7699,0.431,26.746,1.5011,25.386,67.821,6.184,0.059,0.0787
PHB_01105,Healthy,0,0.8411,0.1446,0.9509,24.343,1.0767,27.615,58.22,6.551,0.042,0.0299
PHB_03876,Early Disease,1,0.6182,0.3981,0.7002,24.596,1.2132,20.893,61.548,6.383,0.0335,0.0401
PHB_07524,Healthy,0,0.9391,0.0929,0.8974,24.4,1.2724,24.84,63.985,6.335,0.048,0.0509
PHB_01753,Severe Disease,3,0.3117,0.6981,0.4382,28.451,1.4365,24.229,48.7,6.206,0.0701,0.0661
PHB_05311,Early Disease,1,0.6068,0.2461,0.6478,25.608,1.3073,27.953,58.929,6.316,0.0417,0.0596
PHB_07297,Moderate Illness,2,0.5385,0.4756,0.6654,27.101,1.3442,29.159,69.08,6.375,0.0491,0.0515
PHB_02917,Healthy,0,0.7261,0.0927,0.8365,24.479,0.9399,26.441,58.357,6.464,0.0188,0.0405
PHB_08975,Early Disease,1,0.6757,0.2605,0.6852,25.159,1.1029,22.74,70.844,6.615,0.0221,0.0479
PHB_05755,Healthy,0,0.7653,0.1424,0.8518,24.796,1.0459,25.85,73.875,6.335,0.031,0.0591
PHB_00153,Healthy,0,0.9089,0.0992,0.8636,23.726,0.9352,24.163,68.421,6.72,0.0257,0.02
PHB_07691,Healthy,0,0.9003,0.0179,0.8927,24.676,0.9907,25.869,69.358,6.513,0.0123,0.014
PHB_05680,Early Disease,1,0.6164,0.3501,0.666,25.295,1.1907,27.322,61.015,5.988,0.0544,0.0325
PHB_03908,Severe Disease,3,0.2883,0.7477,0.4035,27.6,1.3772,21.358,68.822,6.333,0.0648,0.0451
PHB_09136,Moderate Illness,2,0.5209,0.6376,0.6214,26.808,1.4027,26.995,71.354,6.467,0.0509,0.0603
PHB_02553,Moderate Illness,2,0.5749,0.5611,0.6003,26.507,1.2877,25.168,72.483,6.345,0.0549,0.0584
PHB_02774,Healthy,0,0.8078,0.132,0.8941,25.381,1.0753,24.392,64.346,6.044,0.03,0.0398
PHB_06099,Moderate Illness,2,0.5931,0.6137,0.6842,26.591,1.2774,26.164,63.972,6.356,0.0525,0.0693
PHB_03552,Moderate Illness,2,0.5076,0.611,0.6453,25.782,1.3526,23.121,67.214,6.942,0.065,0.0902
PHB_03723,Severe Disease,3,0.3402,0.7547,0.4691,26.251,1.5556,24.219,70.277,6.129,0.0753,0.0411
PHB_09871,Healthy,0,0.8979,0.0291,0.8496,24.798,1.167,19.485,77.303,6.192,0.0288,0.0307
PHB_00521,Severe Disease,3,0.3434,0.7134,0.5304,26.961,1.4946,23.855,57.463,6.279,0.0634,0.0739
PHB_08034,Early Disease,1,0.6966,0.3061,0.7413,25.327,1.2351,26.83,66.44,6.027,0.0322,0.044
PHB_04539,Healthy,0,0.8658,0.1227,0.9198,23.686,1.2458,25.601,80.24,6.404,0.039,0.0189
PHB_06779,Early Disease,1,0.6319,0.3272,0.8574,26.113,1.2113,23.883,68.44,6.226,0.031,0.0516
PHB_01823,Moderate Illness,2,0.5357,0.6334,0.7201,26.754,1.1698,27.983,72.319,6.82,0.0636,0.0716
PHB_04087,Moderate Illness,2,0.4941,0.5237,0.6035,26.338,1.3861,23.979,60.452,6.722,0.0508,0.0572
PHB_06149,Severe Disease,3,0.3618,0.6685,0.3276,27.991,1.3136,31.528,57.76,6.49,0.0531,0.0597
PHB_08743,Healthy,0,0.7509,0.0632,0.8284,24.159,1.0346,21.343,72.786,6.856,0.0134,0.0344
PHB_09473,Healthy,0,0.8028,0.1608,0.8868,23.188,1.133,24.99,59.68,6.414,0.0254,0.0357
PHB_07742,Early Disease,1,0.7381,0.3365,0.7771,25.636,1.1261,22.783,67.015,6.192,0.0541,0.0489
PHB_00310,Healthy,0,0.8636,0.0143,0.9828,23.722,1.0352,30.099,70.988,6.735,0.0113,0.0418
PHB_07721,Healthy,0,0.9213,0.167,0.795,24.057,1.2543,27.229,68.66,6.475,0.0508,0.0181
PHB_08223,Early Disease,1,0.6208,0.2814,0.6638,24.963,0.9584,20.7,52.721,6.477,0.0528,0.0378
PHB_08657,Healthy,0,0.8889,0.1882,0.7641,25.326,1.2387,23.521,60.292,6.058,0.0275,0.0277
PHB_03600,Early Disease,1,0.7391,0.2871,0.771,25.629,1.2412,20.576,63.215,6.372,0.0325,0.0315
PHB_03623,Early Disease,1,0.6764,0.3099,0.6478,25.364,1.11,26.273,71.045,6.388,0.038,0.0362
PHB_03812,Healthy,0,0.8693,0.2149,0.8004,25.41,1.2868,24.816,67.273,7.05,0.0109,0.0372
PHB_03451,Moderate Illness,2,0.4621,0.5402,0.6127,24.587,1.2896,26.882,65.563,6.086,0.0643,0.0698
PHB_04592,Early Disease,1,0.6963,0.332,0.7241,24.997,1.3322,25.78,56.696,6.506,0.0141,0.0505
PHB_00206,Healthy,0,0.7949,0.1504,0.8088,24.583,0.7911,24.082,66.264,6.472,0.0245,0.0457
PHB_09841,Moderate Illness,2,0.5924,0.5118,0.6016,26.694,1.2271,24.358,70.278,6.737,0.0391,0.0595
PHB_01136,Early Disease,1,0.6821,0.3804,0.8412,26.417,1.0456,25.558,74.359,6.15,0.0366,0.0459
PHB_09385,Early Disease,1,0.7233,0.408,0.7423,25.705,1.1475,28.113,60.379,6.11,0.0329,0.0534
PHB_02750,Healthy,0,0.7877,0.197,0.8864,24.071,1.3134,26.815,69.018,6.713,0.0241,0.0466
PHB_03614,Severe Disease,3,0.3546,0.6345,0.4379,27.287,1.3749,23.838,71.554,6.302,0.0544,0.0712
PHB_00306,Early Disease,1,0.6214,0.2515,0.7181,26.82,1.1449,24.597,61.895,6.378,0.039,0.0562
PHB_01850,Severe Disease,3,0.3091,0.7049,0.6118,27.754,1.4461,26.271,57.231,5.953,0.0588,0.0828
PHB_07670,Moderate Illness,2,0.6176,0.5095,0.5574,25.235,1.1663,25.289,69.209,6.492,0.0473,0.0435
PHB_01989,Severe Disease,3,0.2663,0.6685,0.5566,27.204,1.3772,26.344,60.079,5.959,0.0533,0.0716
PHB_03241,Severe Disease,3,0.2812,0.7604,0.4647,27.37,1.4696,24.587,58.566,5.849,0.042,0.0608
PHB_02799,Moderate Illness,2,0.5097,0.503,0.6154,26.574,1.0932,25.493,63.903,6.298,0.0666,0.0422
PHB_04516,Early Disease,1,0.6435,0.2706,0.8054,24.707,1.0678,27.177,60.556,6.575,0.053,0.0342
PHB_05631,Early Disease,1,0.5751,0.2799,0.8949,25.66,1.141,27.605,71.219,6.146,0.0446,0.0641
PHB_09373,Moderate Illness,2,0.5509,0.4322,0.6076,25.588,1.36,24.334,76.659,6.628,0.0383,0.0524
PHB_03110,Severe Disease,3,0.4476,0.7507,0.5197,27.466,1.3699,30.673,71.195,6.012,0.0615,0.0854
PHB_04940,Healthy,0,0.7943,0.1916,0.9009,24.672,1.1801,28.095,61.852,6.957,0.0027,0.0392
PHB_04060,Severe Disease,3,0.2934,0.7987,0.4268,26.658,1.3892,26.367,51.83,6.282,0.0563,0.0763
PHB_01988,Moderate Illness,2,0.517,0.4416,0.5355,27.026,1.4677,27.751,70.205,6.207,0.0554,0.0384
PHB_07158,Severe Disease,3,0.3306,0.7351,0.5293,28.038,1.3551,23.755,69.241,6.312,0.08,0.0536
PHB_08875,Healthy,0,0.9032,0.137,0.9097,24.797,1.0945,24.384,67.369,6.34,0.0249,0.0235
PHB_06614,Healthy,0,0.8026,0.206,0.8006,24.2,1.1237,22.518,85.017,6.154,0.0442,0.0181
PHB_00384,Early Disease,1,0.6818,0.2489,0.7763,26.715,1.0765,22.982,67.111,6.556,0.0302,0.0414
PHB_05635,Healthy,0,0.7667,0.1145,0.8472,25.367,1.1605,24.815,61.98,6.51,0.0142,0.0099
PHB_04308,Early Disease,1,0.6041,0.3101,0.6806,24.866,1.3168,22.334,67.07,6.338,0.0463,0.0323
PHB_03389,Early Disease,1,0.6221,0.3476,0.6886,26.117,0.9589,24.17,61.377,6.346,0.0298,0.0701
PHB_03157,Healthy,0,0.783,0.1932,0.9164,25.371,1.3103,23.786,62.117,6.937,0.0329,0.0229
PHB_09996,Early Disease,1,0.672,0.3872,0.7479,26.009,1.1069,26.372,63.597,6.542,0.0108,0.0661
PHB_02728,Healthy,0,0.7706,0.191,0.9219,24.207,1.0388,24.604,74.517,6.428,0.0428,0.0412
PHB_06334,Early Disease,1,0.6955,0.2859,0.7588,25.49,1.1973,23.731,62.589,6.355,0.0475,0.0597
PHB_09900,Severe Disease,3,0.3869,0.7281,0.5908,26.69,1.3115,21.277,61.449,6.149,0.0627,0.0678
PHB_08752,Early Disease,1,0.6546,0.3074,0.7505,25.455,1.2084,24.944,59.306,6.225,0.0525,0.0416
PHB_08303,Healthy,0,0.8038,0.046,0.779,25.098,1.1294,24.385,68.202,6.969,0.0169,0.0329
PHB_06038,Early Disease,1,0.6518,0.3656,0.6937,26.33,1.2616,23.512,59.503,6.579,0.0586,0.0527
PHB_03833,Early Disease,1,0.7232,0.2974,0.6885,25.113,1.3168,25.877,73.547,6.268,0.0417,0.0256
PHB_08918,Healthy,0,0.8946,0.1465,0.7946,23.592,1.0028,25.137,74.099,6.471,0.0211,0.0381
PHB_04777,Early Disease,1,0.5756,0.3485,0.6034,25.04,1.4304,23.822,57.512,6.571,0.0351,0.0367
PHB_04277,Early Disease,1,0.6946,0.3731,0.7508,25.584,0.9976,25.748,65.314,6.705,0.031,0.0592
PHB_00254,Healthy,0,0.8327,0.2985,0.9194,25.37,1.2226,25.426,69.374,6.402,0.0327,0.0176
PHB_07896,Moderate Illness,2,0.4304,0.5197,0.5298,26.364,1.2148,21.447,65.264,6.735,0.0428,0.0653
PHB_09591,Moderate Illness,2,0.5191,0.5908,0.5511,26.112,1.5595,24.081,75.718,6.402,0.0436,0.0566
PHB_07289,Moderate Illness,2,0.3688,0.6209,0.5532,25.411,1.1077,24.861,56.316,6.135,0.0351,0.0608
PHB_00279,Severe Disease,3,0.2624,0.7981,0.6006,27.053,1.5053,24.78,74.72,6.516,0.0712,0.0937
PHB_03253,Early Disease,1,0.6894,0.2601,0.5739,26.322,1.0472,22.294,70.156,6.612,0.0364,0.0554
PHB_02481,Moderate Illness,2,0.4362,0.5399,0.5532,26.073,1.365,27.827,78.244,6.441,0.0468,0.0458
PHB_00290,Healthy,0,0.8004,0.0368,0.9138,23.439,1.0077,29.676,60.206,6.593,0.0072,0.0247
PHB_06087,Early Disease,1,0.6976,0.2476,0.7907,25.95,1.0113,24.639,67.346,6.324,0.0445,0.0584
PHB_03076,Severe Disease,3,0.4194,0.7165,0.4841,26.309,1.313,27.119,70.893,6.222,0.0616,0.073
PHB_08124,Healthy,0,0.7449,0.1399,0.746,23.924,1.0755,23.303,64.56,6.457,0.0266,0.0266
PHB_07599,Early Disease,1,0.5895,0.29,0.7721,25.386,1.3057,21.936,69.83,6.343,0.0508,0.0569
PHB_06404,Moderate Illness,2,0.5055,0.5726,0.493,26.726,1.4499,22.084,58.01,6.39,0.054,0.0601
PHB_05090,Early Disease,1,0.6618,0.3505,0.7803,24.523,1.3351,24.889,67.167,6.08,0.0295,0.0307
PHB_07284,Healthy,0,0.8408,0.1213,0.7098,24.405,1.11,27.651,71.695,6.393,0.0235,0.0446
PHB_09718,Healthy,0,0.9091,0.1786,0.9127,25.403,1.2302,28.45,75.912,6.629,0.03,0.0417
PHB_08403,Moderate Illness,2,0.5017,0.4467,0.6271,25.61,1.4045,22.325,67.765,6.23,0.0345,0.0663
PHB_06122,Early Disease,1,0.7062,0.3016,0.7258,26.165,1.0921,24.111,60.003,6.49,0.0353,0.0465
PHB_07755,Early Disease,1,0.7078,0.3083,0.6823,24.737,1.2407,24.727,67.342,6.819,0.0448,0.0587
PHB_00271,Healthy,0,0.8464,0.0704,0.9716,23.315,1.2501,27.619,48.134,6.424,0.0252,0.0455
PHB_06010,Severe Disease,3,0.2847,0.7862,0.4285,27.719,1.3112,23.7,61.292,6.421,0.0639,0.0699
PHB_04571,Early Disease,1,0.7193,0.3625,0.7954,26.332,1.1118,25.633,67.888,6.251,0.0393,0.0776
PHB_09117,Healthy,0,0.9435,0.0427,0.8905,24.275,0.9833,27.478,80.728,6.197,0.0054,0.0471
PHB_09804,Moderate Illness,2,0.5231,0.5334,0.5587,26.206,1.2336,23.193,65.27,6.262,0.042,0.0608
PHB_02972,Moderate Illness,2,0.3893,0.4478,0.7476,25.718,1.5013,27.323,62.803,5.998,0.0447,0.0762
PHB_06194,Early Disease,1,0.6615,0.302,0.7669,25.684,1.3277,26.409,59.346,6.409,0.0442,0.0514
PHB_08769,Moderate Illness,2,0.4062,0.5107,0.5275,26.854,1.2188,24.864,65.252,6.085,0.058,0.0734
PHB_04208,Healthy,0,0.8497,0.0274,0.8353,24.547,1.2676,25.845,64.689,6.431,0.0181,0.0426
PHB_03219,Early Disease,1,0.6488,0.2243,0.7305,24.453,1.279,27.447,64.918,6.406,0.0255,0.0422
PHB_01392,Severe Disease,3,0.3303,0.7695,0.5078,25.514,1.5151,24.36,63.211,6.056,0.06,0.0712
PHB_03976,Healthy,0,0.9363,0.0678,0.8034,25.006,1.1194,25.768,74.047,6.487,0.0159,0.0311
PHB_04317,Severe Disease,3,0.3136,0.6328,0.3075,27.402,1.4396,24.741,59.894,6.142,0.0431,0.0748
PHB_07960,Severe Disease,3,0.3801,0.6987,0.4415,26.707,1.3498,20.884,64.106,6.548,0.0628,0.0806
PHB_07345,Early Disease,1,0.629,0.2536,0.7688,25.921,1.2452,21.36,68.599,5.994,0.0336,0.0406
PHB_07449,Early Disease,1,0.6827,0.2316,0.8337,24.241,1.2244,24.54,71.671,6.274,0.0249,0.0512
PHB_00084,Healthy,0,0.8085,0.1762,1.108,26.211,1.1034,23.423,70.927,6.088,0.0368,0.0331
PHB_00874,Early Disease,1,0.5884,0.339,0.6863,25.466,1.2961,26.419,69.201,6.173,0.0363,0.0357
PHB_09606,Severe Disease,3,0.3554,0.7389,0.4212,27.163,1.5708,28.333,73.408,6.108,0.0767,0.082
PHB_07636,Healthy,0,0.8104,0.029,0.8523,23.505,1.0047,28.829,68.574,6.492,0.0318,0.0267
PHB_04558,Moderate Illness,2,0.4458,0.4685,0.6272,27.141,1.457,25.561,75.773,6.546,0.0574,0.0768
PHB_04501,Healthy,0,0.861,0.1733,1.0145,22.126,0.9918,23.927,62.485,6.885,0.0151,0.0183
PHB_04648,Healthy,0,0.8262,0.1823,0.8802,25.777,1.1289,24.142,56.933,7.021,0.0211,0.0417
PHB_02039,Moderate Illness,2,0.3913,0.5858,0.6741,26.236,1.1507,22.447,65.964,5.801,0.0762,0.0528
PHB_09695,Moderate Illness,2,0.4793,0.4476,0.5427,26.1,0.948,23.454,66.218,6.2,0.052,0.0625
PHB_06910,Early Disease,1,0.7327,0.3622,0.705,25.55,1.3724,25.729,71.956,6.286,0.0495,0.0267
PHB_02451,Moderate Illness,2,0.4356,0.4667,0.5494,25.289,1.2633,22.896,67.583,6.28,0.0389,0.0345
PHB_03955,Healthy,0,0.8082,0.1277,0.84,23.616,1.2579,25.089,74.229,6.63,0.0146,0.0227
PHB_02330,Early Disease,1,0.7156,0.2861,0.6697,25.113,1.1662,25.761,67.246,6.149,0.0304,0.0518
PHB_09125,Severe Disease,3,0.3215,0.6754,0.3733,27.328,1.5738,24.843,69.461,6.472,0.0571,0.0601
PHB_07045,Severe Disease,3,0.3897,0.6436,0.3952,27.956,1.5054,25.521,57.671,6.265,0.0619,0.0857
PHB_05043,Early Disease,1,0.6015,0.187,0.822,25.162,1.4668,21.876,68.833,5.862,0.0171,0.0579
PHB_09365,Severe Disease,3,0.4264,0.7873,0.4645,26.113,1.415,22.869,66.559,6.354,0.0449,0.0512
PHB_04747,Early Disease,1,0.7302,0.2929,0.7396,25.681,1.288,25.197,67.0,6.19,0.0359,0.0343
PHB_09368,Severe Disease,3,0.298,0.7341,0.5922,27.057,1.3743,25.265,56.906,6.333,0.065,0.0681
PHB_09403,Moderate Illness,2,0.505,0.5617,0.6443,26.061,1.3938,25.63,65.695,6.448,0.0544,0.0447
PHB_06492,Moderate Illness,2,0.487,0.6025,0.6408,25.252,1.4484,25.527,77.902,6.151,0.0636,0.0632
PHB_06638,Moderate Illness,2,0.4792,0.5607,0.6534,26.425,1.2907,24.875,61.501,5.872,0.0454,0.0689
PHB_07226,Healthy,0,0.8878,0.1889,0.8935,23.797,1.0957,25.213,68.154,6.364,0.0256,0.0281
PHB_02402,Severe Disease,3,0.4109,0.8197,0.4301,27.2,1.2306,25.692,56.029,5.92,0.062,0.0803
PHB_05521,Early Disease,1,0.7014,0.379,0.7384,24.722,1.4133,22.637,72.822,5.871,0.0334,0.0209
PHB_01217,Early Disease,1,0.7859,0.4127,0.6183,24.122,1.3221,24.952,60.943,6.359,0.0276,0.0519
PHB_08696,Early Disease,1,0.7244,0.2542,0.7063,24.777,1.1596,24.085,66.199,6.357,0.0211,0.0423
PHB_06021,Severe Disease,3,0.3538,0.7336,0.5662,28.04,1.4592,28.537,65.015,5.84,0.0665,0.059
PHB_06866,Early Disease,1,0.6525,0.3221,0.6934,24.71,1.3305,24.647,66.559,6.615,0.0472,0.0299
PHB_01065,Early Disease,1,0.6249,0.3539,0.685,24.506,0.9892,18.772,76.577,6.407,0.0254,0.0502
PHB_03787,Severe Disease,3,0.3406,0.8247,0.4048,28.538,1.4304,25.709,55.139,6.019,0.0409,0.0817
PHB_04411,Early Disease,1,0.6838,0.3301,0.6826,24.785,1.3432,22.954,73.205,5.731,0.0567,0.0479
PHB_06860,Healthy,0,0.7616,0.1309,0.8931,24.869,1.1549,26.736,80.777,6.451,0.0236,0.0206
PHB_06761,Healthy,0,0.8155,0.1641,0.8817,25.277,1.1376,27.063,75.384,6.35,0.044,0.0361
PHB_05524,Moderate Illness,2,0.4689,0.5562,0.6061,26.367,1.3058,26.687,68.325,6.044,0.0703,0.0905
PHB_05997,Moderate Illness,2,0.4797,0.5727,0.6434,25.575,1.1879,26.175,70.769,6.288,0.0492,0.0636
PHB_08834,Moderate Illness,2,0.4999,0.473,0.5978,25.853,1.4284,27.005,62.343,6.212,0.0325,0.0353
PHB_05889,Severe Disease,3,0.2978,0.761,0.487,26.753,1.4045,26.088,71.213,6.158,0.0632,0.0701
PHB_02162,Early Disease,1,0.7217,0.3381,0.7273,24.912,1.2433,26.292,65.758,6.339,0.046,0.044
PHB_03009,Healthy,0,0.8108,0.1164,0.8931,24.812,0.9676,24.678,66.575,6.095,0.0381,0.0274
PHB_01106,Severe Disease,3,0.2129,0.6553,0.4732,27.492,1.4678,26.13,60.387,6.112,0.0544,0.086
PHB_06655,Moderate Illness,2,0.4983,0.4605,0.5744,25.363,1.2159,22.47,59.851,6.505,0.0468,0.0435
PHB_00693,Healthy,0,0.7885,0.1743,0.8268,24.55,1.285,30.54,76.317,6.572,0.0333,0.0384
PHB_09958,Healthy,0,0.7862,0.0767,0.8201,24.772,0.9292,26.629,68.951,6.552,0.0287,0.0379
PHB_04957,Severe Disease,3,0.3398,0.8231,0.4257,26.95,1.4523,23.859,66.874,6.168,0.06,0.0577
PHB_06598,Early Disease,1,0.6905,0.4449,0.8474,24.388,1.0413,26.357,62.991,5.989,0.0271,0.043
PHB_08481,Healthy,0,0.8931,0.0309,1.0381,24.593,1.2073,24.823,70.019,6.303,0.0382,0.0319
PHB_04370,Early Disease,1,0.6023,0.2853,0.7327,24.682,1.0602,24.541,66.032,6.261,0.0273,0.0437
PHB_02766,Severe Disease,3,0.3838,0.768,0.4458,28.07,1.3976,26.606,61.477,6.71,0.0471,0.0762
PHB_03930,Severe Disease,3,0.3412,0.8277,0.4314,27.661,1.4034,25.394,56.078,6.593,0.0678,0.0564
PHB_07135,Early Disease,1,0.6261,0.3431,0.8457,26.001,1.1082,27.984,77.129,6.312,0.0418,0.0384
PHB_08736,Early Disease,1,0.6065,0.3051,0.7004,25.483,0.9862,22.458,67.973,6.054,0.0582,0.0652
PHB_07531,Healthy,0,0.6969,0.0847,0.9731,24.192,1.0159,23.471,73.446,6.324,0.0267,0.0488
PHB_07529,Early Disease,1,0.7011,0.3155,0.8256,25.422,1.285,27.687,69.926,6.179,0.045,0.0408
PHB_00629,Moderate Illness,2,0.497,0.5121,0.6127,25.867,1.2535,23.787,63.105,6.352,0.0602,0.0549
PHB_02452,Moderate Illness,2,0.4981,0.5738,0.6952,27.167,1.3019,24.344,61.0,6.152,0.0501,0.0669
PHB_06240,Moderate Illness,2,0.4948,0.6091,0.5493,26.53,1.148,26.767,78.721,6.233,0.0531,0.0794
PHB_07013,Healthy,0,0.8557,0.0273,0.8666,24.912,1.0543,25.942,70.028,6.496,0.025,0.0262
PHB_03825,Moderate Illness,2,0.6171,0.4497,0.6183,26.99,1.1458,28.605,67.735,6.312,0.0595,0.0853
PHB_08978,Severe Disease,3,0.329,0.7304,0.4038,28.788,1.3505,25.688,50.593,6.375,0.0803,0.0661
PHB_02653,Severe Disease,3,0.3778,0.6812,0.4795,26.626,1.2899,25.499,59.862,6.111,0.0725,0.0663
PHB_09108,Early Disease,1,0.7073,0.34,0.7582,26.172,0.9679,26.1,70.524,6.132,0.0468,0.0368
PHB_03744,Moderate Illness,2,0.4863,0.5266,0.5076,26.097,1.2955,24.859,71.991,6.319,0.0386,0.0559
PHB_02177,Early Disease,1,0.6786,0.3597,0.7717,25.094,0.935,23.004,65.293,6.229,0.0403,0.0593
PHB_09907,Moderate Illness,2,0.5559,0.5517,0.5887,26.534,1.0204,28.085,60.867,6.194,0.0554,0.0511
PHB_09264,Severe Disease,3,0.3223,0.72,0.3778,29.451,1.2529,25.071,62.936,6.212,0.053,0.0626
PHB_03319,Healthy,0,0.8895,0.1164,0.8023,25.575,1.0958,19.873,67.329,6.293,0.0293,0.0476
PHB_06344,Early Disease,1,0.7246,0.43,0.7255,24.363,1.1265,25.422,78.112,6.397,0.0518,0.0526
PHB_02788,Moderate Illness,2,0.4774,0.4669,0.5984,26.054,1.2217,27.037,65.504,6.284,0.0511,0.0537
PHB_04106,Healthy,0,0.8022,0.0431,1.0192,23.775,1.0717,27.204,75.449,6.406,0.0296,0.0502
PHB_06356,Early Disease,1,0.6497,0.397,0.704,25.62,0.7895,22.215,72.773,6.602,0.0424,0.0535
PHB_01677,Moderate Illness,2,0.5727,0.4897,0.4931,27.131,1.2624,24.037,60.359,6.064,0.0527,0.0607
PHB_03948,Healthy,0,0.8396,0.0,0.8636,24.728,1.1893,22.948,66.137,6.347,0.0069,0.0217
PHB_04445,Healthy,0,0.8652,0.0828,0.8938,23.984,0.8291,24.558,70.762,6.69,0.0404,0.0411
PHB_02937,Early Disease,1,0.7312,0.2939,0.6626,26.234,1.1831,24.353,60.826,6.086,0.0309,0.0398
PHB_09006,Moderate Illness,2,0.5714,0.5271,0.6554,26.079,1.1176,24.933,63.513,6.39,0.0342,0.0587
PHB_07767,Moderate Illness,2,0.4417,0.5835,0.6867,25.933,1.1968,25.366,68.026,6.159,0.0368,0.0498
PHB_05723,Healthy,0,0.7842,0.0868,0.9218,24.22,1.1066,24.152,69.834,6.271,0.0413,0.0276
PHB_07442,Severe Disease,3,0.3389,0.7574,0.4829,26.462,1.4992,27.215,62.342,6.454,0.0658,0.0589
PHB_02504,Severe Disease,3,0.2142,0.7571,0.5742,27.474,1.2095,25.207,69.352,6.719,0.0467,0.076
PHB_08483,Severe Disease,3,0.3088,0.6442,0.4701,27.593,1.3285,26.637,65.325,6.26,0.078,0.0713
PHB_02370,Moderate Illness,2,0.5116,0.4998,0.6187,26.309,1.2276,24.17,62.137,6.236,0.0472,0.0659
PHB_04968,Early Disease,1,0.7993,0.2822,0.7134,25.027,1.2156,26.585,81.139,6.035,0.0639,0.0528
PHB_05884,Severe Disease,3,0.4136,0.7286,0.4532,27.779,1.2875,27.828,75.572,6.541,0.0637,0.0774
PHB_02218,Severe Disease,3,0.3511,0.6094,0.5596,29.144,1.4045,23.024,61.208,5.795,0.0617,0.0687
PHB_05848,Healthy,0,0.7902,0.0856,0.9273,24.159,1.255,23.973,60.496,6.295,0.0112,0.0263
PHB_02219,Severe Disease,3,0.2626,0.6868,0.4916,26.185,1.4622,24.007,49.277,6.293,0.0764,0.0912
PHB_03327,Early Disease,1,0.7131,0.318,0.7293,25.694,1.1772,21.608,51.225,6.657,0.0418,0.0333
PHB_06734,Severe Disease,3,0.3938,0.6127,0.5206,26.655,1.3533,22.998,67.992,6.028,0.0756,0.0819
PHB_03584,Moderate Illness,2,0.45,0.5896,0.5841,25.843,1.2622,24.331,59.615,6.681,0.0474,0.0508
PHB_09825,Early Disease,1,0.6342,0.3628,0.6654,26.537,1.1797,25.402,52.517,5.988,0.0457,0.04
PHB_03620,Severe Disease,3,0.3814,0.7769,0.3307,27.772,1.5015,26.412,52.906,5.995,0.0681,0.0737
PHB_07708,Early Disease,1,0.5733,0.3363,0.5939,24.835,1.3237,19.792,69.876,6.598,0.0279,0.0671
PHB_06433,Healthy,0,0.8653,0.1361,1.0307,24.434,1.1305,26.756,83.999,6.275,0.02,0.0443
PHB_03116,Moderate Illness,2,0.5403,0.5316,0.4948,26.349,1.3657,25.189,72.976,6.543,0.0248,0.0603
PHB_00086,Healthy,0,0.8661,0.0977,0.7171,24.854,1.0835,24.576,45.484,6.444,0.023,0.0473
PHB_05974,Severe Disease,3,0.3527,0.867,0.5269,26.879,1.5569,24.333,52.938,6.137,0.0737,0.0571
PHB_02802,Early Disease,1,0.6808,0.2592,0.8078,25.514,1.3491,27.144,57.338,6.607,0.0337,0.0417
PHB_03672,Moderate Illness,2,0.5581,0.4915,0.6911,26.775,1.2184,22.283,53.55,6.036,0.0515,0.0688
PHB_03668,Healthy,0,0.8101,0.1463,0.81,25.29,1.1225,27.42,68.005,6.364,0.0335,0.042
PHB_09795,Healthy,0,0.834,0.1154,0.8809,24.802,1.063,22.178,77.569,6.339,0.0346,0.0434
PHB_05159,Early Disease,1,0.6657,0.3706,0.7349,24.733,1.0651,24.769,64.029,6.232,0.0342,0.0533
PHB_05726,Severe Disease,3,0.3065,0.8298,0.4558,27.007,1.4461,25.034,58.077,6.026,0.0523,0.0837
PHB_04591,Healthy,0,0.9149,0.1664,0.924,25.189,1.1121,26.569,56.897,5.948,0.0233,0.0533
PHB_02020,Early Disease,1,0.6654,0.2782,0.8303,25.14,1.2015,26.552,60.517,6.326,0.0343,0.032
PHB_07832,Moderate Illness,2,0.5269,0.4864,0.594,26.269,1.2685,24.665,58.421,5.837,0.0568,0.0706
PHB_02526,Healthy,0,0.8075,0.1458,0.7325,25.409,1.2799,21.904,59.529,6.544,0.0344,0.0594
PHB_08287,Early Disease,1,0.683,0.2312,0.7817,25.889,1.1333,26.212,81.489,5.987,0.0408,0.0495
PHB_09207,Moderate Illness,2,0.4423,0.4743,0.6053,26.131,1.2924,25.391,82.686,6.118,0.0509,0.0434
PHB_03213,Severe Disease,3,0.2982,0.7126,0.5154,26.955,1.3111,23.64,61.988,6.327,0.0715,0.0772
PHB_00520,Severe Disease,3,0.3478,0.6463,0.4576,27.542,1.3926,23.796,64.31,6.207,0.0622,0.0761
PHB_05367,Early Disease,1,0.7529,0.2844,0.6712,25.433,1.1933,21.717,64.649,5.98,0.031,0.0523
PHB_06763,Severe Disease,3,0.3065,0.7619,0.6027,27.104,1.2068,26.161,61.227,6.38,0.0673,0.071
PHB_02896,Healthy,0,0.8115,0.1191,0.9356,23.795,1.0916,22.407,66.053,6.397,0.023,0.0404
PHB_00245,Moderate Illness,2,0.5486,0.6437,0.7409,25.913,1.2924,24.389,58.456,6.346,0.0391,0.0633
PHB_05931,Severe Disease,3,0.3629,0.6641,0.3773,26.446,1.4385,21.63,60.882,6.153,0.0656,0.0907
PHB_04715,Moderate Illness,2,0.4749,0.5406,0.4501,27.51,1.5878,29.309,60.183,6.296,0.0608,0.059
PHB_09568,Severe Disease,3,0.3735,0.6735,0.4008,27.465,1.3762,24.604,63.043,6.535,0.0568,0.0826
PHB_03426,Moderate Illness,2,0.437,0.4491,0.6893,25.539,1.1183,27.353,75.138,6.425,0.0365,0.0608
PHB_06932,Moderate Illness,2,0.4536,0.4888,0.6245,25.814,1.4582,24.878,56.742,6.129,0.0552,0.0807
PHB_06721,Early Disease,1,0.5931,0.3716,0.6953,25.319,1.2464,25.487,68.98,6.172,0.0527,0.034
PHB_07411,Severe Disease,3,0.2948,0.7763,0.4872,26.646,1.5022,27.764,67.38,6.129,0.0563,0.068
PHB_06178,Early Disease,1,0.5129,0.3297,0.5916,25.071,1.3407,22.81,61.707,6.375,0.0438,0.0356
PHB_07251,Moderate Illness,2,0.5218,0.5907,0.6932,26.071,1.5331,26.5,75.032,6.25,0.0727,0.072
PHB_05510,Moderate Illness,2,0.5096,0.515,0.4894,26.056,1.186,25.831,73.56,6.571,0.0661,0.0566
PHB_02002,Early Disease,1,0.6323,0.3746,0.7804,24.969,1.3476,27.499,75.441,6.463,0.0332,0.0365
PHB_00886,Early Disease,1,0.6823,0.3665,0.7124,25.229,1.4645,27.084,53.308,6.631,0.0413,0.0529
PHB_00870,Healthy,0,0.8417,0.0292,0.7881,23.161,0.8622,23.91,76.84,6.552,0.0167,0.024
PHB_09689,Healthy,0,0.7944,0.058,0.9636,23.344,1.1732,25.736,63.703,6.786,0.02,0.0374
PHB_05721,Severe Disease,3,0.2948,0.7272,0.5047,26.972,1.4901,23.819,60.254,6.071,0.0614,0.0755
PHB_00357,Severe Disease,3,0.2614,0.7095,0.469,27.404,1.3403,24.222,64.47,5.642,0.0626,0.0812
PHB_09908,Severe Disease,3,0.3166,0.7454,0.4151,27.131,1.3989,27.984,69.879,6.509,0.0616,0.0741
PHB_05452,Moderate Illness,2,0.418,0.5063,0.5452,25.818,1.3885,25.145,53.112,6.547,0.0413,0.0565
PHB_08194,Severe Disease,3,0.4063,0.8336,0.3603,27.262,1.2026,26.699,64.756,6.533,0.0565,0.0807
PHB_06439,Severe Disease,3,0.204,0.5957,0.4653,27.572,1.2868,25.2,69.052,6.201,0.0522,0.085
PHB_07705,Early Disease,1,0.6809,0.3002,0.6121,24.286,1.0441,22.665,70.407,6.74,0.0428,0.0428
PHB_01276,Early Disease,1,0.6326,0.3011,0.6894,25.8,1.3366,21.395,58.231,6.579,0.0372,0.0628
PHB_01891,Healthy,0,0.8342,0.0763,0.8977,23.365,1.1389,24.84,51.642,6.526,0.009,0.02
PHB_08687,Severe Disease,3,0.3723,0.7555,0.5417,28.877,1.3958,22.536,67.272,6.258,0.08,0.0514
PHB_06569,Moderate Illness,2,0.6103,0.4794,0.6677,26.3,1.3898,27.844,54.609,6.274,0.0365,0.0457
PHB_09624,Moderate Illness,2,0.496,0.5032,0.5857,25.629,1.3887,25.367,58.715,6.395,0.0531,0.0568
PHB_03564,Healthy,0,0.8935,0.2225,0.8836,23.473,1.2567,23.765,73.099,6.441,0.0372,0.0319
PHB_05788,Severe Disease,3,0.3552,0.6841,0.4769,27.355,1.3083,26.373,53.943,6.355,0.0624,0.0849
PHB_04959,Early Disease,1,0.759,0.2799,0.7708,25.911,1.2436,23.065,67.299,6.423,0.0341,0.0423
PHB_01547,Healthy,0,0.7926,0.2107,0.9067,24.323,1.1561,25.075,60.311,6.627,0.0316,0.0267
PHB_02381,Severe Disease,3,0.3426,0.736,0.5547,26.594,1.4134,21.892,72.328,6.246,0.0638,0.0842
PHB_03824,Healthy,0,0.7853,0.0375,0.9648,25.303,1.0409,26.295,74.533,5.927,0.0187,0.0312
PHB_03233,Moderate Illness,2,0.4925,0.552,0.7352,24.885,1.2625,26.575,57.266,6.4,0.0546,0.0683
PHB_08400,Severe Disease,3,0.2877,0.7338,0.4244,26.81,1.3012,23.231,57.447,6.305,0.0574,0.0627
PHB_03307,Healthy,0,0.9215,0.2007,0.8822,24.682,1.0764,22.843,57.136,6.757,0.0373,0.0274
PHB_00493,Moderate Illness,2,0.5479,0.548,0.5314,26.363,1.191,21.697,67.081,6.365,0.0478,0.0645
PHB_03500,Severe Disease,3,0.3636,0.7449,0.4259,28.246,1.4004,27.648,56.169,6.04,0.0713,0.0505
PHB_06665,Early Disease,1,0.6611,0.4088,0.7841,25.605,1.1736,25.789,71.403,6.418,0.0205,0.0372
PHB_01117,Healthy,0,0.7833,0.1846,0.9217,25.957,1.2123,27.187,67.484,6.541,0.0339,0.0329
PHB_05638,Moderate Illness,2,0.4625,0.5953,0.6403,26.491,1.2829,21.725,72.114,5.854,0.0356,0.0768
PHB_08775,Moderate Illness,2,0.4634,0.5933,0.628,25.896,1.2553,20.846,57.426,6.097,0.0523,0.0558
PHB_06147,Severe Disease,3,0.2305,0.7323,0.4288,27.762,1.3787,26.347,72.209,6.459,0.0639,0.0795
PHB_09868,Severe Disease,3,0.5009,0.7246,0.4623,26.815,1.3886,21.16,57.228,6.058,0.0703,0.0485
PHB_08776,Healthy,0,0.766,0.1085,0.9656,23.023,0.9754,21.446,72.472,6.418,0.0406,0.012
PHB_06708,Moderate Illness,2,0.5386,0.5247,0.6378,25.581,1.1465,25.554,61.916,6.145,0.0404,0.0406
PHB_09949,Moderate Illness,2,0.5199,0.6303,0.4242,26.38,1.3908,26.655,68.452,6.211,0.0501,0.049
PHB_07966,Severe Disease,3,0.3837,0.7069,0.4126,28.33,1.2738,27.711,70.862,6.543,0.0523,0.0516
PHB_03646,Severe Disease,3,0.3121,0.7661,0.3489,25.296,1.1619,26.973,62.605,6.383,0.0474,0.0793
PHB_02501,Healthy,0,0.8005,0.0965,0.809,24.93,0.9205,25.361,67.759,6.619,0.0322,0.0541
PHB_05678,Moderate Illness,2,0.4512,0.5115,0.5899,27.053,1.2487,23.891,70.697,6.131,0.0601,0.0559
PHB_05242,Early Disease,1,0.5966,0.2357,0.7556,24.665,1.1898,24.224,64.318,6.228,0.036,0.0534
PHB_06519,Healthy,0,0.8386,0.1496,0.9213,25.456,1.003,25.947,63.917,6.417,0.0351,0.0423
PHB_02784,Early Disease,1,0.6846,0.3119,0.7429,26.17,1.2754,22.984,76.272,6.14,0.0379,0.071
PHB_06159,Healthy,0,0.8402,0.0065,0.8493,24.338,0.803,26.047,70.434,6.502,0.025,0.0318
PHB_03810,Severe Disease,3,0.3253,0.7068,0.3681,26.973,2.0,26.623,66.991,5.948,0.0543,0.0642
PHB_09429,Moderate Illness,2,0.5211,0.4683,0.6082,27.836,1.276,25.337,60.588,6.325,0.0435,0.0517
PHB_09525,Healthy,0,0.8687,0.0759,0.8302,25.576,0.9527,22.748,64.821,6.546,0.0116,0.0155
PHB_08600,Early Disease,1,0.6975,0.3483,0.8338,25.019,1.2669,25.01,83.226,5.842,0.0437,0.0329
PHB_01697,Healthy,0,0.7826,0.0936,0.9344,24.094,1.1688,21.631,66.948,6.292,0.0147,0.0323
PHB_05686,Healthy,0,0.8981,0.2105,0.7905,24.053,1.003,27.482,67.689,6.22,0.0492,0.039
PHB_08368,Severe Disease,3,0.2902,0.6807,0.4179,27.771,1.0292,23.477,71.108,6.18,0.0561,0.0676
PHB_05940,Severe Disease,3,0.3985,0.7212,0.4337,27.448,1.3544,25.369,70.539,6.192,0.0765,0.0498
PHB_02053,Early Disease,1,0.6274,0.2547,0.676,25.511,1.1657,28.455,81.071,6.719,0.0378,0.0509
PHB_01777,Moderate Illness,2,0.4989,0.6183,0.6553,26.435,1.2321,23.538,79.965,6.49,0.0525,0.0475
PHB_06561,Early Disease,1,0.7367,0.3604,0.7185,24.902,1.1272,22.689,46.71,6.244,0.0416,0.0339
PHB_03314,Moderate Illness,2,0.5391,0.5174,0.5635,27.774,1.3058,24.678,74.489,6.32,0.0473,0.0529
PHB_04782,Severe Disease,3,0.309,0.7558,0.5223,26.937,1.3978,23.988,57.361,6.115,0.0692,0.0792
PHB_08539,Healthy,0,0.844,0.0697,0.8913,24.821,1.0434,27.541,64.964,5.965,0.0328,0.0367
PHB_06782,Early Disease,1,0.6827,0.3088,0.8064,25.656,1.3464,26.415,65.267,6.518,0.0483,0.0388
PHB_01593,Severe Disease,3,0.3485,0.7788,0.4208,27.04,1.489,22.711,47.824,6.435,0.0617,0.0589
PHB_01724,Moderate Illness,2,0.5227,0.4591,0.548,25.998,1.3261,25.143,45.422,6.352,0.0599,0.0628
PHB_00216,Moderate Illness,2,0.5411,0.5472,0.5864,26.858,1.1667,22.778,59.648,6.24,0.0551,0.0453
PHB_06327,Severe Disease,3,0.2522,0.7607,0.3862,28.728,1.425,21.703,63.878,6.533,0.0596,0.0707
PHB_08257,Severe Disease,3,0.3337,0.7527,0.4,28.001,1.6306,28.116,58.869,5.979,0.0564,0.0633
PHB_00491,Moderate Illness,2,0.4744,0.5307,0.5797,25.729,1.314,26.164,64.847,6.351,0.0678,0.0662
PHB_09134,Moderate Illness,2,0.5367,0.5805,0.5094,26.528,1.2151,24.367,74.063,6.45,0.0385,0.0562
PHB_03484,Moderate Illness,2,0.4598,0.4236,0.7557,26.795,1.2945,25.425,70.509,6.527,0.0475,0.0738
PHB_05103,Healthy,0,0.8573,0.13,0.9165,24.312,1.2823,24.181,62.627,6.488,0.0187,0.0456
PHB_05188,Moderate Illness,2,0.5809,0.4213,0.5957,26.24,1.4003,27.89,67.796,6.359,0.0387,0.0776
PHB_03432,Moderate Illness,2,0.3899,0.4726,0.6626,27.104,1.4298,22.523,56.347,6.422,0.047,0.0655
PHB_09199,Early Disease,1,0.6683,0.2338,0.7739,24.694,1.225,24.076,65.598,6.582,0.0492,0.0506
PHB_07711,Early Disease,1,0.7346,0.3459,0.711,25.289,1.3852,23.037,51.21,6.343,0.0441,0.0723
PHB_05514,Early Disease,1,0.6176,0.2317,0.6318,24.759,1.1725,26.263,69.685,6.147,0.0244,0.0448
PHB_00026,Healthy,0,0.8315,0.064,0.9308,24.133,1.429,26.411,68.978,6.214,0.0183,0.0312
PHB_03513,Severe Disease,3,0.2768,0.6473,0.3968,27.872,1.2884,25.332,66.579,5.718,0.053,0.0851
PHB_02410,Severe Disease,3,0.4319,0.7713,0.2816,26.847,1.1853,24.191,64.331,6.33,0.0509,0.0684
PHB_03271,Severe Disease,3,0.4744,0.6896,0.5791,27.717,1.2037,24.036,75.531,6.032,0.051,0.0682
PHB_05210,Healthy,0,0.8526,0.2,0.8005,25.662,0.9853,26.607,75.903,6.609,0.0175,0.0312
PHB_08712,Healthy,0,0.6854,0.1085,0.8517,23.149,1.191,24.655,74.841,6.548,0.0311,0.0332
PHB_01553,Early Disease,1,0.5693,0.3985,0.7394,25.413,1.2115,24.765,72.348,5.769,0.0393,0.0521
PHB_09198,Healthy,0,0.8282,0.0764,0.8647,26.25,1.19,21.84,60.749,6.094,0.0018,0.0407
PHB_08622,Moderate Illness,2,0.5319,0.5299,0.5449,27.122,1.1634,23.634,59.306,6.717,0.0357,0.0638
PHB_03872,Healthy,0,0.7622,0.1633,0.8143,24.5,1.0755,23.4,69.239,6.382,0.0326,0.0289
PHB_03403,Moderate Illness,2,0.4973,0.5044,0.6133,25.222,1.2001,21.941,59.58,5.86,0.0371,0.0771
PHB_04530,Moderate Illness,2,0.4956,0.6162,0.5391,26.204,1.0408,25.391,64.824,6.057,0.0527,0.0496
PHB_00980,Healthy,0,0.7618,0.1057,0.8173,24.011,1.1111,24.961,57.538,6.473,0.0207,0.0454
PHB_02656,Severe Disease,3,0.3619,0.7589,0.4641,27.39,1.253,29.272,59.443,5.819,0.0671,0.0575
PHB_01848,Moderate Illness,2,0.5516,0.5766,0.6524,26.186,1.3288,23.791,76.711,6.504,0.0426,0.0372
PHB_07965,Healthy,0,0.8206,0.1345,0.7506,24.328,1.1295,25.854,61.629,6.657,0.0387,0.0341
PHB_08241,Healthy,0,0.8504,0.1177,0.9878,24.452,1.1027,28.304,64.677,6.502,0.0244,0.0573
PHB_07146,Moderate Illness,2,0.4434,0.5313,0.5565,26.106,1.3504,22.528,65.06,6.292,0.0539,0.0716
PHB_07300,Moderate Illness,2,0.486,0.4903,0.5788,26.96,1.2727,27.644,78.923,6.581,0.0393,0.0659
PHB_05722,Healthy,0,0.7748,0.0845,0.9597,23.742,1.0828,23.153,71.32,6.659,0.0339,0.0269
PHB_00516,Healthy,0,0.9158,0.0888,0.9383,25.058,0.976,23.023,69.145,6.455,0.0237,0.0279
PHB_08746,Early Disease,1,0.5371,0.3269,0.7819,23.108,1.1298,24.516,67.232,5.99,0.0318,0.0645
PHB_08298,Early Disease,1,0.702,0.2495,0.7211,25.519,1.2192,22.43,80.05,5.83,0.048,0.0332
PHB_01103,Severe Disease,3,0.2428,0.8096,0.3979,27.285,1.3622,22.821,71.248,6.133,0.0559,0.0869
PHB_03277,Early Disease,1,0.6305,0.2498,0.8824,25.427,1.1244,24.101,65.287,6.591,0.0253,0.0323
PHB_07218,Moderate Illness,2,0.4366,0.5361,0.5883,26.716,1.2972,24.462,56.059,5.892,0.0406,0.0691
PHB_07390,Healthy,0,0.7687,0.1561,0.8216,23.44,1.1997,22.591,74.437,6.465,0.0283,0.0214
PHB_09078,Moderate Illness,2,0.5514,0.5857,0.5597,27.175,1.2174,24.717,70.919,6.45,0.0465,0.0527
PHB_08338,Healthy,0,0.8767,0.0837,0.8961,23.325,1.1851,20.044,68.068,6.731,0.017,0.0211
PHB_03997,Healthy,0,0.873,0.1773,0.8871,24.404,1.2082,25.37,56.133,6.355,0.019,0.0342
PHB_00195,Healthy,0,0.8576,0.0402,0.9998,25.132,1.1499,26.251,62.34,6.52,0.0279,0.0308
PHB_04712,Healthy,0,0.9189,0.1198,0.8758,25.657,1.1749,25.013,61.985,6.459,0.0405,0.0286
PHB_00644,Healthy,0,0.8352,0.1448,0.7649,23.651,1.0413,25.754,64.986,6.612,0.0269,0.0305
PHB_09090,Early Disease,1,0.7428,0.2983,0.7532,25.055,0.96,24.754,82.767,6.437,0.032,0.0599
PHB_03286,Moderate Illness,2,0.486,0.4898,0.6055,27.17,1.3519,23.976,65.014,6.125,0.0404,0.0698
PHB_03117,Healthy,0,0.7868,0.1049,0.834,25.19,1.1814,26.6,68.921,6.248,0.0217,0.0356
PHB_06477,Severe Disease,3,0.2922,0.8087,0.4739,28.246,1.3226,25.283,70.626,6.005,0.0659,0.0632
PHB_03576,Early Disease,1,0.6081,0.303,0.7048,25.67,1.2717,27.983,69.807,5.976,0.0184,0.0558
PHB_09024,Early Disease,1,0.6268,0.3307,0.7299,26.289,1.2301,25.736,55.083,6.404,0.0236,0.0437
PHB_04321,Severe Disease,3,0.4308,0.7459,0.5782,27.306,1.5931,29.869,58.058,6.145,0.0576,0.06
PHB_09993,Early Disease,1,0.7322,0.323,0.7966,25.594,1.0358,25.026,66.579,6.689,0.0505,0.0616
PHB_02208,Early Disease,1,0.6531,0.2654,0.7158,25.653,1.2391,27.308,67.958,6.378,0.044,0.0286
PHB_04553,Healthy,0,0.8468,0.1586,1.0123,24.777,1.2401,23.592,56.966,6.2,0.0131,0.0466
PHB_07317,Severe Disease,3,0.2642,0.7423,0.5402,27.898,1.3983,24.791,62.613,6.332,0.0705,0.0874
PHB_03719,Severe Disease,3,0.4062,0.7612,0.4086,26.726,1.3053,21.7,63.267,5.956,0.0545,0.0512
PHB_00973,Healthy,0,0.8327,0.0878,1.0035,24.022,1.0165,21.952,70.022,6.315,0.0269,0.0545
PHB_04580,Healthy,0,0.8368,0.1277,0.9782,24.169,1.1461,24.587,59.065,6.622,0.0111,0.0363
PHB_00720,Severe Disease,3,0.4299,0.7962,0.4497,26.267,1.4803,25.827,63.024,6.388,0.0791,0.0691
PHB_09018,Early Disease,1,0.6389,0.3149,0.808,25.222,1.2519,25.282,65.534,6.484,0.0249,0.042
PHB_06156,Healthy,0,0.8164,0.0453,0.8108,24.982,1.0799,28.129,65.028,6.356,0.0152,0.0452
PHB_09431,Early Disease,1,0.5669,0.3347,0.798,25.395,1.2876,26.917,69.372,6.172,0.0441,0.0164
PHB_03897,Early Disease,1,0.657,0.2891,0.8024,25.691,1.2939,25.913,74.787,6.204,0.0387,0.0362
PHB_02804,Moderate Illness,2,0.5229,0.5533,0.7549,26.253,1.1751,29.066,70.965,6.058,0.0411,0.0691
PHB_02567,Healthy,0,0.7515,0.0465,0.9009,25.098,0.922,23.889,64.825,6.396,0.0393,0.0358
PHB_04026,Severe Disease,3,0.3934,0.7285,0.4509,28.3,1.2775,24.176,45.62,6.133,0.075,0.0482
PHB_06199,Early Disease,1,0.7359,0.271,0.8249,25.68,1.1015,27.811,65.981,6.54,0.0183,0.0654
PHB_00033,Early Disease,1,0.6053,0.3569,0.686,25.095,1.1193,26.411,70.38,6.259,0.0246,0.0342
PHB_08308,Moderate Illness,2,0.5143,0.4905,0.6623,27.82,1.2258,26.083,63.38,6.438,0.0655,0.0731
PHB_08832,Moderate Illness,2,0.5736,0.5124,0.59,26.38,1.2799,28.448,57.874,5.805,0.0542,0.0685
PHB_09819,Early Disease,1,0.7609,0.1903,0.7351,24.998,1.144,26.557,64.863,6.048,0.0265,0.0456
PHB_04064,Moderate Illness,2,0.6043,0.5295,0.6732,26.032,1.3461,27.417,71.988,6.366,0.0349,0.0542
PHB_08949,Early Disease,1,0.7186,0.2879,0.7788,25.344,1.1165,23.799,87.918,6.337,0.0493,0.0543
PHB_05541,Severe Disease,3,0.2807,0.6732,0.5217,27.662,1.2701,22.903,61.567,6.433,0.0513,0.0851
PHB_01698,Severe Disease,3,0.4711,0.689,0.4297,27.881,1.1464,24.091,66.659,6.574,0.0471,0.0626
PHB_02793,Moderate Illness,2,0.5485,0.5171,0.5669,25.608,1.3278,24.094,61.374,6.249,0.0412,0.0629
PHB_02223,Early Disease,1,0.5892,0.3179,0.7787,26.077,1.2825,22.626,79.56,6.335,0.0386,0.0423
PHB_05819,Early Disease,1,0.7251,0.38,0.7469,25.949,1.3392,26.579,63.302,6.242,0.0249,0.0526
PHB_09663,Early Disease,1,0.7083,0.309,0.7837,25.042,1.1221,25.085,63.181,6.398,0.0468,0.0385
PHB_03765,Healthy,0,0.9877,0.1264,0.7925,24.891,1.1632,24.683,80.664,6.229,0.0185,0.0392
PHB_03867,Moderate Illness,2,0.5879,0.5382,0.6852,25.996,1.3742,26.883,65.07,6.209,0.0432,0.07
PHB_06422,Moderate Illness,2,0.4462,0.541,0.6588,27.158,1.2295,26.416,70.377,6.227,0.0456,0.0601
PHB_09400,Moderate Illness,2,0.5775,0.5745,0.5877,25.301,1.2258,23.955,60.475,6.329,0.0596,0.0496
PHB_08939,Early Disease,1,0.6942,0.3656,0.7039,25.441,1.1724,25.16,62.176,6.392,0.0145,0.0587
PHB_06672,Early Disease,1,0.6595,0.2407,0.7238,24.951,1.2618,23.994,52.576,6.765,0.0293,0.037
PHB_07979,Severe Disease,3,0.347,0.6814,0.4877,26.655,1.3243,24.732,70.604,6.139,0.0469,0.0726
PHB_03759,Severe Disease,3,0.4555,0.7047,0.479,26.312,1.5014,25.591,62.051,6.631,0.0655,0.0646
PHB_09775,Severe Disease,3,0.3425,0.66,0.4849,27.033,1.3755,26.591,58.198,6.354,0.0468,0.0655
PHB_03228,Healthy,0,0.7695,0.0544,0.884,26.022,1.085,23.468,64.81,6.826,0.011,0.0409
PHB_07803,Early Disease,1,0.6072,0.3432,0.7106,24.636,1.2639,27.039,60.402,6.682,0.0257,0.0457
PHB_03924,Severe Disease,3,0.2298,0.7769,0.4173,28.227,1.4896,25.145,60.026,6.575,0.0439,0.0928
PHB_03905,Early Disease,1,0.6531,0.2511,0.7689,26.166,1.2458,26.529,47.354,5.919,0.039,0.05
PHB_02278,Healthy,0,0.7861,0.1745,0.7858,24.245,1.0436,24.268,58.761,6.122,0.027,0.0299
PHB_06811,Healthy,0,0.9368,0.1458,0.8199,24.87,1.127,24.437,72.273,6.929,0.0135,0.0476
PHB_01402,Healthy,0,0.8842,0.1271,0.8002,24.19,1.1716,24.689,64.817,6.463,0.031,0.0377
PHB_00740,Early Disease,1,0.7523,0.258,0.7724,26.139,1.1089,24.771,69.723,6.427,0.0327,0.0419
PHB_04267,Early Disease,1,0.5837,0.2696,0.7966,26.232,1.3393,22.719,69.976,6.336,0.0335,0.0328
PHB_09862,Moderate Illness,2,0.494,0.5082,0.5294,25.48,1.5564,26.169,57.79,5.806,0.053,0.0706
PHB_07353,Severe Disease,3,0.2762,0.6646,0.519,27.831,1.41,26.961,70.452,6.359,0.068,0.0628
PHB_07519,Early Disease,1,0.7036,0.3934,0.7002,26.925,1.2636,21.749,61.437,6.464,0.0383,0.0386
PHB_03852,Early Disease,1,0.6166,0.3222,0.6522,25.959,1.1944,27.115,68.487,6.201,0.0544,0.0441
PHB_08632,Moderate Illness,2,0.4506,0.4714,0.6947,25.77,1.1588,28.329,60.377,6.715,0.0491,0.0567
PHB_02662,Early Disease,1,0.6206,0.2411,0.7123,26.328,1.109,26.048,68.958,6.464,0.0475,0.039
PHB_06505,Severe Disease,3,0.3428,0.8345,0.6381,27.501,1.3215,22.449,57.554,6.211,0.0543,0.057
PHB_09800,Early Disease,1,0.713,0.2997,0.7093,25.788,1.1233,24.891,65.208,6.351,0.0392,0.0459
PHB_00675,Moderate Illness,2,0.4144,0.5415,0.5314,25.623,1.5102,24.347,68.954,6.474,0.0527,0.0747
PHB_07106,Healthy,0,0.8129,0.1444,0.7787,24.609,1.1983,26.19,83.321,6.635,0.0384,0.0346
PHB_06361,Early Disease,1,0.6049,0.3055,0.5922,25.586,1.2161,25.861,66.077,6.542,0.0478,0.0513
PHB_03842,Moderate Illness,2,0.4907,0.4718,0.5974,26.087,1.3184,22.119,64.969,6.286,0.0361,0.053
PHB_01816,Moderate Illness,2,0.5202,0.5746,0.5832,25.96,1.3977,25.138,67.724,6.083,0.0641,0.0556
PHB_09490,Severe Disease,3,0.3364,0.6409,0.4678,28.483,1.5916,25.093,60.997,6.358,0.0626,0.0786
PHB_09839,Severe Disease,3,0.3773,0.7936,0.4663,26.308,1.3564,26.385,58.328,6.408,0.0752,0.047
PHB_09202,Severe Disease,3,0.1311,0.8269,0.5663,27.191,1.355,25.27,63.834,6.245,0.0363,0.0887
PHB_04654,Healthy,0,0.8323,0.0875,0.8962,24.42,0.9866,25.295,56.004,6.181,0.028,0.0562
PHB_08693,Healthy,0,0.8592,0.1573,0.8959,25.235,1.1466,24.866,63.433,6.253,0.001,0.0246
PHB_02101,Moderate Illness,2,0.4881,0.512,0.6417,25.849,1.2332,27.743,62.898,6.031,0.0342,0.0629
PHB_07712,Severe Disease,3,0.2736,0.7367,0.4687,27.197,1.4646,25.171,57.822,6.165,0.057,0.0707
PHB_01674,Healthy,0,0.7896,0.074,0.7898,24.182,1.0702,22.626,59.675,6.386,0.0352,0.0193
PHB_02102,Healthy,0,0.8512,0.196,0.8497,23.741,1.1541,26.442,61.373,6.953,0.0125,0.0322
PHB_04214,Healthy,0,0.8516,0.14,0.796,24.468,1.1246,23.886,73.307,6.472,0.0237,0.0525
PHB_06959,Early Disease,1,0.5989,0.3276,0.5845,24.6,1.0484,24.407,65.068,6.292,0.0252,0.0525
PHB_01549,Early Disease,1,0.5528,0.2675,0.833,25.463,1.2459,27.033,66.941,6.159,0.0348,0.0451
PHB_09551,Severe Disease,3,0.3331,0.8209,0.4044,27.821,1.3858,22.381,66.625,6.365,0.0556,0.0809
PHB_03324,Severe Disease,3,0.4216,0.701,0.5295,27.203,1.4804,24.771,70.094,6.053,0.0572,0.0605
PHB_09584,Severe Disease,3,0.4495,0.6105,0.3711,26.44,1.2756,28.814,55.551,6.24,0.0507,0.0884
PHB_00356,Moderate Illness,2,0.4056,0.6411,0.5373,26.718,1.0612,25.731,69.083,6.531,0.059,0.0511
PHB_05185,Healthy,0,0.8139,0.0917,0.711,24.207,1.2284,24.788,58.16,6.485,0.0157,0.0303
PHB_01462,Moderate Illness,2,0.4782,0.544,0.5861,26.589,1.2229,26.401,83.412,6.315,0.0457,0.057
PHB_07625,Early Disease,1,0.6541,0.4018,0.6698,25.018,0.8418,28.585,68.703,6.606,0.0238,0.0608
PHB_09386,Moderate Illness,2,0.4392,0.5647,0.6306,26.621,1.3429,24.177,59.733,6.231,0.0498,0.0581
PHB_03221,Early Disease,1,0.6131,0.3471,0.635,25.315,1.1543,26.133,62.016,6.266,0.061,0.0474
PHB_00940,Healthy,0,0.8562,0.0,0.7982,24.154,1.4498,25.471,74.057,6.172,0.0442,0.0289
PHB_05148,Early Disease,1,0.654,0.2175,0.7166,26.364,1.3805,23.684,71.994,6.46,0.0376,0.0583
PHB_05924,Early Disease,1,0.6263,0.321,0.658,25.536,1.0898,26.559,73.756,6.352,0.0242,0.0458
PHB_07884,Moderate Illness,2,0.4971,0.4266,0.5676,26.187,1.4296,26.898,48.325,6.405,0.046,0.0667
PHB_01752,Healthy,0,0.8145,0.1339,0.8488,23.404,0.9982,24.408,66.763,6.824,0.0037,0.0223
PHB_09469,Moderate Illness,2,0.4674,0.4842,0.6111,25.893,1.3428,24.802,63.183,6.028,0.0532,0.047
PHB_07598,Moderate Illness,2,0.365,0.4207,0.5364,25.821,1.2024,24.395,50.99,6.241,0.0547,0.0564
PHB_01773,Moderate Illness,2,0.5382,0.532,0.7246,26.062,1.2575,22.453,73.328,6.275,0.0296,0.0414
PHB_01197,Healthy,0,0.8866,0.0008,0.8199,25.074,1.2147,26.186,64.329,6.297,0.0383,0.0369
PHB_01879,Moderate Illness,2,0.4449,0.5265,0.481,25.921,1.1156,24.509,63.507,6.32,0.0467,0.0468
PHB_02669,Moderate Illness,2,0.4727,0.4715,0.6712,25.985,1.2546,19.868,47.527,6.457,0.0654,0.0584
PHB_03172,Moderate Illness,2,0.4839,0.5737,0.5708,26.581,1.4885,24.33,77.737,6.3,0.0547,0.0651
PHB_02017,Early Disease,1,0.656,0.3598,0.6673,24.635,0.9659,25.531,64.008,6.661,0.034,0.0526
PHB_02006,Severe Disease,3,0.2758,0.7221,0.562,27.24,1.4726,26.373,63.971,6.096,0.043,0.0785
PHB_08273,Severe Disease,3,0.4165,0.644,0.5275,26.99,1.4483,25.099,66.366,6.382,0.0672,0.0417
PHB_03894,Moderate Illness,2,0.577,0.5018,0.6062,27.46,1.5768,25.348,60.026,6.308,0.0479,0.0537
PHB_09992,Early Disease,1,0.6527,0.3758,0.7116,25.414,1.1324,24.84,62.664,6.263,0.0502,0.0449
PHB_03238,Early Disease,1,0.6858,0.2929,0.7285,26.897,1.1451,30.058,81.926,6.202,0.0539,0.0258
PHB_04425,Moderate Illness,2,0.5066,0.5725,0.5303,25.194,1.1941,26.755,60.522,6.503,0.0694,0.0597
PHB_04745,Healthy,0,0.8003,0.1446,0.8275,23.72,1.0518,22.044,74.408,6.559,0.0203,0.0163
PHB_02079,Early Disease,1,0.5712,0.3405,0.7039,25.74,1.2849,24.037,66.241,6.213,0.0432,0.0455
PHB_05220,Healthy,0,0.7897,0.1395,0.9074,24.945,1.0034,21.676,62.864,6.406,0.0172,0.0549
PHB_00397,Severe Disease,3,0.2631,0.8175,0.4315,28.336,1.3268,26.196,67.198,6.176,0.0624,0.0803
PHB_02789,Severe Disease,3,0.3446,0.7577,0.5463,28.241,1.3776,25.618,56.851,6.21,0.0556,0.0643
PHB_08878,Moderate Illness,2,0.4518,0.4839,0.5104,27.083,1.586,20.842,70.773,6.67,0.0448,0.0445
PHB_08639,Moderate Illness,2,0.5322,0.5957,0.6342,25.954,1.2835,22.331,55.697,6.607,0.0544,0.0602
PHB_04073,Early Disease,1,0.6677,0.3192,0.824,25.911,1.1276,22.927,56.574,6.359,0.0422,0.0453
PHB_05575,Early Disease,1,0.6577,0.369,0.6555,23.925,1.218,24.658,77.634,6.023,0.0415,0.0429
PHB_08370,Healthy,0,0.6937,0.1631,0.9065,25.15,1.1829,26.083,74.698,6.85,0.0322,0.0283
PHB_09508,Healthy,0,0.8321,0.1936,0.8055,25.919,1.0934,24.447,77.086,6.597,0.0169,0.0348
PHB_05356,Severe Disease,3,0.2771,0.7501,0.3932,27.398,1.3777,22.36,77.483,5.829,0.0729,0.0494
PHB_07234,Early Disease,1,0.6823,0.2902,0.6468,24.652,1.0055,25.902,64.617,6.646,0.0405,0.0656
PHB_09484,Moderate Illness,2,0.4835,0.5434,0.6412,26.321,1.1307,22.784,60.373,6.163,0.0512,0.0422
PHB_06821,Moderate Illness,2,0.5252,0.6116,0.6519,27.088,1.3048,23.427,74.633,6.143,0.0464,0.0513
PHB_01520,Healthy,0,0.8933,0.1306,0.9236,24.945,1.2477,27.14,69.298,6.108,0.0112,0.0191
PHB_08197,Moderate Illness,2,0.545,0.4986,0.4203,25.913,1.3601,26.809,67.64,6.576,0.0346,0.0528
PHB_01379,Moderate Illness,2,0.4947,0.5429,0.5856,26.958,1.3334,21.963,65.911,6.422,0.053,0.0248
PHB_05673,Early Disease,1,0.6192,0.2836,0.7463,25.667,1.2906,23.441,54.173,6.366,0.0344,0.0413
PHB_01024,Moderate Illness,2,0.5186,0.5485,0.7036,27.343,1.4475,23.695,51.141,6.541,0.042,0.0596
PHB_02588,Healthy,0,0.8465,0.0393,0.8933,25.853,1.2044,25.605,57.021,6.63,0.0071,0.0433
PHB_07043,Healthy,0,0.7148,0.1153,0.9472,23.382,1.0301,22.843,73.661,6.125,0.0206,0.0365
PHB_05622,Early Disease,1,0.7378,0.2844,0.7388,25.111,1.0844,27.925,72.019,6.534,0.0199,0.0494
PHB_07638,Severe Disease,3,0.38,0.814,0.4236,27.658,1.4102,25.721,66.281,6.446,0.0541,0.0643
PHB_05009,Moderate Illness,2,0.5462,0.6089,0.5692,27.475,1.2241,27.615,64.462,6.347,0.0532,0.0708
PHB_02858,Early Disease,1,0.7146,0.3585,0.6759,25.059,1.2135,22.881,61.919,6.45,0.019,0.0432
PHB_08255,Moderate Illness,2,0.5386,0.4699,0.5761,27.002,1.3689,25.194,65.324,6.452,0.0344,0.0566
PHB_05772,Severe Disease,3,0.276,0.7746,0.4368,26.326,1.3011,23.798,74.968,6.184,0.0592,0.0669
PHB_05843,Early Disease,1,0.751,0.2662,0.667,23.354,1.0713,26.854,63.709,6.525,0.0536,0.0282
PHB_08028,Moderate Illness,2,0.4871,0.4969,0.763,26.677,1.496,26.202,68.639,6.359,0.0506,0.0548
PHB_05833,Early Disease,1,0.6419,0.2154,0.6757,25.37,1.26,22.803,61.705,6.337,0.023,0.0453
PHB_01630,Early Disease,1,0.61,0.2148,0.785,24.742,1.2454,28.812,67.713,6.678,0.0462,0.0341
PHB_04889,Early Disease,1,0.6497,0.4216,0.7308,25.626,1.2571,27.753,61.289,6.614,0.0228,0.0436
PHB_04527,Moderate Illness,2,0.4611,0.5573,0.667,26.316,1.1272,24.884,61.725,5.963,0.0318,0.0714
PHB_03524,Early Disease,1,0.6606,0.3466,0.7844,25.809,1.119,23.153,62.071,6.355,0.0547,0.0427
PHB_05905,Early Disease,1,0.7449,0.2611,0.694,26.095,1.1704,24.289,69.631,6.474,0.0293,0.0473
PHB_07782,Early Disease,1,0.7118,0.4362,0.6626,25.028,1.0137,25.139,55.895,6.147,0.0294,0.033
PHB_03608,Healthy,0,0.8613,0.017,0.8284,25.355,1.0385,25.132,52.723,6.745,0.0339,0.0361
PHB_09419,Moderate Illness,2,0.4529,0.4391,0.5489,26.622,1.3529,24.291,67.046,6.487,0.061,0.0725
PHB_05221,Healthy,0,0.8209,0.0884,0.8759,24.821,1.1171,27.759,75.524,6.757,0.0236,0.0449
PHB_00235,Severe Disease,3,0.3253,0.6801,0.3754,27.465,1.2691,22.881,59.075,6.582,0.0527,0.0903
PHB_07756,Severe Disease,3,0.3786,0.7822,0.4241,26.734,1.5254,20.406,63.865,6.117,0.0571,0.081
PHB_03797,Moderate Illness,2,0.5806,0.5755,0.6328,26.335,1.5313,24.128,70.682,6.487,0.0511,0.0612
PHB_04119,Early Disease,1,0.4462,0.3254,0.6803,25.721,1.1778,25.811,62.718,6.181,0.0309,0.033
PHB_06319,Early Disease,1,0.7267,0.318,0.7806,25.146,1.1432,22.392,64.088,6.262,0.033,0.0376
PHB_05002,Moderate Illness,2,0.4985,0.4848,0.5541,26.237,1.2294,25.999,73.31,5.728,0.0588,0.0705
PHB_03801,Healthy,0,0.9416,0.1138,0.8067,24.319,0.9338,24.285,64.328,6.583,0.0196,0.0351
PHB_07810,Healthy,0,0.7843,0.2326,0.7839,24.426,1.1671,21.45,73.053,6.656,0.0206,0.0103
PHB_03900,Healthy,0,0.8847,0.0925,0.8327,25.138,1.0567,25.821,74.099,6.175,0.0293,0.0166
PHB_05025,Moderate Illness,2,0.4807,0.5303,0.5666,26.62,1.4429,25.835,66.528,5.939,0.0585,0.0582
PHB_01949,Healthy,0,0.9424,0.1333,0.8458,25.156,1.1438,26.355,73.462,6.353,0.0438,0.0496
PHB_06362,Moderate Illness,2,0.5112,0.4801,0.538,25.658,1.3703,27.42,51.821,6.072,0.0507,0.0688
PHB_00471,Early Disease,1,0.7046,0.3407,0.6539,26.179,1.4618,23.811,75.595,6.903,0.0399,0.0325
PHB_09945,Early Disease,1,0.6192,0.3646,0.792,24.98,1.0687,24.935,75.341,6.467,0.0391,0.0471
PHB_03493,Severe Disease,3,0.3142,0.7553,0.5306,27.227,1.5298,24.065,65.965,6.467,0.0588,0.0755
PHB_06092,Healthy,0,0.7785,0.0488,0.8615,22.82,1.094,25.674,60.37,5.933,0.0246,0.0229
PHB_02672,Early Disease,1,0.5842,0.3654,0.6925,25.923,1.3763,28.614,78.309,6.472,0.0463,0.0295
PHB_09801,Healthy,0,0.7547,0.0458,0.8931,24.424,1.0396,25.857,58.129,6.487,0.0144,0.0332
PHB_02225,Severe Disease,3,0.3069,0.7611,0.4696,28.014,1.4086,23.093,69.094,6.14,0.0588,0.0689
PHB_01107,Healthy,0,0.7753,0.1835,0.8273,24.244,1.1778,25.551,74.177,6.239,0.0071,0.0281
PHB_02189,Early Disease,1,0.6477,0.3264,0.8034,24.149,1.3437,26.973,69.267,6.415,0.0423,0.051
PHB_00819,Moderate Illness,2,0.441,0.5572,0.5849,26.218,1.8324,23.129,64.132,6.387,0.044,0.0592
PHB_05572,Healthy,0,0.955,0.055,0.8706,23.837,1.1306,29.248,69.751,6.74,0.0349,0.0474
PHB_04524,Severe Disease,3,0.369,0.7912,0.4326,27.774,1.3443,27.874,57.836,5.73,0.0603,0.0857
PHB_05794,Healthy,0,0.7996,0.2453,0.8476,22.632,1.1888,29.812,74.249,6.762,0.0412,0.0273
PHB_09382,Early Disease,1,0.7359,0.3648,0.7556,24.617,1.2502,23.528,64.451,6.092,0.0618,0.0699
PHB_08781,Moderate Illness,2,0.4423,0.5073,0.5151,24.47,1.6272,26.318,71.071,6.205,0.0551,0.0325
PHB_07460,Moderate Illness,2,0.6036,0.5551,0.683,26.455,1.4714,21.727,65.257,6.311,0.0427,0.0485
PHB_02625,Moderate Illness,2,0.5093,0.5422,0.5931,26.196,1.3171,24.932,72.449,6.17,0.0364,0.0688
PHB_07095,Moderate Illness,2,0.5221,0.484,0.4553,27.374,1.1448,25.783,62.47,6.681,0.0635,0.0469
PHB_09393,Moderate Illness,2,0.5569,0.525,0.6037,27.822,1.2626,24.93,66.911,6.19,0.0533,0.0324
PHB_09917,Moderate Illness,2,0.4968,0.4938,0.5545,25.626,1.5006,24.371,75.766,6.42,0.0569,0.0663
PHB_09120,Severe Disease,3,0.3919,0.664,0.4146,27.147,1.4998,24.729,59.108,5.886,0.0543,0.0796
PHB_00889,Healthy,0,0.9034,0.1453,0.9269,26.084,1.0869,23.628,61.335,6.127,0.0307,0.028
PHB_02438,Moderate Illness,2,0.4894,0.5227,0.5338,26.302,1.2389,20.525,51.225,6.344,0.0393,0.0706
PHB_06057,Healthy,0,0.8375,0.1577,0.942,24.214,1.1017,25.345,64.174,6.287,0.0245,0.0326
PHB_07065,Early Disease,1,0.7093,0.3559,0.5836,26.982,1.2476,26.836,65.005,6.372,0.028,0.0582
PHB_00818,Moderate Illness,2,0.4514,0.5117,0.5488,25.874,1.169,22.587,63.738,6.548,0.0431,0.0627
PHB_08935,Severe Disease,3,0.3081,0.702,0.5408,26.026,1.5214,28.588,58.675,5.935,0.0564,0.0783
PHB_03415,Early Disease,1,0.7101,0.3874,0.7671,25.518,1.0927,23.916,72.727,5.793,0.0545,0.0443
PHB_06353,Severe Disease,3,0.431,0.6784,0.3514,29.567,1.5319,26.979,73.622,6.078,0.0628,0.086
PHB_02342,Healthy,0,0.901,0.1181,0.813,23.594,1.1381,24.831,78.331,6.556,0.0194,0.0331
PHB_09030,Healthy,0,0.825,0.1245,0.781,24.595,0.8976,28.188,69.9,6.469,0.023,0.0325
PHB_03168,Healthy,0,0.8341,0.0065,0.9284,24.16,1.0594,25.282,67.341,6.438,0.0154,0.0197
PHB_01810,Healthy,0,1.2,0.0926,1.0147,24.38,1.2788,21.714,66.419,6.26,0.0184,0.0255
PHB_08036,Severe Disease,3,0.2702,0.7286,0.4254,28.768,1.3519,27.581,57.294,6.384,0.068,0.0562
PHB_01265,Moderate Illness,2,0.6534,0.6209,0.5063,27.239,1.2756,26.378,62.069,6.436,0.0385,0.0625
PHB_05087,Severe Disease,3,0.3353,0.7678,0.5621,27.629,1.1841,24.534,56.921,6.212,0.0709,0.07
PHB_09676,Healthy,0,0.7186,0.0669,0.8186,25.063,1.2212,23.803,61.092,6.207,0.0064,0.0365
PHB_05836,Healthy,0,0.7883,0.0811,0.8867,24.507,1.117,24.368,65.986,6.798,0.0248,0.0259
PHB_05195,Severe Disease,3,0.314,0.7394,0.5151,27.978,1.2501,24.291,55.632,5.84,0.0635,0.0884
PHB_04450,Healthy,0,0.8529,0.1954,0.9798,24.305,0.9857,22.099,58.544,6.785,0.0234,0.0383
PHB_04946,Severe Disease,3,0.439,0.6881,0.4724,27.236,1.2031,25.786,60.683,6.204,0.0559,0.0573
PHB_04046,Early Disease,1,0.7362,0.3421,0.6983,25.153,1.4013,30.359,56.809,6.851,0.0338,0.0382
PHB_06504,Severe Disease,3,0.2736,0.802,0.3708,27.961,1.2962,27.721,55.26,6.14,0.0606,0.0574
PHB_03703,Moderate Illness,2,0.4643,0.5108,0.5837,25.598,1.2849,21.874,68.632,6.407,0.0633,0.0637
PHB_01036,Moderate Illness,2,0.4814,0.4653,0.6037,26.539,1.2518,24.844,71.732,5.931,0.043,0.0524
PHB_09257,Moderate Illness,2,0.4963,0.4351,0.5863,25.987,1.4109,22.645,62.531,6.407,0.066,0.0783
PHB_05591,Early Disease,1,0.6029,0.3498,0.8133,26.012,1.3104,26.028,66.083,6.452,0.0107,0.0391
PHB_01229,Severe Disease,3,0.4765,0.6851,0.4674,27.712,1.4604,27.804,62.229,6.406,0.075,0.0797
PHB_10000,Early Disease,1,0.7369,0.3443,0.6383,26.549,1.0865,25.823,71.337,6.387,0.022,0.0392
PHB_06812,Early Disease,1,0.6419,0.304,0.7982,25.255,1.0652,24.962,72.546,6.168,0.0439,0.0493
PHB_05142,Moderate Illness,2,0.5283,0.517,0.5175,26.545,1.2672,25.389,63.918,6.127,0.0509,0.055
PHB_00053,Severe Disease,3,0.292,0.7501,0.5503,27.207,1.6049,24.309,63.782,5.915,0.045,0.0886
PHB_09068,Moderate Illness,2,0.5212,0.5206,0.6594,25.887,1.387,22.58,62.483,6.221,0.0472,0.0638
PHB_08396,Moderate Illness,2,0.5287,0.5767,0.6072,25.881,1.2638,25.397,65.866,6.516,0.0474,0.0591
PHB_00160,Severe Disease,3,0.3171,0.7609,0.5587,27.29,1.2897,26.766,69.378,6.464,0.0686,0.0672
PHB_07553,Early Disease,1,0.5618,0.3887,0.773,24.171,1.3451,24.152,67.696,6.106,0.0284,0.0451
PHB_01588,Moderate Illness,2,0.5168,0.5808,0.5369,26.448,1.4033,22.616,68.705,5.678,0.0544,0.0513
PHB_01590,Healthy,0,0.7315,0.1608,0.9264,24.594,1.1428,25.091,72.337,6.626,0.0195,0.0384
PHB_09842,Healthy,0,0.846,0.1193,0.8883,23.236,1.0012,19.234,66.269,6.916,0.0184,0.0424
PHB_09329,Healthy,0,0.7245,0.0404,0.9181,23.93,1.2255,22.388,63.288,6.651,0.008,0.0548
PHB_06931,Healthy,0,0.7944,0.1519,0.8242,23.258,0.9881,26.095,67.746,6.538,0.0433,0.0229
PHB_06597,Healthy,0,0.8366,0.1714,0.9226,24.363,1.1116,23.306,71.684,6.767,0.0134,0.0613
PHB_06175,Early Disease,1,0.7233,0.203,0.7726,26.189,1.2506,23.475,65.206,6.071,0.0376,0.0433
PHB_08099,Early Disease,1,0.6669,0.305,0.8029,25.02,1.1467,26.958,66.514,6.172,0.0329,0.0685
PHB_03859,Moderate Illness,2,0.4732,0.4904,0.6176,26.914,1.325,21.437,67.223,5.933,0.0523,0.064
PHB_09815,Severe Disease,3,0.4124,0.72,0.5219,27.098,1.3168,23.251,82.344,6.502,0.0734,0.0618
PHB_06692,Healthy,0,0.8806,0.1143,0.7657,23.793,1.2472,22.807,73.233,6.344,0.0313,0.0246
PHB_02829,Severe Disease,3,0.3166,0.6885,0.5116,28.344,1.4369,24.713,53.857,6.212,0.0596,0.0688
PHB_00437,Healthy,0,0.7583,0.0988,0.9049,25.059,1.0637,24.349,67.228,6.327,0.0155,0.0407
PHB_08275,Early Disease,1,0.6249,0.4191,0.708,24.912,1.3904,24.886,60.627,6.324,0.0316,0.047
PHB_08169,Healthy,0,0.932,0.1005,0.8967,22.403,1.1072,21.963,60.311,6.428,0.0135,0.0247
PHB_03879,Healthy,0,0.8585,0.1052,0.9762,24.621,1.1156,24.436,64.946,6.935,0.0446,0.0518
PHB_01589,Early Disease,1,0.6101,0.3354,0.6495,25.24,1.2174,23.42,65.256,6.355,0.024,0.0482
PHB_02781,Healthy,0,0.7825,0.0491,0.9196,24.872,1.0276,21.683,69.281,6.371,0.001,0.036
PHB_08982,Moderate Illness,2,0.4508,0.516,0.4951,25.921,1.1768,25.629,68.742,6.667,0.0486,0.0612
PHB_08562,Healthy,0,0.795,0.046,0.9251,23.274,1.2494,22.055,64.73,6.208,0.0274,0.044
PHB_05687,Healthy,0,0.8748,0.1821,0.9051,25.586,1.1301,27.036,73.092,6.634,0.0162,0.0204
PHB_03966,Healthy,0,0.8328,0.1253,0.8658,24.951,1.1857,25.327,81.634,6.16,0.0217,0.0487
PHB_04728,Early Disease,1,0.6581,0.379,0.8039,24.799,1.0796,22.534,74.387,6.419,0.0387,0.0145
PHB_00974,Severe Disease,3,0.3769,0.7903,0.5662,26.683,1.2687,24.256,71.518,5.892,0.0606,0.0556
PHB_01239,Healthy,0,0.8172,0.1485,0.8795,23.766,1.0705,23.737,58.199,6.53,0.0011,0.0261
PHB_02952,Severe Disease,3,0.3454,0.7706,0.4303,26.587,1.5267,25.392,53.081,6.614,0.0716,0.0687
PHB_02343,Moderate Illness,2,0.4465,0.4793,0.6917,26.418,1.3318,26.154,62.418,6.468,0.0643,0.0574
PHB_06521,Severe Disease,3,0.2899,0.8007,0.421,26.113,1.565,24.705,71.196,6.098,0.0664,0.0715
PHB_07311,Early Disease,1,0.6254,0.3174,0.8341,25.805,1.0784,22.491,61.345,6.316,0.0374,0.0529
PHB_06047,Early Disease,1,0.6118,0.342,0.7332,24.723,1.0456,26.012,63.258,6.44,0.0308,0.0495
PHB_02159,Early Disease,1,0.6691,0.3015,0.7583,24.865,1.2029,25.801,75.428,6.836,0.0397,0.0353
PHB_09289,Early Disease,1,0.7176,0.3451,0.6151,24.908,1.1888,23.758,66.195,6.441,0.0307,0.057
PHB_06590,Moderate Illness,2,0.6372,0.541,0.6059,26.612,1.4187,25.595,67.095,6.153,0.0535,0.06
PHB_01498,Moderate Illness,2,0.4155,0.5506,0.537,25.39,1.3495,26.212,59.572,6.259,0.0508,0.0601
PHB_04546,Early Disease,1,0.6393,0.2859,0.9034,26.456,1.1684,28.317,52.367,6.29,0.0391,0.0599
PHB_06466,Severe Disease,3,0.3015,0.7557,0.5035,26.602,1.369,25.808,66.307,6.216,0.0458,0.0667
PHB_04258,Early Disease,1,0.8195,0.2949,0.5654,25.264,1.2417,25.387,76.121,6.684,0.0438,0.0396
PHB_02423,Severe Disease,3,0.3755,0.7499,0.5518,26.544,1.3682,24.082,59.193,6.02,0.0602,0.0779
PHB_08565,Early Disease,1,0.7335,0.3021,0.6542,24.893,0.9934,25.863,69.303,6.104,0.0503,0.0278
PHB_05186,Severe Disease,3,0.4081,0.782,0.4821,28.861,1.2814,26.578,69.207,6.315,0.0491,0.0604
PHB_05648,Healthy,0,0.9246,0.1253,0.7611,23.6,1.173,26.594,73.91,6.45,0.0304,0.0261
PHB_00358,Severe Disease,3,0.3019,0.701,0.4146,28.315,1.5985,25.128,68.047,6.181,0.0602,0.0683
PHB_05243,Early Disease,1,0.7134,0.3263,0.8284,25.902,1.154,23.584,62.002,5.97,0.0355,0.0446
PHB_08012,Moderate Illness,2,0.4619,0.5039,0.5345,25.957,1.3372,28.566,53.638,6.143,0.0516,0.0494
PHB_09241,Early Disease,1,0.7142,0.2957,0.6968,24.418,1.1337,23.056,73.466,6.757,0.0432,0.0368
PHB_02093,Moderate Illness,2,0.5213,0.5865,0.5018,27.042,1.3682,24.579,61.506,6.192,0.0487,0.0461
PHB_05410,Severe Disease,3,0.2338,0.7831,0.4268,27.545,1.5476,23.563,62.655,6.269,0.0735,0.0703
PHB_02016,Moderate Illness,2,0.4529,0.5312,0.5221,26.932,1.2076,24.652,62.89,6.484,0.0454,0.0838
PHB_09060,Severe Disease,3,0.3467,0.7589,0.4332,28.125,1.41,26.601,57.993,5.775,0.0653,0.0678
PHB_04045,Early Disease,1,0.6644,0.3591,0.7094,26.588,1.2618,24.966,56.355,6.609,0.0353,0.0436
PHB_00188,Healthy,0,0.8314,0.1174,0.7921,24.005,1.1561,29.363,69.078,6.264,0.0346,0.0361
PHB_06859,Healthy,0,0.8177,0.2404,0.8579,24.165,1.098,23.244,73.421,6.525,0.0363,0.0215
PHB_03656,Healthy,0,0.8397,0.0636,0.9508,24.25,0.809,25.804,80.989,6.846,0.0036,0.0364
PHB_03427,Healthy,0,0.7276,0.1359,0.8718,24.72,1.0582,22.943,66.155,6.439,0.0401,0.0323
PHB_07195,Severe Disease,3,0.2961,0.775,0.4513,27.637,1.3289,22.967,54.338,6.366,0.0453,0.0694
PHB_01382,Healthy,0,0.7609,0.183,0.865,24.833,1.0239,27.191,82.616,6.226,0.0356,0.0438
PHB_07469,Severe Disease,3,0.3269,0.7753,0.4753,27.805,1.335,26.222,62.844,5.814,0.073,0.0885
PHB_00414,Severe Disease,3,0.3742,0.6832,0.4631,28.821,1.6012,25.394,59.059,6.098,0.0681,0.0717
PHB_05038,Healthy,0,0.7329,0.2003,0.887,24.694,1.3613,21.669,76.862,6.294,0.0295,0.0241
PHB_04898,Moderate Illness,2,0.4143,0.5975,0.6071,27.101,1.1882,23.66,60.872,5.986,0.0507,0.0695
PHB_03337,Moderate Illness,2,0.6097,0.646,0.6436,25.997,1.2795,27.311,80.723,6.692,0.055,0.0475
PHB_03607,Healthy,0,0.7128,0.1623,0.9515,24.614,1.0066,25.16,73.077,6.265,0.0365,0.0289
PHB_03176,Healthy,0,0.7628,0.149,0.818,24.106,1.087,26.378,68.721,6.709,0.025,0.0362
PHB_02242,Healthy,0,0.8023,0.0804,0.9125,24.392,1.2882,27.128,69.774,6.033,0.0312,0.0453
PHB_09709,Severe Disease,3,0.2379,0.6582,0.4115,28.459,1.2854,22.586,59.988,5.949,0.0708,0.0533
PHB_07797,Healthy,0,0.8292,0.1463,0.8635,24.192,1.0677,28.362,69.618,6.254,0.0384,0.0394
PHB_00257,Severe Disease,3,0.3252,0.677,0.616,27.608,1.4941,23.328,65.924,6.414,0.0587,0.0775
PHB_08621,Severe Disease,3,0.4008,0.6367,0.5163,27.229,1.3821,27.898,73.774,6.118,0.0649,0.0914
PHB_00201,Severe Disease,3,0.3778,0.6234,0.4435,27.353,1.4457,22.942,65.66,5.988,0.05,0.0951
PHB_02236,Severe Disease,3,0.3336,0.673,0.3125,28.098,1.5804,27.968,75.648,6.1,0.0582,0.0589
PHB_04744,Early Disease,1,0.6425,0.334,0.6383,24.913,1.3981,24.257,76.535,6.056,0.0359,0.0363
PHB_01768,Healthy,0,0.8106,0.0841,0.9159,23.914,1.0932,23.869,64.922,6.34,0.0338,0.0329
PHB_04237,Early Disease,1,0.6987,0.3267,0.7081,27.24,1.266,20.891,68.076,6.228,0.0311,0.0283
PHB_06730,Moderate Illness,2,0.504,0.4311,0.6257,25.464,1.264,28.95,72.793,6.194,0.0502,0.0711
PHB_08451,Severe Disease,3,0.4406,0.7109,0.3324,26.494,1.3503,25.317,64.676,6.299,0.0501,0.0475
PHB_07278,Moderate Illness,2,0.5162,0.4972,0.5873,27.471,1.5597,23.741,61.009,6.241,0.0581,0.0618
PHB_01573,Moderate Illness,2,0.4735,0.5857,0.6739,27.448,1.2274,23.203,75.488,6.271,0.0632,0.0409
PHB_00025,Severe Disease,3,0.2568,0.6718,0.4888,27.453,1.2027,25.361,64.199,6.031,0.0371,0.0726
PHB_03364,Moderate Illness,2,0.5436,0.3876,0.6106,25.506,1.068,23.356,67.55,6.434,0.0428,0.0632
PHB_01089,Early Disease,1,0.6732,0.2216,0.6911,24.099,1.2073,23.487,71.113,6.197,0.0445,0.0399
PHB_04675,Moderate Illness,2,0.5892,0.5537,0.6359,26.648,1.1811,23.264,72.152,6.122,0.0419,0.0526
PHB_02695,Severe Disease,3,0.4745,0.6532,0.3527,27.687,1.3413,24.2,64.986,6.32,0.0657,0.0802
PHB_07583,Healthy,0,0.7667,0.1209,0.8371,24.749,1.2602,25.264,73.682,6.858,0.0336,0.0394
PHB_03399,Moderate Illness,2,0.4913,0.518,0.6978,24.85,1.2574,25.634,62.651,6.273,0.0556,0.0608
PHB_03560,Moderate Illness,2,0.5048,0.5957,0.5299,27.114,1.1597,23.882,73.442,6.509,0.0575,0.0435
PHB_09157,Early Disease,1,0.6952,0.2842,0.7621,25.585,1.1178,20.733,80.593,6.432,0.0342,0.0535
PHB_02842,Early Disease,1,0.69,0.3486,0.7939,26.213,1.4401,22.218,62.124,6.072,0.0422,0.0308
PHB_02312,Healthy,0,0.7906,0.0427,0.8893,23.983,0.7724,23.602,65.375,6.079,0.0298,0.0297
PHB_08334,Moderate Illness,2,0.5617,0.5035,0.6285,27.641,1.0659,25.764,68.892,6.155,0.0369,0.0469
PHB_03235,Healthy,0,0.7758,0.1945,0.7131,24.938,1.2277,25.611,69.28,6.537,0.0225,0.0295
PHB_04153,Early Disease,1,0.7169,0.2694,0.6734,30.454,1.1479,26.278,65.602,6.354,0.049,0.0517
PHB_01310,Severe Disease,3,0.3406,0.7221,0.5186,27.6,1.3118,27.741,62.399,6.252,0.0597,0.0691
PHB_00696,Moderate Illness,2,0.6415,0.5791,0.6243,32.358,1.4506,20.818,56.35,6.162,0.0534,0.0631
PHB_09860,Moderate Illness,2,0.5026,0.602,0.6684,27.057,1.2015,21.579,56.404,6.054,0.0427,0.0634
PHB_03753,Early Disease,1,0.7507,0.3697,0.8554,24.789,1.28,25.794,71.352,6.288,0.0295,0.0418
PHB_06338,Early Disease,1,0.7123,0.286,0.9114,25.93,1.2128,28.321,71.52,6.29,0.0472,0.0525
PHB_01228,Early Disease,1,0.775,0.3151,0.7922,25.729,1.1885,21.164,72.646,6.111,0.0313,0.0688
PHB_02000,Moderate Illness,2,0.4423,0.5446,0.6437,26.888,1.4466,22.623,72.337,6.364,0.059,0.0563
PHB_00277,Early Disease,1,0.5933,0.3521,0.5941,24.852,1.0416,24.596,75.37,6.542,0.0197,0.0523
PHB_08177,Moderate Illness,2,0.4623,0.4483,0.5776,25.79,1.1352,24.411,50.684,6.406,0.0369,0.0707
PHB_07665,Healthy,0,0.9097,0.2032,0.8768,24.577,1.3253,28.103,76.809,6.024,0.0115,0.0396
PHB_05930,Healthy,0,0.8292,0.1799,1.0128,24.532,1.1832,24.843,67.425,6.289,0.001,0.0334
PHB_02954,Severe Disease,3,0.4108,0.742,0.4447,27.335,1.4294,26.138,66.253,6.551,0.0644,0.0613
PHB_03638,Healthy,0,0.7642,0.2066,0.8187,25.657,1.2542,24.943,60.313,6.498,0.0219,0.0392
PHB_03907,Severe Disease,3,0.4008,0.7435,0.5055,27.026,1.2475,21.269,62.985,6.563,0.0603,0.0781
PHB_04779,Early Disease,1,0.6632,0.2209,0.7596,24.476,1.3483,23.027,73.741,6.088,0.0408,0.0516
PHB_05846,Severe Disease,3,0.322,0.6731,0.4372,27.014,1.3576,26.109,59.304,6.169,0.071,0.0679
PHB_09699,Healthy,0,0.7678,0.1491,0.8933,25.193,0.8909,19.255,71.32,6.347,0.0149,0.0234
PHB_04118,Severe Disease,3,0.3353,0.6194,0.5898,26.123,1.2482,24.832,63.158,5.658,0.0573,0.095
PHB_07031,Healthy,0,0.8525,0.1247,0.8864,25.799,1.2528,24.582,59.51,6.649,0.033,0.0276
PHB_01138,Early Disease,1,0.7044,0.3761,0.7417,25.2,1.237,25.141,69.693,6.529,0.0407,0.0433
PHB_02768,Moderate Illness,2,0.4554,0.4478,0.6066,26.082,0.9641,23.642,63.706,6.321,0.047,0.0482
PHB_02335,Early Disease,1,0.6754,0.2238,0.634,24.916,1.2485,22.307,76.901,6.497,0.022,0.0337
PHB_07707,Healthy,0,0.7237,0.0718,0.8636,24.312,0.9443,26.399,66.524,6.494,0.0511,0.0419
PHB_00943,Healthy,0,0.7992,0.1275,0.875,25.227,1.2127,19.244,69.657,6.155,0.0221,0.0305
PHB_07663,Moderate Illness,2,0.5309,0.5381,0.7814,27.588,1.4082,31.911,72.222,6.223,0.0499,0.0465
PHB_02491,Severe Disease,3,0.2954,0.6653,0.5025,26.702,1.3914,24.175,49.003,6.415,0.0577,0.0807
PHB_09680,Early Disease,1,0.6271,0.3754,0.7578,25.891,0.9728,21.929,65.127,6.768,0.0328,0.0582
PHB_06291,Moderate Illness,2,0.4695,0.4578,0.6269,27.066,1.1725,26.624,69.7,6.312,0.04,0.0851
PHB_04936,Healthy,0,0.8312,0.1342,0.794,23.721,1.2276,26.336,71.365,6.417,0.0391,0.0454
PHB_03936,Early Disease,1,0.6214,0.3363,0.8679,24.175,1.3618,22.899,64.664,6.701,0.0361,0.0558
PHB_06957,Early Disease,1,0.7299,0.3027,0.7516,24.394,1.2857,25.906,69.564,5.967,0.0227,0.0246
PHB_02385,Healthy,0,0.8183,0.1327,0.9045,23.695,1.0179,27.279,71.073,6.439,0.0354,0.0314
PHB_00116,Severe Disease,3,0.3669,0.7122,0.5209,26.988,1.5268,24.437,65.347,6.444,0.0505,0.0736
PHB_01864,Moderate Illness,2,0.4229,0.5708,0.4943,27.941,1.323,23.763,73.112,6.067,0.0523,0.0558
PHB_09977,Moderate Illness,2,0.45,0.515,0.62,26.611,1.4048,23.761,60.084,6.135,0.0614,0.0532
PHB_03120,Early Disease,1,0.7505,0.2744,0.7449,26.653,1.2143,24.877,60.178,6.582,0.0326,0.0493
PHB_04259,Severe Disease,3,0.4049,0.6901,0.4675,26.765,1.4145,26.802,60.398,6.129,0.0587,0.0914
PHB_06706,Early Disease,1,0.6869,0.4066,0.8065,24.997,1.1249,21.784,73.686,5.834,0.0576,0.0463
PHB_00903,Healthy,0,0.7771,0.2067,0.8533,24.492,1.0168,23.306,76.358,6.306,0.0201,0.0167
PHB_02820,Severe Disease,3,0.4,0.6076,0.47,26.808,1.1613,27.506,71.058,6.125,0.0491,0.0661
PHB_03823,Moderate Illness,2,0.5112,0.426,0.6159,27.333,1.3531,28.716,68.017,6.439,0.0549,0.0523
PHB_08162,Moderate Illness,2,0.539,0.5305,0.6548,27.181,1.1754,25.039,52.414,6.286,0.0622,0.0552
PHB_06891,Moderate Illness,2,0.5696,0.6683,0.4513,27.088,1.5135,23.021,51.355,6.145,0.061,0.0324
PHB_09091,Moderate Illness,2,0.5852,0.5236,0.5886,26.744,1.5903,23.873,68.361,6.283,0.0523,0.0466
PHB_04700,Severe Disease,3,0.3737,0.7783,0.3813,26.982,1.4328,24.375,61.896,6.335,0.058,0.0587
PHB_08919,Severe Disease,3,0.3868,0.8103,0.5503,28.025,1.1357,27.288,64.004,5.932,0.0596,0.0703
PHB_03803,Early Disease,1,0.6515,0.2872,0.7112,24.907,1.0853,21.825,71.649,6.218,0.0299,0.0492
PHB_06069,Early Disease,1,0.7562,0.3055,0.7652,26.013,1.356,22.993,66.979,6.172,0.0562,0.0476
PHB_05811,Moderate Illness,2,0.5408,0.4952,0.583,25.742,1.5266,22.208,63.856,6.393,0.0491,0.0701
PHB_03537,Healthy,0,0.857,0.1564,0.9374,29.044,1.1313,21.724,85.627,6.626,0.0451,0.0191
PHB_03826,Moderate Illness,2,0.4927,0.5098,0.6264,28.058,1.2288,23.51,67.703,6.34,0.0454,0.0595
PHB_08643,Healthy,0,0.8903,0.1517,0.9873,24.657,1.034,25.219,64.906,6.192,0.0223,0.0286
PHB_08609,Early Disease,1,0.609,0.3121,0.7439,25.584,1.3257,23.786,55.545,5.834,0.0399,0.0529
PHB_04811,Moderate Illness,2,0.4536,0.4643,0.6324,26.612,1.2944,26.014,64.876,6.062,0.0312,0.0503
PHB_01947,Healthy,0,0.8084,0.081,0.9105,24.039,1.1602,24.187,76.542,6.593,0.0067,0.0295
PHB_08601,Moderate Illness,2,0.5586,0.3988,0.5441,26.336,1.1432,24.076,70.235,6.225,0.063,0.0397
PHB_07137,Healthy,0,0.7018,0.1615,0.8038,24.323,1.3323,18.631,83.997,6.63,0.0227,0.0581
PHB_05336,Severe Disease,3,0.287,0.6981,0.5056,27.528,1.1175,26.316,70.215,6.344,0.0633,0.0934
PHB_03489,Healthy,0,0.7716,0.1074,0.9512,23.72,1.1703,25.385,70.924,6.51,0.0138,0.026
PHB_01611,Early Disease,1,0.7311,0.2906,0.7693,25.921,1.2012,27.051,59.512,6.186,0.0384,0.0576
PHB_07462,Moderate Illness,2,0.5271,0.521,0.6973,26.734,2.0,24.375,64.045,6.3,0.0616,0.0709
PHB_08474,Healthy,0,0.8116,0.1019,0.9333,23.981,1.0398,25.454,62.88,6.275,0.0337,0.0247
PHB_04678,Healthy,0,0.7911,0.0812,0.8464,23.338,0.8842,28.389,78.332,6.426,0.0271,0.0359
PHB_04960,Moderate Illness,2,0.5162,0.4649,0.5624,27.684,1.3512,18.364,56.023,6.312,0.053,0.0715
PHB_05868,Moderate Illness,2,0.4488,0.4732,0.6064,25.226,1.2062,24.971,62.967,6.813,0.0509,0.0525
PHB_08764,Moderate Illness,2,0.3516,0.5028,0.5465,25.441,1.181,23.569,60.742,6.232,0.04,0.0536
PHB_04762,Moderate Illness,2,0.5524,0.5319,0.5812,25.466,1.3716,26.467,66.278,6.283,0.0546,0.0511
PHB_02195,Moderate Illness,2,0.4903,0.5147,0.6077,26.482,1.5106,22.76,82.003,6.072,0.0601,0.0623
PHB_08004,Healthy,0,0.795,0.1037,0.9521,24.617,1.0979,26.493,67.729,6.398,0.0189,0.0385
PHB_05702,Healthy,0,0.9136,0.1717,0.8468,25.026,1.289,22.854,77.841,6.801,0.0294,0.0285
PHB_05114,Severe Disease,3,0.3841,0.7939,0.4836,28.275,1.1524,25.125,55.935,6.28,0.0715,0.0725
PHB_00558,Early Disease,1,0.747,0.3803,0.7709,24.907,1.4424,26.105,59.746,6.42,0.0401,0.0482
PHB_08066,Healthy,0,0.7987,0.1255,0.7922,24.815,1.1486,22.233,69.365,6.399,0.0204,0.0319
PHB_05140,Severe Disease,3,0.3151,0.7367,0.4046,28.342,1.4463,24.255,72.036,6.201,0.0673,0.0628
PHB_01208,Early Disease,1,0.7494,0.3066,0.6689,25.219,1.1949,25.004,62.719,6.799,0.0324,0.0371
PHB_07034,Healthy,0,0.8485,0.0341,0.9252,24.876,1.2665,27.457,60.707,6.59,0.0196,0.0446
PHB_07310,Early Disease,1,0.7254,0.2573,0.6715,24.957,1.2406,24.179,62.545,6.676,0.0428,0.0355
PHB_01511,Healthy,0,0.8942,0.0,0.9464,24.112,1.0899,23.929,66.576,6.954,0.0348,0.0416
PHB_06770,Early Disease,1,0.5922,0.3027,0.8187,25.189,1.2777,23.293,60.736,6.465,0.0451,0.0402
PHB_03830,Moderate Illness,2,0.5725,0.4928,0.6454,27.564,1.4282,27.393,72.668,6.335,0.0435,0.0714
PHB_03733,Moderate Illness,2,0.5645,0.5284,0.5007,25.776,1.3039,25.5,81.222,6.157,0.0481,0.0446
PHB_07958,Early Disease,1,0.7101,0.2322,0.7446,24.607,0.995,26.896,60.95,6.045,0.0202,0.0453
PHB_03212,Moderate Illness,2,0.4879,0.5793,0.6844,26.288,1.2146,25.992,59.212,6.347,0.0357,0.0345
PHB_03631,Healthy,0,0.7489,0.0652,1.0217,24.014,0.861,25.248,73.459,6.026,0.0304,0.0275
PHB_01709,Severe Disease,3,0.3759,0.7039,0.489,27.542,1.4208,22.71,68.129,6.288,0.0736,0.0786
PHB_01846,Moderate Illness,2,0.5137,0.4659,0.6066,27.232,1.1987,24.714,53.773,6.384,0.0542,0.0436
PHB_00267,Early Disease,1,0.5906,0.3283,0.8117,25.226,1.2189,24.668,70.381,6.782,0.0315,0.0293
PHB_05986,Early Disease,1,0.5663,0.3542,0.767,25.356,1.3118,23.975,70.869,6.175,0.0353,0.0596
PHB_01141,Early Disease,1,0.5353,0.3663,0.7896,25.4,1.2811,24.965,69.901,6.021,0.0345,0.0331
PHB_03163,Healthy,0,0.7705,0.0863,0.7736,25.153,1.0129,29.422,73.84,6.674,0.0119,0.0293
PHB_06208,Early Disease,1,0.6091,0.3217,0.7275,26.184,1.3266,25.114,76.144,6.645,0.0257,0.0516
PHB_02047,Early Disease,1,0.6325,0.2415,0.7499,25.048,1.1887,24.911,69.982,6.687,0.0482,0.0515
PHB_03731,Severe Disease,3,0.3734,0.7732,0.5902,28.24,1.3097,25.693,69.292,6.53,0.0614,0.0763
PHB_01910,Severe Disease,3,0.3177,0.694,0.5144,26.349,1.2618,26.241,61.586,6.47,0.0782,0.0764
PHB_07308,Severe Disease,3,0.4536,0.6297,0.4679,26.984,1.4913,25.549,71.864,6.283,0.0544,0.0717
PHB_02661,Severe Disease,3,0.3364,0.7041,0.5483,27.1,1.511,26.865,53.448,6.097,0.0788,0.0781
PHB_00657,Severe Disease,3,0.2615,0.6773,0.5929,26.952,1.6295,25.774,73.165,6.134,0.0599,0.0617
PHB_06661,Early Disease,1,0.7004,0.3073,0.7258,26.162,1.2526,24.461,71.293,6.446,0.0471,0.0491
PHB_01308,Moderate Illness,2,0.6158,0.4821,0.713,25.569,1.2997,27.877,75.758,6.259,0.0511,0.0501
PHB_09430,Severe Disease,3,0.3345,0.67,0.5558,26.727,1.1397,22.9,61.124,6.245,0.0596,0.0455
PHB_00999,Severe Disease,3,0.4147,0.8021,0.3184,26.825,1.4889,24.245,70.721,6.309,0.0487,0.0741
PHB_07433,Moderate Illness,2,0.4727,0.5105,0.6016,25.646,1.2126,23.776,65.675,6.204,0.0507,0.0612
PHB_02835,Moderate Illness,2,0.5672,0.4764,0.4962,26.612,1.5055,24.741,75.087,6.103,0.0405,0.0612
PHB_09179,Severe Disease,3,0.3466,0.777,0.4405,27.074,1.2339,25.326,76.732,6.236,0.0691,0.0419
PHB_05881,Early Disease,1,0.6241,0.3144,0.8232,24.383,0.9796,21.614,68.198,6.465,0.0453,0.0392
PHB_01238,Early Disease,1,0.6571,0.3224,0.7454,26.728,1.3373,21.787,67.532,6.218,0.0376,0.0619
PHB_02152,Healthy,0,0.8482,0.2385,0.9101,23.761,1.2738,23.266,87.005,6.321,0.0113,0.041
PHB_07920,Early Disease,1,0.6882,0.2804,0.8143,25.958,1.4284,26.955,56.024,6.487,0.0336,0.0282
PHB_09696,Early Disease,1,0.6722,0.3769,0.6189,24.606,1.3488,26.354,65.712,6.45,0.0362,0.0084
PHB_07190,Moderate Illness,2,0.5223,0.4724,0.6319,26.664,1.253,23.164,76.105,6.137,0.0529,0.0512
PHB_08304,Early Disease,1,0.6793,0.2622,0.8039,25.378,1.4413,25.799,66.786,6.113,0.0314,0.0474
PHB_06579,Severe Disease,3,0.396,0.7229,0.4569,27.318,1.5624,31.202,63.571,6.118,0.0499,0.0492
PHB_05092,Severe Disease,3,0.3148,0.8142,0.4138,27.818,1.4502,25.543,64.443,6.016,0.0466,0.0829
PHB_02187,Severe Disease,3,0.2725,0.8097,0.5189,27.291,1.4524,25.121,46.367,6.253,0.0782,0.0659
PHB_01135,Severe Disease,3,0.3227,0.6965,0.3743,27.358,1.2392,23.465,59.158,6.267,0.0468,0.1
PHB_05005,Healthy,0,0.7573,0.1313,0.8488,25.504,0.9329,25.042,73.383,6.141,0.0028,0.0505
PHB_07975,Severe Disease,3,0.325,0.7826,0.4443,27.245,1.1908,24.151,62.335,6.173,0.0489,0.0828
PHB_01304,Early Disease,1,0.6276,0.2209,0.8139,26.527,1.3915,23.952,76.928,6.539,0.0407,0.0429
PHB_08469,Moderate Illness,2,0.4892,0.5281,0.5939,26.965,1.2532,27.951,57.858,6.558,0.0506,0.0562
PHB_01628,Healthy,0,0.8452,0.102,0.8295,24.843,1.217,22.951,73.666,7.215,0.0291,0.041
PHB_09282,Severe Disease,3,0.3491,0.7002,0.4578,27.997,1.2648,23.975,57.088,6.737,0.0698,0.0846
PHB_01523,Severe Disease,3,0.2463,0.6978,0.4503,26.328,1.4132,25.482,51.334,5.833,0.0538,0.0627
PHB_09811,Early Disease,1,0.668,0.3786,0.7084,23.666,1.307,22.313,65.081,6.285,0.03,0.0547
PHB_00359,Early Disease,1,0.6914,0.4255,0.6496,25.976,1.2318,24.442,75.744,6.646,0.0544,0.0434
PHB_00139,Severe Disease,3,0.394,0.7538,0.2636,27.129,1.4612,27.497,65.026,6.383,0.0835,0.0807
PHB_00300,Moderate Illness,2,0.5328,0.4205,0.6462,25.861,1.4145,21.898,67.153,6.699,0.0542,0.0494
PHB_01557,Severe Disease,3,0.3552,0.7148,0.5648,27.861,1.3529,25.633,55.498,5.863,0.0561,0.0776
PHB_05100,Severe Disease,3,0.2966,0.6293,0.451,27.941,1.3002,24.828,73.983,6.75,0.0734,0.0471
PHB_00383,Severe Disease,3,0.3765,0.7579,0.4768,26.486,1.3654,27.675,65.04,6.267,0.0632,0.0748
PHB_08313,Healthy,0,0.8232,0.1233,0.8357,25.775,0.9742,25.874,55.604,6.512,0.0226,0.0308
PHB_06949,Moderate Illness,2,0.5209,0.57,0.6598,26.249,1.2398,26.312,69.803,6.465,0.0392,0.041
PHB_04858,Moderate Illness,2,0.4508,0.5151,0.7502,25.946,1.2454,24.887,58.241,6.2,0.0567,0.0694
PHB_03181,Severe Disease,3,0.3435,0.7392,0.4322,27.127,1.6066,22.127,66.662,5.736,0.076,0.075
PHB_01440,Severe Disease,3,0.4053,0.7048,0.5174,27.282,1.403,22.509,55.322,6.579,0.0629,0.0606
PHB_07270,Early Disease,1,0.674,0.3346,0.7508,25.126,1.3122,23.322,75.702,6.712,0.0451,0.0651
PHB_05674,Moderate Illness,2,0.4369,0.5855,0.5854,26.397,1.5016,26.523,65.888,6.643,0.0477,0.0519
PHB_00947,Moderate Illness,2,0.5193,0.5504,0.6204,25.042,1.3549,26.01,57.792,6.083,0.0387,0.0514
PHB_02391,Moderate Illness,2,0.5669,0.5196,0.5632,26.803,1.2713,25.746,54.856,6.209,0.0563,0.0683
PHB_05499,Healthy,0,0.8228,0.1572,0.7251,24.277,1.0837,25.007,77.193,6.21,0.0387,0.0207
PHB_07074,Moderate Illness,2,0.4664,0.553,0.5804,26.268,1.2398,24.842,61.918,6.508,0.0659,0.0572
PHB_09231,Healthy,0,0.8409,0.0418,0.9225,23.208,1.0187,23.664,77.541,6.386,0.0367,0.0428
PHB_02722,Severe Disease,3,0.4334,0.6589,0.4999,28.658,1.5494,24.134,68.387,5.937,0.051,0.0706
PHB_01933,Severe Disease,3,0.4524,0.7623,0.5204,27.47,1.5851,25.206,72.161,6.241,0.0618,0.0633
PHB_07424,Early Disease,1,0.6222,0.3607,0.7725,25.485,1.1797,23.931,71.441,6.371,0.0302,0.0372
PHB_03237,Severe Disease,3,0.3838,0.6654,0.3979,28.168,1.2128,28.201,55.604,6.497,0.0483,0.0688
PHB_03141,Early Disease,1,0.6087,0.2702,0.7776,25.36,1.2198,26.717,62.325,5.806,0.0444,0.0641
PHB_04164,Early Disease,1,0.7007,0.2616,0.6929,24.628,1.1086,23.54,70.274,6.114,0.0271,0.0302
PHB_08889,Severe Disease,3,0.3199,0.7169,0.4288,27.836,1.5499,24.421,73.545,6.189,0.0395,0.0562
PHB_03808,Moderate Illness,2,0.487,0.4549,0.6222,27.657,1.6004,27.078,60.872,5.995,0.0361,0.0482
PHB_09480,Moderate Illness,2,0.4274,0.5436,0.5567,25.345,1.2799,24.485,67.03,6.186,0.0372,0.0509
PHB_06984,Severe Disease,3,0.3404,0.739,0.5357,28.043,1.4264,22.888,54.109,6.515,0.0564,0.0659
PHB_08905,Severe Disease,3,0.3869,0.6766,0.3974,28.175,1.3052,30.841,59.849,6.577,0.0744,0.0798
PHB_09723,Early Disease,1,0.6342,0.3303,0.8164,25.39,1.2382,21.852,73.526,6.199,0.048,0.0582
PHB_04155,Moderate Illness,2,0.5592,0.6986,0.6047,26.76,1.2655,25.385,64.435,6.479,0.0375,0.0415
PHB_04173,Severe Disease,3,0.3743,0.7334,0.4126,27.915,1.4367,24.061,70.792,6.304,0.0692,0.0682
PHB_00797,Healthy,0,0.8007,0.0785,0.9445,24.591,0.9608,28.496,66.544,6.241,0.0257,0.0437
PHB_02417,Healthy,0,0.8695,0.0349,0.8095,25.194,1.0867,25.669,69.871,6.491,0.0234,0.0419
PHB_07171,Moderate Illness,2,0.6224,0.483,0.6328,26.002,1.3293,25.51,79.803,6.367,0.0519,0.0634
PHB_06140,Early Disease,1,0.7339,0.2835,0.7755,24.756,1.2495,23.148,73.01,6.514,0.0455,0.0414
PHB_00786,Early Disease,1,0.6596,0.2793,0.6989,26.97,1.0369,22.066,61.904,6.505,0.0372,0.0572
PHB_07068,Severe Disease,3,0.4337,0.861,0.3849,26.817,1.4716,25.678,64.816,6.035,0.0644,0.0736
PHB_03159,Severe Disease,3,0.2377,0.764,0.4334,27.4,1.5441,25.801,64.597,6.303,0.0785,0.0664
PHB_00124,Early Disease,1,0.6211,0.369,0.7848,25.232,1.1778,22.896,48.181,6.216,0.0184,0.0355
PHB_09458,Healthy,0,0.8559,0.119,0.7723,23.479,1.0471,24.786,65.916,6.764,0.0351,0.0413
PHB_09247,Early Disease,1,0.5511,0.2738,0.7695,24.084,1.0379,26.606,72.532,6.689,0.0336,0.0512
PHB_02173,Moderate Illness,2,0.5497,0.5547,0.6832,25.372,1.2941,22.295,77.431,6.062,0.0364,0.0806
PHB_02170,Moderate Illness,2,0.5327,0.4978,0.7227,27.298,1.2943,25.084,51.256,6.317,0.0456,0.0588
PHB_06881,Healthy,0,0.7535,0.0008,0.8644,23.735,1.0377,24.205,58.301,6.375,0.0265,0.0204
PHB_04010,Moderate Illness,2,0.4867,0.5197,0.5107,25.931,1.3263,24.616,67.852,6.411,0.0549,0.0678
PHB_09297,Healthy,0,0.77,0.1647,0.8748,25.117,1.1392,24.172,70.327,6.314,0.0331,0.0432
PHB_04341,Healthy,0,0.7695,0.0654,0.9115,24.347,1.0584,25.874,83.365,6.281,0.0087,0.0378
PHB_00911,Severe Disease,3,0.3232,0.6356,0.4633,28.201,1.2742,25.008,63.058,5.913,0.0458,0.0559
PHB_06269,Healthy,0,0.8629,0.0081,0.9488,24.091,1.0828,25.836,62.037,6.381,0.0206,0.0253
PHB_07772,Healthy,0,0.8007,0.1031,0.958,25.137,0.9905,25.639,75.279,6.688,0.0263,0.0444
PHB_02310,Severe Disease,3,0.2806,0.7252,0.5157,27.69,1.4268,27.403,59.714,6.169,0.0634,0.0765
PHB_09659,Severe Disease,3,0.273,0.7269,0.5918,26.584,1.5539,23.463,67.787,6.461,0.0538,0.0741
PHB_03635,Moderate Illness,2,0.4694,0.4916,0.5579,26.747,1.3488,22.635,61.067,6.575,0.0526,0.0748
PHB_01258,Severe Disease,3,0.4321,0.736,0.3917,27.22,1.3583,25.757,57.55,6.48,0.0681,0.0616
PHB_06592,Moderate Illness,2,0.5172,0.5206,0.6579,26.239,1.4777,25.992,64.013,6.73,0.0498,0.0595
PHB_04459,Healthy,0,0.9133,0.115,0.8774,23.191,1.0653,22.819,63.402,6.448,0.0241,0.0286
PHB_06134,Early Disease,1,0.6384,0.2104,0.6879,25.524,1.1272,27.366,65.961,6.226,0.0365,0.053
PHB_01179,Healthy,0,0.8269,0.1437,0.725,24.208,1.1203,25.632,67.497,6.372,0.0156,0.0212
PHB_04653,Healthy,0,0.8592,0.1413,0.9576,24.46,1.0412,23.57,67.69,6.588,0.039,0.0442
PHB_06219,Healthy,0,0.7165,0.1314,0.7762,24.643,1.309,25.409,70.191,6.813,0.0341,0.0333
PHB_03651,Early Disease,1,0.6094,0.3435,0.6601,26.572,1.1813,26.859,71.304,6.432,0.037,0.0574
PHB_00443,Moderate Illness,2,0.3955,0.5175,0.6118,27.275,1.3672,25.294,68.966,6.075,0.0335,0.0547
PHB_03416,Healthy,0,0.7963,0.2308,0.8538,25.018,1.1589,25.916,65.241,6.548,0.0295,0.0333
PHB_01400,Early Disease,1,0.6659,0.2814,0.7369,25.558,1.1494,23.268,71.895,6.28,0.0478,0.0542
PHB_01458,Early Disease,1,0.7098,0.3335,0.6883,25.166,1.2701,23.692,67.321,6.491,0.019,0.0401
PHB_07525,Healthy,0,0.9409,0.0987,0.8643,24.289,1.3439,20.892,69.998,6.479,0.0216,0.0377
PHB_05745,Moderate Illness,2,0.5414,0.5859,0.5958,25.439,1.1352,25.508,70.293,6.291,0.0647,0.0482
PHB_01055,Early Disease,1,0.6936,0.3626,0.8447,24.729,1.1637,26.146,75.218,6.387,0.0408,0.0395
PHB_08999,Severe Disease,3,0.2606,0.6931,0.4755,26.566,1.3188,24.262,87.696,6.461,0.0475,0.082
PHB_03276,Severe Disease,3,0.3075,0.7013,0.4148,27.405,1.5335,23.034,60.376,6.153,0.0551,0.0771
PHB_01464,Early Disease,1,0.5592,0.3138,0.8309,25.2,1.2906,28.851,61.934,6.724,0.0501,0.0489
PHB_03700,Early Disease,1,0.6371,0.3774,0.7211,26.498,1.0751,26.7,63.994,6.245,0.0585,0.0516
PHB_03760,Healthy,0,0.8713,0.1249,0.8615,23.77,1.2648,24.766,59.932,6.496,0.0294,0.0293
PHB_00930,Moderate Illness,2,0.5407,0.453,0.5533,26.481,1.3118,25.044,70.661,6.497,0.049,0.0438
PHB_05512,Moderate Illness,2,0.4404,0.3924,0.6975,25.342,1.3181,24.895,73.193,5.895,0.0544,0.0677
PHB_06469,Severe Disease,3,0.3397,0.7416,0.5546,26.275,1.1962,23.809,54.195,5.737,0.059,0.0833
PHB_08413,Moderate Illness,2,0.5354,0.4981,0.4496,27.06,1.2749,28.391,52.332,6.209,0.0268,0.0449
PHB_01830,Early Disease,1,0.6952,0.3269,0.8195,24.838,1.1958,25.087,64.88,6.384,0.0481,0.0388
PHB_02929,Early Disease,1,0.6278,0.369,0.8967,23.349,1.2979,22.228,78.116,6.394,0.0431,0.0733
PHB_08296,Early Disease,1,0.6594,0.3637,0.7127,25.636,2.0,28.518,64.981,6.37,0.0526,0.0476
PHB_06539,Moderate Illness,2,0.5879,0.5561,0.5872,27.123,1.3933,26.138,58.924,6.101,0.0344,0.0343
PHB_04222,Healthy,0,0.8758,0.005,0.7681,24.756,1.1274,23.896,64.987,6.701,0.0257,0.0345
PHB_03547,Early Disease,1,0.5818,0.2585,0.7045,25.48,1.25,25.339,55.073,6.339,0.0225,0.042
PHB_05599,Moderate Illness,2,0.5437,0.5783,0.6214,27.385,1.2484,25.568,80.032,6.43,0.0457,0.0679
PHB_08938,Healthy,0,0.7972,0.1241,0.7731,24.334,1.046,22.72,70.663,6.395,0.029,0.0304
PHB_07319,Early Disease,1,0.7286,0.2579,0.6211,26.024,1.1761,23.872,54.144,6.558,0.0426,0.0373
PHB_08351,Severe Disease,3,0.3564,0.6683,0.413,27.141,1.4415,26.541,52.2,5.872,0.0474,0.0783
PHB_02012,Early Disease,1,0.713,0.3348,0.8048,26.403,1.1652,25.516,61.85,6.342,0.0469,0.0658
PHB_00914,Severe Disease,3,0.3293,0.7063,0.3145,28.898,1.16,25.954,62.536,6.272,0.0581,0.0683
PHB_08249,Early Disease,1,0.721,0.3408,0.8344,25.343,1.2051,26.365,65.394,6.288,0.0457,0.0469
PHB_07266,Healthy,0,0.836,0.0866,0.9156,25.872,1.2041,24.643,89.75,6.359,0.0148,0.0461
PHB_03220,Early Disease,1,0.619,0.4273,0.731,26.354,0.9787,26.4,58.632,6.571,0.0259,0.0632
PHB_02607,Moderate Illness,2,0.5741,0.4672,0.6796,25.862,1.5012,24.773,60.636,6.196,0.0338,0.0611
PHB_03265,Early Disease,1,0.7177,0.2472,0.7926,24.936,1.0689,28.043,69.617,6.283,0.0307,0.0369
PHB_04929,Moderate Illness,2,0.5269,0.5188,0.4713,25.841,1.2629,20.496,72.66,6.597,0.0602,0.0664
PHB_08662,Early Disease,1,0.7027,0.2377,0.7626,25.343,1.1696,25.118,65.471,6.383,0.0316,0.0379
PHB_06565,Early Disease,1,0.8609,0.1791,0.8019,24.456,1.2004,26.824,70.067,6.666,0.0339,0.0538
PHB_08130,Early Disease,1,0.7526,0.2572,0.7653,25.926,1.1265,26.743,62.8,6.041,0.0397,0.0559
PHB_00007,Severe Disease,3,0.3573,0.8475,0.5016,26.734,1.5029,21.8,55.989,6.102,0.0592,0.0605
PHB_02981,Moderate Illness,2,0.3772,0.5133,0.5367,26.642,1.3592,26.365,77.967,5.894,0.0604,0.0715
PHB_06584,Healthy,0,0.9042,0.1935,0.8562,24.21,0.9722,26.546,78.625,6.53,0.0278,0.0344
PHB_03362,Early Disease,1,0.6695,0.3314,0.8038,25.367,1.1287,25.285,62.095,6.452,0.0426,0.0391
PHB_04775,Healthy,0,0.8027,0.063,0.8363,25.356,1.0735,23.032,61.239,6.174,0.0278,0.0219
PHB_01944,Healthy,0,0.9674,0.1261,0.8245,23.8,1.1618,25.2,66.935,6.409,0.0462,0.0201
PHB_07453,Early Disease,1,0.7372,0.3509,0.6869,25.961,1.2765,23.193,63.462,6.297,0.0335,0.0576
PHB_05500,Early Disease,1,0.717,0.3896,0.9489,26.175,1.107,27.502,55.033,6.754,0.0248,0.0455
PHB_01636,Early Disease,1,0.6906,0.2778,0.7522,26.196,1.4847,23.568,69.112,6.276,0.0373,0.0383
PHB_01142,Severe Disease,3,0.3058,0.8218,0.5149,26.236,1.3705,22.812,77.357,6.149,0.057,0.0771
PHB_02042,Severe Disease,3,0.4558,0.6375,0.3977,27.619,1.399,28.21,65.148,6.115,0.0671,0.0775
PHB_06704,Healthy,0,0.7849,0.1426,0.8807,25.106,1.2896,24.545,52.559,6.449,0.0214,0.0501
PHB_07819,Severe Disease,3,0.4586,0.6837,0.3844,28.371,1.4941,24.246,55.404,6.317,0.0483,0.088
PHB_02071,Severe Disease,3,0.3101,0.7585,0.4374,27.745,1.6052,23.671,56.103,6.342,0.0662,0.0837
PHB_03135,Moderate Illness,2,0.4056,0.5112,0.5913,27.481,1.3917,26.172,74.557,5.835,0.0562,0.0622
PHB_05161,Severe Disease,3,0.3364,0.748,0.4683,27.571,1.2155,23.099,71.019,5.975,0.0523,0.0556
PHB_08332,Moderate Illness,2,0.5808,0.4943,0.5065,26.485,1.0474,26.358,62.358,6.349,0.0391,0.0743
PHB_05276,Severe Disease,3,0.3387,0.6096,0.3568,27.512,1.3266,26.666,60.487,6.397,0.0594,0.0529
PHB_02243,Early Disease,1,0.6566,0.233,0.6742,25.704,0.8881,25.937,71.381,6.358,0.0365,0.0423
PHB_01475,Moderate Illness,2,0.5049,0.4617,0.6767,26.354,1.3612,26.645,71.609,6.417,0.0518,0.0777
PHB_08591,Moderate Illness,2,0.3723,0.4014,0.7202,26.018,1.3626,23.034,68.029,6.608,0.0512,0.0491
PHB_01890,Early Disease,1,0.6876,0.3123,0.7063,26.74,1.2009,23.144,68.048,6.13,0.0407,0.0478
PHB_03436,Moderate Illness,2,0.4682,0.555,0.6409,25.007,1.3439,29.384,70.368,6.393,0.0436,0.0443
PHB_07594,Severe Disease,3,0.3067,0.7865,0.484,26.428,1.5353,23.087,67.975,6.156,0.0566,0.0938
PHB_07746,Moderate Illness,2,0.5423,0.5172,0.6691,26.956,1.3607,26.653,73.553,5.915,0.0477,0.0793
PHB_03706,Healthy,0,0.8803,0.0833,0.9111,25.595,1.1298,24.154,74.506,6.416,0.0228,0.0494
PHB_02022,Healthy,0,0.7644,0.1341,0.7471,24.146,1.0325,22.969,66.37,6.426,0.028,0.052
PHB_04021,Healthy,0,0.7893,0.1393,0.783,24.358,1.0242,31.704,69.709,6.598,0.0169,0.0432
PHB_08831,Healthy,0,0.859,0.2524,0.9467,24.785,2.0,27.776,58.532,6.477,0.0083,0.0175
PHB_08444,Early Disease,1,0.6341,0.241,0.8039,23.548,1.42,27.187,60.858,6.26,0.0347,0.0394
PHB_03501,Early Disease,1,0.6743,0.3403,0.7099,24.819,1.1889,21.339,58.328,6.19,0.0136,0.0372
PHB_02659,Healthy,0,0.8484,0.1119,0.9554,24.115,1.0819,24.252,63.776,6.41,0.0284,0.0321
PHB_08457,Severe Disease,3,0.4029,0.6601,0.3867,27.798,1.6044,22.83,67.374,6.009,0.0455,0.0705
PHB_06889,Moderate Illness,2,0.4635,0.5338,0.613,26.119,1.4847,23.698,64.575,6.487,0.036,0.073
PHB_01131,Severe Disease,3,0.2782,0.7607,0.4151,27.962,1.3817,23.96,54.253,6.543,0.0448,0.0674
PHB_05558,Early Disease,1,0.7091,0.3043,0.6605,25.21,1.2242,22.65,76.131,6.283,0.0404,0.0763
PHB_07359,Early Disease,1,0.673,0.2964,0.8201,25.764,1.1243,25.813,68.255,6.826,0.0451,0.0292
PHB_01820,Moderate Illness,2,0.5541,0.5746,0.5176,26.823,1.4111,23.995,77.311,5.9,0.0315,0.0608
PHB_07539,Healthy,0,0.8566,0.1552,0.813,24.664,1.2042,25.388,72.989,6.541,0.0245,0.0286
PHB_09387,Severe Disease,3,0.3597,0.7246,0.515,26.71,1.5001,29.537,62.983,6.511,0.0689,0.067
PHB_04319,Severe Disease,3,0.3059,0.6416,0.4517,27.451,1.4463,25.907,71.988,6.239,0.0818,0.0647
PHB_09605,Healthy,0,0.7715,0.0156,0.8957,26.245,1.144,23.947,71.876,6.321,0.0068,0.0323
PHB_04145,Early Disease,1,0.7803,0.3444,0.6687,24.614,1.1351,23.622,61.951,6.523,0.027,0.0555
PHB_04670,Early Disease,1,0.6799,0.2513,0.7417,25.239,1.2252,22.372,60.687,6.178,0.0459,0.0389
PHB_01237,Healthy,0,0.7944,0.1582,0.9437,24.156,1.2496,29.623,77.998,6.724,0.0271,0.0335
PHB_05477,Healthy,0,0.6985,0.0533,0.9067,24.542,0.9993,26.562,68.43,6.71,0.0113,0.0326
PHB_09837,Healthy,0,0.8822,0.0854,0.8659,23.703,1.1282,25.751,69.852,6.476,0.0019,0.0135
PHB_01857,Healthy,0,0.76,0.0862,0.8757,23.267,0.964,24.956,67.659,6.368,0.018,0.042
PHB_02283,Early Disease,1,0.643,0.3086,0.8199,25.133,1.0718,22.608,55.842,6.576,0.0437,0.0569
PHB_08694,Healthy,0,0.7642,0.0,0.8887,24.11,1.2319,23.569,71.347,6.447,0.0244,0.0223
PHB_09321,Moderate Illness,2,0.5052,0.6008,0.5707,25.377,1.4882,23.687,72.433,6.421,0.0507,0.0611
PHB_04094,Healthy,0,0.7985,0.0812,0.8388,24.68,1.0574,25.429,71.744,6.717,0.0296,0.032
PHB_07062,Healthy,0,1.2,0.152,0.8934,25.776,1.2525,24.518,70.683,6.267,0.001,0.048
PHB_05201,Early Disease,1,0.6562,0.3351,0.7958,25.862,1.3097,27.497,63.326,6.559,0.0468,0.0289
PHB_06402,Healthy,0,0.8079,0.1083,0.9119,24.448,1.159,26.086,68.807,6.43,0.0373,0.0473
PHB_09930,Moderate Illness,2,0.5383,0.5054,0.5606,26.424,1.2337,26.197,62.773,6.305,0.0538,0.0732
PHB_03422,Early Disease,1,0.5657,0.3407,0.7058,25.251,1.1593,26.224,52.6,6.353,0.0351,0.0193
PHB_09270,Severe Disease,3,0.3413,0.7047,0.3553,25.49,1.4242,27.456,60.9,5.712,0.0449,0.0707
PHB_00387,Moderate Illness,2,0.5357,0.4646,0.6221,25.776,1.2688,24.779,64.65,6.375,0.0387,0.0355
PHB_08549,Moderate Illness,2,0.4435,0.4706,0.5068,27.306,1.4757,24.641,64.951,5.991,0.0644,0.061
PHB_01629,Healthy,0,0.7935,0.1036,0.8921,25.498,1.3057,26.37,58.687,6.339,0.0271,0.0301
PHB_03586,Severe Disease,3,0.2728,0.7911,0.2597,27.988,1.4025,27.91,70.066,5.867,0.0422,0.0808
PHB_07413,Healthy,0,0.7857,0.1403,0.8227,25.144,1.0851,25.946,54.84,6.635,0.0242,0.0203
PHB_02715,Severe Disease,3,0.335,0.7147,0.5048,26.526,1.2175,26.235,75.869,6.511,0.0448,0.0623
PHB_07172,Moderate Illness,2,0.4821,0.4933,0.5568,26.621,1.2839,24.724,66.847,6.44,0.0443,0.0705
PHB_08436,Severe Disease,3,0.3458,0.7847,0.4824,26.284,1.3295,27.886,75.081,6.31,0.0719,0.0743
PHB_09322,Early Disease,1,0.6707,0.3042,0.7819,26.007,1.3495,23.957,66.629,6.421,0.0506,0.0546
PHB_05660,Moderate Illness,2,0.4489,0.5697,0.7332,26.326,1.3241,28.448,67.17,5.934,0.0583,0.0578
PHB_03190,Early Disease,1,0.6274,0.3856,0.7725,24.455,1.227,25.838,63.213,5.966,0.0374,0.0669
PHB_09969,Healthy,0,0.822,0.2005,0.7645,25.092,1.3327,28.477,83.22,6.526,0.02,0.0388
PHB_04306,Healthy,0,0.7651,0.0989,0.8409,24.702,1.0709,26.024,80.221,6.246,0.0208,0.0273
PHB_00910,Early Disease,1,0.6996,0.3448,0.7579,25.372,1.1087,23.086,74.768,6.367,0.0557,0.0731
PHB_05386,Severe Disease,3,0.3153,0.7022,0.4712,26.884,1.2143,29.574,67.585,6.663,0.0603,0.055
PHB_01997,Early Disease,1,0.5702,0.3192,0.651,24.492,1.2379,21.97,73.358,6.089,0.0385,0.0543
PHB_01867,Severe Disease,3,0.3905,0.7724,0.3872,27.416,1.2739,26.554,67.112,5.886,0.0734,0.0745
PHB_01843,Healthy,0,0.7921,0.1205,0.982,23.627,1.0903,27.54,55.436,6.436,0.0374,0.0234
PHB_02498,Healthy,0,0.7792,0.2204,0.9177,24.243,1.0348,25.988,79.923,6.142,0.0182,0.016
PHB_00202,Severe Disease,3,0.3905,0.7122,0.5365,27.253,1.3554,24.812,68.562,6.013,0.0594,0.0584
PHB_07906,Healthy,0,0.7209,0.0804,0.886,24.347,1.0715,27.791,54.078,6.601,0.026,0.0436
PHB_07725,Severe Disease,3,0.3456,0.7831,0.4903,27.121,1.2326,22.361,70.054,6.321,0.0523,0.0794
PHB_05055,Severe Disease,3,0.3955,0.8884,0.4868,27.583,1.0031,25.235,70.326,6.104,0.0543,0.0758
PHB_05890,Healthy,0,0.8584,0.0855,0.8266,25.836,1.2884,20.678,86.436,6.448,0.0318,0.0515
PHB_04007,Early Disease,1,0.813,0.1629,0.6558,25.697,1.112,25.323,73.781,6.589,0.0529,0.041
PHB_09902,Healthy,0,0.8207,0.0303,0.8589,24.031,1.0703,24.543,73.232,6.612,0.0303,0.0278
PHB_02703,Early Disease,1,0.7093,0.3575,0.7956,25.497,1.2645,28.945,69.695,6.639,0.0507,0.0475
PHB_03450,Severe Disease,3,0.3132,0.7428,0.5661,27.318,1.1881,30.59,72.024,6.467,0.0687,0.0628
PHB_00332,Healthy,0,0.7818,0.0638,0.7405,25.175,1.104,23.081,66.491,6.352,0.0057,0.0242
PHB_07140,Healthy,0,0.7831,0.1259,0.877,23.889,0.9264,28.221,56.581,6.598,0.0198,0.0474
PHB_08961,Healthy,0,0.8872,0.2164,0.8042,24.667,0.9937,25.865,84.687,6.44,0.0243,0.0176
PHB_09820,Severe Disease,3,0.4008,0.7192,0.4176,27.347,1.3205,23.217,57.608,6.504,0.0585,0.0531
PHB_07177,Healthy,0,0.8266,0.0608,0.9712,23.851,1.1501,26.018,75.629,6.501,0.0233,0.0078
PHB_02460,Moderate Illness,2,0.437,0.5713,0.6302,30.189,1.2593,25.433,67.587,6.131,0.0511,0.0694
PHB_01775,Moderate Illness,2,0.5486,0.542,0.5914,25.856,1.304,23.118,64.554,6.618,0.0498,0.0683
PHB_06629,Healthy,0,0.8571,0.2366,0.8427,24.514,0.9308,27.218,69.883,6.516,0.0333,0.0473
PHB_07597,Early Disease,1,0.668,0.2252,0.7801,26.753,1.1328,25.665,71.788,6.372,0.0353,0.0611
PHB_07987,Severe Disease,3,0.3391,0.5989,0.485,27.072,1.3527,29.001,58.081,5.923,0.0777,0.072
PHB_02687,Healthy,0,0.758,0.0926,0.7977,25.607,1.1766,22.954,62.446,6.85,0.0163,0.0219
PHB_09148,Early Disease,1,0.7492,0.407,0.6945,25.203,1.4064,24.787,59.53,6.117,0.0261,0.041
PHB_00990,Severe Disease,3,0.3125,0.7679,0.4,27.615,1.4118,27.064,65.466,6.184,0.0712,0.0739
PHB_09047,Early Disease,1,0.6153,0.3074,0.7785,25.131,1.1481,23.017,59.053,6.477,0.0261,0.0409
PHB_08349,Healthy,0,0.7789,0.1398,0.9534,24.472,1.1263,22.028,66.02,6.544,0.0331,0.0476
PHB_08876,Early Disease,1,0.6393,0.2483,0.6752,25.698,1.3049,22.783,69.377,6.782,0.0401,0.057
PHB_08551,Moderate Illness,2,0.4681,0.6252,0.6535,26.042,1.1853,28.514,65.802,5.727,0.0531,0.0669
PHB_05807,Moderate Illness,2,0.599,0.5113,0.6371,27.002,1.3676,22.422,71.584,6.321,0.0497,0.067
PHB_08734,Early Disease,1,0.608,0.2969,0.7301,24.513,1.2039,24.972,66.895,5.972,0.0274,0.0316
PHB_08698,Early Disease,1,0.7131,0.302,0.71,25.503,1.1803,24.731,58.659,6.226,0.0301,0.0496
PHB_06575,Early Disease,1,0.7437,0.2416,0.7209,24.929,1.365,24.923,61.663,6.36,0.0322,0.0481
PHB_03053,Moderate Illness,2,0.5117,0.5218,0.5114,25.604,1.3396,27.046,69.88,6.021,0.0335,0.0701
PHB_08638,Early Disease,1,0.7621,0.374,0.7505,25.799,1.2423,24.729,72.563,6.253,0.0618,0.0692
PHB_05463,Healthy,0,0.7743,0.1276,1.0194,26.469,1.1471,21.82,82.276,6.425,0.037,0.0349
PHB_00174,Severe Disease,3,0.2422,0.7557,0.4939,26.853,1.3768,25.924,63.375,6.229,0.0651,0.0785
PHB_04955,Healthy,0,0.854,0.1661,0.8929,23.182,1.1201,27.151,73.479,6.626,0.0442,0.0469
PHB_04616,Early Disease,1,0.526,0.2759,0.6655,25.438,1.3382,25.897,66.465,6.403,0.0469,0.0221
PHB_03322,Early Disease,1,0.7134,0.3505,0.7335,25.002,1.3297,27.429,62.554,5.95,0.0227,0.0437
PHB_07066,Severe Disease,3,0.3383,0.6515,0.4254,26.53,1.5697,26.518,70.845,6.211,0.06,0.0745
PHB_06247,Severe Disease,3,0.3709,0.6078,0.3442,26.851,1.3912,22.765,58.694,6.004,0.0704,0.0962
PHB_06746,Healthy,0,0.8232,0.1506,0.9615,23.549,1.1914,25.657,68.856,6.336,0.0308,0.0454
PHB_03373,Severe Disease,3,0.4378,0.7486,0.4795,28.264,1.4711,28.083,60.843,6.149,0.0685,0.0849
PHB_06049,Early Disease,1,0.6677,0.2966,0.7362,22.764,1.0909,23.24,57.454,6.465,0.0372,0.0301
PHB_03312,Severe Disease,3,0.4899,0.7665,0.447,27.261,1.3942,26.467,60.585,6.308,0.0577,0.0688
PHB_07417,Healthy,0,0.8439,0.1264,0.8476,24.988,1.1598,24.354,64.682,6.236,0.0185,0.0333
PHB_07294,Healthy,0,0.819,0.125,0.8589,24.797,1.0899,24.284,71.602,6.726,0.0234,0.0189
PHB_07585,Moderate Illness,2,0.5311,0.5516,0.6494,25.261,1.2001,27.223,71.226,6.411,0.0496,0.0641
PHB_09378,Healthy,0,0.8513,0.1765,0.8396,23.848,1.3963,29.323,78.178,6.559,0.0256,0.0187
PHB_08812,Severe Disease,3,0.2571,0.7101,0.4994,26.93,1.4812,22.984,60.409,6.211,0.0656,0.0695
PHB_08161,Early Disease,1,0.6622,0.3516,0.69,26.443,1.5866,25.415,57.893,6.214,0.0451,0.0351
PHB_04680,Severe Disease,3,0.4355,0.6767,0.3813,28.549,1.4557,25.195,66.373,6.036,0.0732,0.0945
PHB_03404,Severe Disease,3,0.279,0.7166,0.3851,26.851,1.4148,26.259,61.151,6.379,0.0776,0.0758
PHB_00019,Severe Disease,3,0.3625,0.7146,0.4901,27.686,1.3255,27.996,57.313,6.371,0.068,0.0851
PHB_03692,Moderate Illness,2,0.5634,0.6252,0.6141,28.359,1.1682,27.303,56.07,6.571,0.0303,0.0825
PHB_08655,Early Disease,1,0.6803,0.2628,0.6917,24.744,1.296,21.717,54.52,6.285,0.0395,0.0542
PHB_04097,Moderate Illness,2,0.4199,0.5687,0.5562,25.84,1.3958,28.34,67.76,6.318,0.035,0.0624
PHB_03629,Moderate Illness,2,0.4977,0.5376,0.671,26.304,1.4064,25.354,56.738,6.255,0.055,0.0382
PHB_08863,Severe Disease,3,0.3005,0.6667,0.4566,27.968,1.5673,26.796,60.955,6.07,0.0624,0.0824
PHB_02175,Early Disease,1,0.6747,0.3367,0.9196,26.491,1.1197,24.494,62.534,6.323,0.0396,0.0388
PHB_01357,Moderate Illness,2,0.4999,0.4997,0.4923,26.394,1.3157,19.385,61.826,6.171,0.0445,0.063
PHB_05003,Severe Disease,3,0.3087,0.7527,0.4234,27.815,1.4544,26.032,64.748,6.146,0.0788,0.0661
PHB_07392,Healthy,0,0.8152,0.1186,0.8604,23.581,1.1125,26.612,59.174,6.548,0.0171,0.0344
PHB_06923,Early Disease,1,0.7019,0.3722,0.6325,25.1,1.0871,28.393,70.109,6.31,0.0365,0.0423
PHB_05824,Healthy,0,0.7638,0.1671,0.9216,25.154,1.2152,26.086,78.111,6.235,0.029,0.0308
PHB_09503,Moderate Illness,2,0.4776,0.4606,0.7245,25.019,1.4899,26.395,51.454,6.559,0.0461,0.0792
PHB_05671,Moderate Illness,2,0.5634,0.5203,0.6336,27.237,1.1721,23.25,61.979,6.259,0.0465,0.0665
PHB_03113,Moderate Illness,2,0.6016,0.5244,0.5646,26.322,1.114,24.632,63.933,6.12,0.0516,0.0815
PHB_00183,Moderate Illness,2,0.5329,0.493,0.6187,27.128,1.3523,28.365,67.455,6.09,0.026,0.0538
PHB_03643,Severe Disease,3,0.3045,0.6871,0.4547,27.951,1.3925,20.893,57.354,5.988,0.0527,0.0698
PHB_08858,Severe Disease,3,0.385,0.6794,0.596,27.54,1.0733,25.41,60.822,6.446,0.0662,0.0608
PHB_01813,Moderate Illness,2,0.5001,0.5341,0.6228,26.984,1.2597,24.385,64.078,6.037,0.033,0.0471
PHB_07876,Healthy,0,0.7991,0.1672,0.8114,23.604,1.1077,25.958,64.574,5.783,0.0086,0.0333
PHB_08498,Severe Disease,3,0.3571,0.7201,0.4192,26.674,1.6065,25.01,64.622,5.997,0.0517,0.0788
PHB_04913,Early Disease,1,0.7379,0.2942,0.6066,26.169,1.1305,25.349,70.069,6.327,0.0337,0.0611
PHB_05669,Moderate Illness,2,0.5457,0.5476,0.724,27.034,1.1661,26.624,60.979,6.268,0.0675,0.0823
PHB_08543,Early Disease,1,0.6981,0.2652,0.702,24.489,1.1003,23.037,65.513,6.213,0.0388,0.0625
PHB_01801,Moderate Illness,2,0.5168,0.4442,0.6623,25.709,1.3999,24.41,64.195,6.134,0.0393,0.0676
PHB_09252,Early Disease,1,0.6022,0.3089,0.6916,25.397,1.2326,21.063,66.499,6.658,0.0269,0.0489
PHB_02430,Severe Disease,3,0.3527,0.7459,0.5133,28.132,1.5996,27.408,52.603,5.668,0.0596,0.0788
PHB_05483,Early Disease,1,0.6615,0.3121,0.8063,25.003,1.0905,26.704,62.997,6.575,0.0347,0.0336
PHB_06762,Moderate Illness,2,0.5564,0.5514,0.6632,27.906,1.1909,21.712,61.786,6.587,0.0473,0.0642
PHB_09840,Severe Disease,3,0.3926,0.7181,0.5037,26.626,1.3725,24.173,54.031,6.178,0.0716,0.0867
PHB_09636,Healthy,0,0.7823,0.168,0.9517,23.529,1.2449,23.991,70.111,6.118,0.0288,0.0333
PHB_01969,Early Disease,1,0.7252,0.222,0.7352,24.861,1.3075,26.615,54.402,6.332,0.0147,0.0514
PHB_08340,Moderate Illness,2,0.4763,0.5287,0.624,26.304,1.3521,24.351,64.875,6.362,0.0425,0.0678
PHB_08142,Early Disease,1,0.5997,0.2389,0.7636,26.23,1.4613,21.402,59.92,6.095,0.0487,0.0501
PHB_07697,Early Disease,1,0.6784,0.3138,0.6431,24.66,1.2954,22.197,61.927,6.304,0.0247,0.0621
PHB_07542,Early Disease,1,0.7095,0.4685,0.6209,24.925,1.2881,27.619,79.632,6.593,0.0452,0.0074
PHB_04988,Healthy,0,0.8032,0.1496,0.9023,24.393,1.0572,23.06,72.953,6.808,0.0356,0.0373
PHB_09757,Moderate Illness,2,0.4729,0.4533,0.5224,26.913,1.293,24.356,64.537,6.329,0.0438,0.048
PHB_04651,Severe Disease,3,0.2872,0.754,0.5211,26.962,1.1453,28.626,57.819,5.872,0.0628,0.072
PHB_01160,Severe Disease,3,0.3398,0.6205,0.4157,27.396,1.5712,24.241,64.408,6.053,0.0499,0.1
PHB_01214,Early Disease,1,0.6745,0.3693,0.7128,25.644,1.3134,26.856,57.554,6.209,0.0375,0.0282
PHB_07337,Moderate Illness,2,0.5466,0.4848,0.5635,26.185,1.2222,22.988,59.514,6.414,0.0449,0.0636
PHB_01326,Severe Disease,3,0.2866,0.6072,0.4123,29.048,1.3261,27.138,72.848,6.163,0.0534,0.0736
PHB_07513,Healthy,0,0.7912,0.1359,0.9357,24.309,0.9805,25.11,64.524,6.644,0.0366,0.027
PHB_07581,Early Disease,1,0.6332,0.3973,0.7509,25.06,1.0791,24.607,66.571,6.3,0.0429,0.0351
PHB_04797,Healthy,0,0.8667,0.0611,0.9364,24.719,1.0462,21.482,78.274,6.276,0.0309,0.0219
PHB_06797,Severe Disease,3,0.3536,0.6343,0.4082,27.234,1.5079,25.725,55.911,6.343,0.0409,0.0529
PHB_05809,Healthy,0,0.888,0.1205,0.8518,23.943,0.8754,25.371,56.374,6.383,0.0414,0.0378
PHB_05944,Severe Disease,3,0.4309,0.7231,0.5467,27.523,1.4714,26.152,57.831,5.836,0.0427,0.0643
PHB_09284,Healthy,0,0.8601,0.0671,0.8944,24.774,0.8649,22.962,70.697,6.075,0.0137,0.0553
PHB_08145,Moderate Illness,2,0.4917,0.4582,0.7441,26.614,1.2011,27.098,63.04,6.252,0.0514,0.0543
PHB_01456,Healthy,0,0.9642,0.0792,0.8448,25.542,1.1586,24.261,69.077,6.615,0.0222,0.022
PHB_05411,Early Disease,1,0.6219,0.3743,0.6622,24.742,1.3474,24.925,63.898,6.462,0.0383,0.0541
PHB_07130,Early Disease,1,0.6231,0.3686,0.6601,25.021,1.135,22.916,80.277,6.581,0.0443,0.0228
PHB_08893,Severe Disease,3,0.351,0.7356,0.3686,26.692,1.4488,28.899,53.226,6.161,0.0639,0.0892
PHB_04963,Early Disease,1,0.7017,0.3157,0.9414,25.95,1.2283,25.522,67.631,6.327,0.0284,0.0458
PHB_02801,Severe Disease,3,0.332,0.7891,0.5284,28.867,1.4186,25.331,53.459,6.176,0.0607,0.0708
PHB_01645,Healthy,0,0.7828,0.1159,0.8389,26.237,1.1584,22.913,72.737,6.035,0.0381,0.0365
PHB_02141,Severe Disease,3,0.3499,0.7341,0.4741,26.967,1.4841,23.396,51.496,6.293,0.0418,0.0608
PHB_04537,Moderate Illness,2,0.4441,0.5705,0.6074,26.212,1.1996,23.049,70.749,6.568,0.0573,0.0448
PHB_04458,Moderate Illness,2,0.5006,0.6328,0.6575,25.552,1.1808,26.419,64.087,6.281,0.0526,0.0412
PHB_08952,Moderate Illness,2,0.5018,0.4581,0.4671,27.925,1.3034,24.044,71.85,6.012,0.0349,0.0649
PHB_05587,Moderate Illness,2,0.461,0.5673,0.6646,26.207,1.155,26.819,64.421,6.122,0.0573,0.0439
PHB_04379,Severe Disease,3,0.2187,0.7398,0.5154,27.065,1.3296,23.466,56.299,6.318,0.0648,0.0587
PHB_00730,Moderate Illness,2,0.635,0.54,0.6372,25.812,1.3736,27.811,59.615,6.087,0.0516,0.0608
PHB_04358,Early Disease,1,0.5982,0.3229,0.6886,25.399,1.2203,25.063,66.05,6.331,0.033,0.0553
PHB_07749,Early Disease,1,0.7069,0.2367,0.7435,25.754,1.1545,29.241,56.994,6.487,0.0444,0.0341
PHB_06717,Moderate Illness,2,0.4548,0.5105,0.6074,26.269,1.1129,31.068,73.466,6.648,0.0746,0.0395
PHB_01937,Early Disease,1,0.5952,0.3876,0.806,24.337,1.4501,23.269,64.63,6.344,0.0214,0.0567
PHB_03794,Healthy,0,0.8633,0.0655,0.8931,23.351,0.7572,25.246,72.07,6.612,0.0364,0.0362
PHB_03737,Early Disease,1,0.7633,0.353,0.8457,26.12,1.07,24.246,67.089,6.528,0.0408,0.0549
PHB_02262,Severe Disease,3,0.3649,0.6413,0.5108,28.704,1.3847,24.437,45.462,6.448,0.072,0.0807
PHB_04006,Healthy,0,0.8103,0.1168,0.8348,24.279,0.9792,23.261,78.747,6.185,0.027,0.0565
PHB_01111,Healthy,0,0.7306,0.134,0.8698,24.247,0.9684,28.745,56.493,6.498,0.0251,0.0442
PHB_09029,Healthy,0,0.8168,0.1006,0.9139,23.981,1.0963,24.077,60.914,6.371,0.0274,0.0371
PHB_05481,Healthy,0,0.7689,0.1901,0.9048,24.486,1.069,25.114,84.529,6.092,0.0333,0.0337
PHB_02999,Severe Disease,3,0.4443,0.6228,0.5703,25.139,1.3896,26.071,67.658,6.212,0.036,0.0628
PHB_02395,Moderate Illness,2,0.495,0.5248,0.4947,26.934,1.2282,26.215,68.606,6.267,0.0542,0.0501
PHB_01186,Severe Disease,3,0.3191,0.6303,0.3766,25.674,1.4488,26.078,56.893,6.649,0.0589,0.0595
PHB_02008,Healthy,0,0.8306,0.1162,0.7819,24.694,0.99,28.016,81.091,6.791,0.0253,0.0241
PHB_00194,Severe Disease,3,0.3541,0.6616,0.4091,27.003,1.5478,23.625,68.758,6.116,0.0801,0.0759
PHB_05612,Moderate Illness,2,0.5098,0.5118,0.6184,25.625,1.2462,19.002,62.498,6.606,0.0535,0.0647
PHB_02902,Severe Disease,3,0.2989,0.8032,0.4469,28.029,1.3039,27.783,56.307,5.961,0.0528,0.0677
PHB_00579,Severe Disease,3,0.3154,0.7454,0.4599,27.655,1.3918,21.684,48.8,6.429,0.0589,0.0533
PHB_06220,Early Disease,1,0.5431,0.2522,0.7853,26.25,1.2824,23.886,58.218,6.61,0.0293,0.0385
PHB_05526,Severe Disease,3,0.2863,0.6561,0.4974,28.888,1.4433,28.425,68.828,6.147,0.0509,0.0684
PHB_00772,Moderate Illness,2,0.5363,0.5359,0.6378,25.78,1.3083,25.026,69.295,6.012,0.0519,0.0817
PHB_07840,Early Disease,1,0.6716,0.4088,0.8512,25.384,1.0766,20.276,63.608,6.466,0.0411,0.0466
PHB_02396,Severe Disease,3,0.303,0.8057,0.4212,27.271,1.361,27.025,61.516,6.212,0.052,0.0791
PHB_01479,Early Disease,1,0.6117,0.3285,0.6439,26.303,1.1782,23.707,61.247,5.895,0.0251,0.0575
PHB_01847,Early Disease,1,0.6567,0.3738,0.8026,25.658,1.0187,23.27,65.583,6.684,0.0521,0.0371
PHB_09109,Severe Disease,3,0.3392,0.7736,0.4823,27.385,1.5293,27.675,60.651,6.144,0.0507,0.0567
PHB_04275,Healthy,0,0.7922,0.113,0.9301,24.559,0.939,27.424,73.714,6.751,0.0103,0.0403
PHB_03741,Healthy,0,0.873,0.2518,0.8093,25.651,1.2159,20.79,78.48,5.961,0.0312,0.0353
PHB_04601,Moderate Illness,2,0.4152,0.5504,0.5601,26.14,1.3522,21.798,58.493,6.529,0.0308,0.0607
PHB_08088,Healthy,0,0.7736,0.1994,0.8579,24.759,1.2033,25.317,75.827,6.358,0.0485,0.0355
PHB_08711,Moderate Illness,2,0.5074,0.3964,0.5717,27.719,1.3164,24.512,52.704,6.267,0.0498,0.0733
PHB_06677,Early Disease,1,0.6102,0.3991,0.684,25.259,1.1067,20.931,72.21,5.986,0.0446,0.0516
PHB_06376,Healthy,0,0.9361,0.0843,0.8717,24.356,1.133,25.041,64.697,6.217,0.0176,0.015
PHB_08125,Severe Disease,3,0.4416,0.7582,0.5359,25.958,1.5564,24.048,58.12,6.397,0.0541,0.0767
PHB_09539,Moderate Illness,2,0.4496,0.6356,0.4749,24.804,1.4142,25.592,57.168,6.22,0.0482,0.0681
PHB_04916,Severe Disease,3,0.3729,0.7,0.5264,27.232,1.3188,24.947,68.015,6.164,0.0559,0.0704
PHB_02074,Severe Disease,3,0.2825,0.6852,0.6177,28.796,1.3329,26.981,65.644,6.451,0.0572,0.0477
PHB_04755,Severe Disease,3,0.3527,0.701,0.4895,27.652,1.3152,24.311,53.368,6.087,0.0546,0.0832
PHB_01897,Moderate Illness,2,0.4977,0.5083,0.5053,26.655,1.3276,28.347,66.03,6.311,0.0334,0.0702
PHB_08553,Severe Disease,3,0.3047,0.702,0.4693,26.692,1.3411,23.845,51.361,6.05,0.0633,0.0606
PHB_06703,Severe Disease,3,0.2421,0.817,0.3798,27.778,1.6064,26.634,69.318,5.931,0.0519,0.0785
PHB_06318,Moderate Illness,2,0.5596,0.5727,0.592,25.671,1.1133,24.001,60.773,6.366,0.0525,0.0639
PHB_03660,Healthy,0,0.8891,0.0954,0.923,24.814,1.0949,28.112,67.839,6.091,0.0348,0.0389
PHB_06582,Moderate Illness,2,0.4596,0.5267,0.6386,25.776,1.3523,23.38,67.459,6.563,0.0447,0.0686
PHB_02380,Moderate Illness,2,0.5347,0.5547,0.7502,27.496,1.2698,24.403,58.308,6.533,0.0625,0.0742
PHB_01448,Moderate Illness,2,0.6212,0.6515,0.7214,26.576,1.4174,25.703,71.044,6.273,0.0551,0.0724
PHB_00343,Severe Disease,3,0.2852,0.7406,0.4664,27.276,1.3947,22.417,77.59,6.723,0.0764,0.0848
PHB_05128,Healthy,0,0.8455,0.1784,0.9342,24.332,1.138,23.056,67.956,6.349,0.0345,0.0604
PHB_03137,Severe Disease,3,0.3491,0.6802,0.3746,28.256,1.2595,24.898,57.281,6.043,0.0586,0.0936
PHB_02528,Severe Disease,3,0.2824,0.7393,0.4773,27.369,1.447,23.474,58.978,6.102,0.0591,0.0739
PHB_00728,Healthy,0,0.8201,0.096,0.945,24.987,1.0691,25.182,70.088,6.788,0.0285,0.0496
PHB_04578,Healthy,0,0.7359,0.0712,0.841,24.276,0.9604,28.423,61.534,6.548,0.0266,0.0469
PHB_00977,Early Disease,1,0.6857,0.361,0.803,25.627,1.1329,25.783,68.328,6.172,0.0238,0.0489
PHB_08392,Early Disease,1,0.6295,0.315,0.7928,25.759,1.1826,24.886,69.457,6.352,0.0396,0.0394
PHB_05444,Moderate Illness,2,0.4787,0.451,0.5024,26.661,1.3363,23.527,60.493,6.46,0.0619,0.0682
PHB_09035,Early Disease,1,0.6183,0.3062,0.8392,25.14,1.0593,22.918,66.912,6.242,0.0266,0.0353
PHB_03517,Moderate Illness,2,0.5556,0.515,0.5738,26.86,1.1932,24.228,68.335,6.352,0.0458,0.068
PHB_07976,Severe Disease,3,0.4832,0.7088,0.4242,26.07,1.4758,24.459,69.238,6.058,0.0628,0.0652
PHB_09788,Early Disease,1,0.6778,0.299,0.6453,29.551,1.0656,24.661,59.529,6.781,0.0366,0.0477
PHB_03941,Healthy,0,0.8678,0.1051,0.814,25.103,1.1105,26.544,62.073,6.321,0.0349,0.0298
PHB_01300,Early Disease,1,0.7626,0.4216,0.6734,25.214,1.0592,23.543,70.111,6.286,0.0365,0.0506
PHB_09765,Early Disease,1,0.574,0.3729,0.7834,24.736,1.1093,25.406,59.805,6.369,0.026,0.0467
PHB_01349,Early Disease,1,0.5583,0.3518,0.8232,25.362,1.3213,23.697,58.773,6.366,0.0323,0.0435
PHB_00661,Early Disease,1,0.7044,0.3222,0.7469,26.155,1.0133,23.263,65.79,6.41,0.0564,0.0221
PHB_05887,Early Disease,1,0.6902,0.2844,0.6876,24.413,1.1742,24.26,61.839,6.237,0.0343,0.054
PHB_01493,Moderate Illness,2,0.5269,0.4835,0.6267,26.742,1.4481,24.104,74.509,6.318,0.067,0.043
PHB_09947,Severe Disease,3,0.2864,0.7006,0.5308,27.622,1.1593,27.531,67.587,6.261,0.075,0.0824
PHB_04590,Severe Disease,3,0.3568,0.7138,0.4523,27.113,1.3761,27.871,62.371,5.921,0.0459,0.0677
PHB_08531,Moderate Illness,2,0.5243,0.5268,0.596,27.515,1.4679,24.839,69.449,6.309,0.0459,0.088
PHB_05155,Healthy,0,0.9071,0.1383,0.9428,24.775,1.0513,23.117,57.104,6.397,0.0305,0.0478
PHB_02316,Early Disease,1,0.6279,0.3738,0.6293,26.458,1.3821,24.745,49.758,6.078,0.0335,0.0433
PHB_09615,Healthy,0,0.8335,0.0642,0.75,23.281,1.1428,24.757,61.118,6.103,0.018,0.0461
PHB_09578,Moderate Illness,2,0.5599,0.5461,0.5597,26.705,1.2883,24.633,66.843,5.854,0.0738,0.0702
PHB_07025,Healthy,0,0.7955,0.1062,0.7613,23.557,0.9485,24.965,77.558,6.341,0.0199,0.0391
PHB_01086,Moderate Illness,2,0.4068,0.4998,0.4909,25.094,1.3844,21.81,56.035,6.079,0.0427,0.0724
PHB_02525,Severe Disease,3,0.3197,0.6374,0.5151,27.185,1.3955,25.836,71.816,6.304,0.0592,0.0846
PHB_08969,Severe Disease,3,0.3537,0.7046,0.4586,26.937,1.4766,24.499,54.019,6.31,0.0552,0.04
PHB_05375,Moderate Illness,2,0.5885,0.5115,0.5621,26.314,1.2856,26.591,64.345,6.49,0.0396,0.05
PHB_03199,Healthy,0,0.8251,0.047,0.9025,24.072,1.2844,31.493,75.428,6.579,0.0062,0.0202
PHB_05752,Early Disease,1,0.5932,0.2634,0.8276,24.337,1.2948,23.764,69.027,6.348,0.0372,0.0456
PHB_04009,Healthy,0,0.88,0.1954,0.9173,24.677,1.2175,23.813,76.61,6.199,0.032,0.0164
PHB_05718,Severe Disease,3,0.4007,0.8233,0.434,26.737,1.4831,21.592,67.364,6.242,0.0618,0.0867
PHB_06658,Severe Disease,3,0.327,0.7216,0.436,27.792,1.5132,23.556,56.778,6.454,0.0754,0.0638
PHB_09358,Moderate Illness,2,0.4268,0.4349,0.5364,26.063,1.3092,21.539,67.186,6.619,0.0292,0.0449
PHB_08791,Severe Disease,3,0.4099,0.77,0.3963,27.253,1.5861,28.184,69.148,6.348,0.0653,0.0688
PHB_00068,Early Disease,1,0.6484,0.2434,0.6862,25.587,1.22,25.462,61.14,6.543,0.0218,0.0565
PHB_07924,Moderate Illness,2,0.4772,0.5445,0.7196,27.657,1.3397,26.014,59.582,5.82,0.0361,0.0649
PHB_00041,Early Disease,1,0.5916,0.2695,0.7439,25.283,1.1022,28.848,84.216,6.401,0.0229,0.032
PHB_02270,Severe Disease,3,0.2032,0.6775,0.4737,26.339,1.4372,22.272,65.487,5.899,0.055,0.082
PHB_02382,Healthy,0,0.8143,0.2519,0.8902,24.904,1.288,24.555,79.832,6.359,0.0336,0.0166
PHB_07342,Early Disease,1,0.6412,0.3752,0.7804,25.922,1.0317,23.148,65.586,6.084,0.0281,0.0547
PHB_09962,Early Disease,1,0.6132,0.3515,0.706,25.099,1.1799,23.446,60.599,6.608,0.0491,0.0325
PHB_04917,Moderate Illness,2,0.5379,0.5301,0.5853,26.342,1.0986,24.232,75.185,6.236,0.0528,0.0399
PHB_05323,Severe Disease,3,0.3216,0.6675,0.5582,26.99,1.3422,22.953,61.174,6.769,0.0704,0.071
PHB_05774,Moderate Illness,2,0.5254,0.5752,0.6096,26.865,1.4835,25.389,65.523,6.262,0.056,0.0803
PHB_06233,Severe Disease,3,0.5487,0.7134,0.4731,27.577,1.2656,27.37,59.148,6.278,0.0566,0.0626
PHB_06964,Early Disease,1,0.4801,0.2715,0.6158,25.482,1.2749,26.49,61.86,6.482,0.0299,0.0365
PHB_03448,Severe Disease,3,0.3762,0.7236,0.4106,27.75,1.458,26.594,57.63,6.339,0.0633,0.0574
PHB_06817,Moderate Illness,2,0.4697,0.4666,0.6511,26.005,1.4901,28.23,61.792,6.196,0.0437,0.0452
PHB_02368,Early Disease,1,0.6887,0.376,0.8383,25.639,1.3153,26.768,65.518,6.222,0.0494,0.0467
PHB_07982,Severe Disease,3,0.3195,0.9091,0.4759,26.023,1.5594,28.309,54.118,5.965,0.0427,0.0781
PHB_08167,Moderate Illness,2,0.4751,0.5937,0.5303,25.852,1.2216,23.66,56.9,6.296,0.0419,0.0831
PHB_02513,Healthy,0,0.8149,0.2094,0.8807,24.883,1.1514,25.985,75.718,6.354,0.0313,0.0379
PHB_09620,Moderate Illness,2,0.5502,0.5352,0.5441,26.917,1.244,26.216,63.211,5.875,0.0517,0.0559
PHB_02724,Early Disease,1,0.6629,0.3261,0.793,25.276,1.239,30.265,73.668,6.402,0.0342,0.0412
PHB_05949,Early Disease,1,0.7174,0.3349,0.6511,25.703,1.2157,24.324,67.153,6.439,0.0534,0.0664
PHB_09186,Severe Disease,3,0.3841,0.6802,0.4875,27.156,1.307,25.533,55.278,6.029,0.0564,0.0575
PHB_09005,Healthy,0,0.8158,0.0912,0.8661,25.58,1.2156,23.858,67.06,6.521,0.0182,0.0255
PHB_01144,Severe Disease,3,0.4235,0.72,0.4181,27.326,1.4923,26.497,68.315,5.909,0.0412,0.0775
PHB_09737,Healthy,0,0.8156,0.0024,0.8398,24.476,1.1915,19.663,71.127,6.474,0.0366,0.049
PHB_07223,Moderate Illness,2,0.5827,0.476,0.5076,26.894,1.5932,24.859,67.298,6.148,0.0445,0.0534
PHB_08293,Early Disease,1,0.6714,0.3164,0.7983,25.786,1.1006,25.47,61.795,6.518,0.0221,0.051
PHB_09221,Severe Disease,3,0.3136,0.7215,0.4765,27.879,1.3934,24.826,64.689,6.37,0.0601,0.074
PHB_04729,Moderate Illness,2,0.4683,0.5462,0.6094,25.968,1.2765,25.426,62.536,6.533,0.0611,0.0589
PHB_05495,Severe Disease,3,0.3229,0.7489,0.3933,27.506,1.4144,23.385,52.961,6.496,0.0544,0.0764
PHB_05756,Moderate Illness,2,0.4747,0.6212,0.5473,25.327,1.4637,26.736,70.647,6.279,0.0387,0.0497
PHB_07563,Healthy,0,0.8,0.1136,0.8518,24.444,1.0488,26.372,67.919,6.448,0.0198,0.0288
PHB_03790,Moderate Illness,2,0.4155,0.4363,0.4731,27.005,1.3333,23.093,60.801,5.903,0.0565,0.069
PHB_02221,Early Disease,1,0.6358,0.3338,0.8364,25.622,1.1827,26.795,71.639,6.496,0.0266,0.0479
PHB_05076,Healthy,0,0.7838,0.1652,0.8069,24.787,1.3245,24.417,71.196,6.397,0.039,0.0422
PHB_02332,Early Disease,1,0.6633,0.3263,0.7027,25.458,0.9417,27.48,65.913,6.412,0.0376,0.0418
PHB_05395,Early Disease,1,0.6852,0.258,0.7429,25.499,1.2849,24.321,59.94,5.89,0.0401,0.0453
PHB_07440,Severe Disease,3,0.3956,0.5846,0.5249,26.724,1.5694,24.178,64.275,6.395,0.0548,0.0532
PHB_08068,Early Disease,1,0.7244,0.2411,0.7541,25.499,1.1836,25.175,57.235,6.604,0.0236,0.0563
PHB_07091,Early Disease,1,0.6689,0.2875,0.7761,25.124,1.283,23.626,63.388,6.62,0.0517,0.0518
PHB_09337,Early Disease,1,0.6455,0.3911,0.709,25.722,1.2839,24.937,64.051,6.361,0.0452,0.0406
PHB_04089,Healthy,0,0.734,0.0976,0.9675,24.631,1.1977,25.504,74.646,6.73,0.0212,0.0259
PHB_01968,Severe Disease,3,0.3871,0.6253,0.5402,28.633,1.4491,25.25,54.166,6.098,0.0504,0.0765
PHB_09364,Moderate Illness,2,0.4547,0.465,0.6985,25.767,1.3557,25.081,66.21,6.314,0.0469,0.0695
PHB_09797,Healthy,0,0.7954,0.0041,0.8913,25.283,1.0231,26.091,74.605,6.516,0.0386,0.048
PHB_06758,Severe Disease,3,0.3268,0.8391,0.5133,27.513,1.6885,24.391,64.36,6.495,0.0627,0.0654
PHB_09587,Early Disease,1,0.7656,0.3121,0.7246,25.622,1.2073,25.036,56.553,6.144,0.0278,0.0484
PHB_04366,Healthy,0,0.8127,0.1819,0.8177,24.777,1.0512,22.216,72.562,6.236,0.0402,0.0474
PHB_07000,Moderate Illness,2,0.5349,0.3931,0.55,25.701,1.1905,25.759,68.496,6.129,0.0444,0.0617
PHB_00424,Healthy,0,0.7746,0.1353,1.0154,25.325,1.3468,23.539,67.494,6.814,0.0275,0.048
PHB_00281,Healthy,0,0.8726,0.2109,0.9552,25.178,1.05,17.687,53.374,6.598,0.0323,0.0526
PHB_01905,Moderate Illness,2,0.6007,0.5167,0.6103,26.728,1.3893,21.892,64.778,6.079,0.052,0.0554
PHB_00596,Early Disease,1,0.5838,0.4453,0.9403,25.654,1.2051,22.838,64.536,6.152,0.0391,0.0406
PHB_08580,Healthy,0,0.8219,0.2115,0.8136,25.14,0.7932,23.448,51.945,6.901,0.0185,0.0345
PHB_03918,Moderate Illness,2,0.4934,0.4466,0.6157,25.572,1.5287,24.458,76.973,6.429,0.0417,0.0548
PHB_06143,Healthy,0,0.8701,0.126,0.9287,25.232,1.2235,23.879,72.936,6.323,0.0415,0.025
PHB_05662,Healthy,0,0.8085,0.0468,0.7734,24.893,1.1214,23.466,64.542,6.675,0.0177,0.0319
PHB_05779,Moderate Illness,2,0.547,0.561,0.7048,26.829,1.4803,26.434,65.713,6.115,0.0464,0.0824
PHB_03619,Early Disease,1,0.733,0.39,0.9205,26.223,1.1279,22.423,62.102,6.167,0.0219,0.0465
PHB_06846,Healthy,0,0.7229,0.1043,0.8751,25.766,1.0024,25.542,76.29,6.522,0.0141,0.0505
PHB_00840,Moderate Illness,2,0.5076,0.3939,0.6807,27.188,1.1199,26.396,58.793,6.212,0.043,0.0588
PHB_04597,Early Disease,1,0.5575,0.3905,0.8666,25.702,1.0313,27.643,68.881,6.183,0.0394,0.0526
PHB_07497,Early Disease,1,0.7507,0.3388,0.8451,27.054,1.237,24.9,57.727,6.836,0.0153,0.0255
PHB_00142,Early Disease,1,0.6232,0.3172,0.7291,25.839,1.3328,22.738,70.589,6.377,0.0514,0.0428
PHB_02598,Early Disease,1,0.6112,0.2488,0.6658,32.745,1.2365,24.067,62.497,6.676,0.0441,0.0375
PHB_06702,Moderate Illness,2,0.534,0.5669,0.5314,26.321,1.2809,25.017,65.617,6.458,0.0466,0.0711
PHB_07757,Healthy,0,0.8697,0.1064,0.8572,24.282,1.0851,24.027,61.738,6.258,0.0255,0.0465
PHB_01378,Severe Disease,3,0.2526,0.6508,0.4964,28.375,1.2371,22.686,65.634,6.12,0.0741,0.075
PHB_03675,Severe Disease,3,0.3795,0.7288,0.3358,27.603,1.3512,27.654,66.791,6.133,0.0725,0.0822
PHB_08771,Healthy,0,0.839,0.0031,0.8934,24.478,1.0335,27.731,76.887,6.548,0.0225,0.0318
PHB_09896,Severe Disease,3,0.4283,0.8357,0.5555,26.796,1.4816,26.662,59.475,5.938,0.0729,0.0559
PHB_06363,Moderate Illness,2,0.494,0.5295,0.5403,26.72,1.2405,22.735,70.534,6.518,0.0504,0.0571
PHB_04742,Healthy,0,0.8321,0.149,0.7951,24.741,1.1395,21.846,58.978,6.49,0.03,0.0649
PHB_03809,Severe Disease,3,0.3764,0.7262,0.439,28.272,1.5805,23.277,61.064,6.239,0.055,0.0705
PHB_01139,Healthy,0,0.8087,0.0358,0.7904,24.452,1.3576,26.032,83.539,6.779,0.0223,0.0165
PHB_02258,Severe Disease,3,0.2966,0.6112,0.5126,28.215,1.4255,26.462,73.194,6.147,0.067,0.0782
PHB_07866,Early Disease,1,0.7587,0.394,0.6249,25.572,1.3991,27.751,67.041,6.189,0.0396,0.0478
PHB_01788,Moderate Illness,2,0.5401,0.4506,0.6386,25.71,1.3336,25.369,63.338,6.119,0.0435,0.0791
PHB_03939,Early Disease,1,0.6695,0.2385,0.7155,24.479,1.2312,23.811,74.966,6.305,0.0453,0.0497
PHB_09317,Severe Disease,3,0.3153,0.8149,0.5205,27.52,1.4176,24.748,58.508,5.851,0.061,0.062
PHB_04647,Severe Disease,3,0.3996,0.6985,0.5275,28.338,1.5176,28.571,68.724,6.32,0.0786,0.0623
PHB_00460,Moderate Illness,2,0.406,0.5702,0.5597,25.718,1.4525,27.326,71.136,6.176,0.0293,0.055
PHB_06116,Severe Disease,3,0.3634,0.769,0.4291,27.525,1.478,24.984,69.647,6.304,0.0618,0.0621
PHB_09543,Early Disease,1,0.742,0.3448,0.8106,25.841,1.3247,23.724,63.083,6.495,0.0404,0.0416
PHB_00949,Severe Disease,3,0.377,0.6736,0.4982,27.073,1.3155,23.275,63.193,6.272,0.0633,0.0803
PHB_03701,Severe Disease,3,0.247,0.7426,0.5062,26.905,1.4233,25.909,73.603,6.767,0.0658,0.0764
PHB_01337,Healthy,0,0.8402,0.1414,0.8004,24.172,1.0904,22.654,66.703,6.492,0.0305,0.0292
PHB_06371,Severe Disease,3,0.3959,0.7742,0.5006,28.225,1.4532,22.781,70.86,5.86,0.0543,0.0694
PHB_04629,Healthy,0,0.8138,0.1317,0.7274,24.912,1.454,22.073,74.202,6.952,0.0318,0.0294
PHB_06287,Moderate Illness,2,0.5211,0.503,0.5888,26.338,1.5081,26.136,65.479,6.481,0.0533,0.0518
PHB_05926,Healthy,0,0.829,0.1894,0.8812,24.789,0.9707,22.537,55.414,6.296,0.0348,0.0416
PHB_05935,Early Disease,1,0.6895,0.4191,0.7514,26.244,1.2794,25.359,61.576,6.524,0.0327,0.0665
PHB_06041,Early Disease,1,0.6044,0.261,0.8176,25.351,1.2553,25.168,58.396,6.658,0.0254,0.0568
PHB_00442,Healthy,0,0.7374,0.0686,0.8998,25.473,1.1777,22.672,66.437,6.373,0.0152,0.0328
PHB_06660,Early Disease,1,0.6429,0.3339,0.8374,26.187,1.4114,26.483,71.981,6.247,0.0406,0.0596
PHB_01603,Moderate Illness,2,0.4328,0.5183,0.5347,25.945,1.2803,25.635,55.83,6.393,0.0487,0.0356
PHB_02239,Early Disease,1,0.6952,0.2688,0.9005,25.917,1.3887,23.828,64.678,6.623,0.0226,0.0337
PHB_00640,Severe Disease,3,0.3716,0.7505,0.3702,27.052,1.2868,28.186,65.213,6.023,0.0647,0.0495
PHB_09821,Severe Disease,3,0.3193,0.7138,0.4543,26.98,1.1681,24.047,64.33,6.248,0.0649,0.0688
PHB_03831,Early Disease,1,0.7555,0.3129,0.7752,25.036,1.3788,25.821,63.822,6.879,0.0354,0.0655
PHB_09396,Moderate Illness,2,0.4776,0.4359,0.7215,26.091,1.0992,26.408,60.945,6.383,0.0514,0.0697
PHB_06145,Moderate Illness,2,0.5074,0.5669,0.5706,26.468,1.2879,23.086,63.356,5.598,0.0547,0.0627
PHB_07986,Healthy,0,0.8761,0.0297,0.8662,25.504,1.3845,27.063,60.768,6.08,0.0366,0.0173
PHB_09053,Severe Disease,3,0.3,0.6579,0.4754,28.543,1.3689,23.48,57.282,5.865,0.0446,0.0785
PHB_06345,Early Disease,1,0.7262,0.3473,0.765,24.95,1.1616,25.391,64.52,6.58,0.039,0.0474
PHB_02502,Moderate Illness,2,0.4625,0.4924,0.726,25.95,1.2641,22.416,64.167,6.122,0.0483,0.0498
PHB_01959,Severe Disease,3,0.3468,0.7188,0.4289,28.196,1.4308,23.865,79.685,6.009,0.0654,0.0637
PHB_01071,Severe Disease,3,0.2861,0.6398,0.4386,28.443,1.3915,22.998,60.862,6.621,0.0559,0.0791
PHB_00156,Moderate Illness,2,0.5262,0.4541,0.7071,26.735,1.2705,22.722,58.855,6.125,0.05,0.0558
PHB_02296,Healthy,0,0.7506,0.1259,0.8741,23.779,0.9872,24.649,67.964,6.369,0.0155,0.0306
PHB_09802,Moderate Illness,2,0.5379,0.5289,0.5438,25.385,1.2077,24.294,69.517,6.412,0.0362,0.074
PHB_04579,Early Disease,1,0.654,0.2573,0.7378,24.485,1.2411,24.572,68.261,6.348,0.0315,0.0483
PHB_01090,Early Disease,1,0.5744,0.3119,0.7762,24.994,1.2636,24.028,57.522,6.392,0.0385,0.0755
PHB_06050,Moderate Illness,2,0.5032,0.6105,0.5322,26.604,1.2244,22.506,54.798,6.3,0.0677,0.0653
PHB_06416,Healthy,0,0.7975,0.1546,0.7139,23.026,0.9459,25.578,60.487,6.371,0.0224,0.0382
PHB_02941,Severe Disease,3,0.2827,0.83,0.3766,27.257,1.535,23.159,69.789,6.688,0.0677,0.0702
PHB_00724,Severe Disease,3,0.2923,0.6844,0.4568,26.296,1.4566,28.888,53.056,6.531,0.0664,0.0753
PHB_04385,Severe Disease,3,0.2148,0.8052,0.4045,27.799,1.3125,27.859,59.173,5.92,0.0594,0.0622
PHB_00931,Early Disease,1,0.7613,0.2789,0.7254,24.792,1.0632,22.374,56.868,6.463,0.0222,0.0509
PHB_02910,Moderate Illness,2,0.4351,0.4981,0.5933,24.93,1.5549,28.026,61.704,6.216,0.0518,0.0757
PHB_07846,Early Disease,1,0.6291,0.2203,0.7234,25.847,1.2031,20.414,69.279,6.235,0.0488,0.044
PHB_06764,Moderate Illness,2,0.5003,0.5086,0.5117,27.775,1.2673,26.628,70.357,6.358,0.0338,0.0762
PHB_08389,Early Disease,1,0.6534,0.2098,0.7826,24.671,1.3239,26.873,69.638,6.231,0.0205,0.0325
PHB_06417,Early Disease,1,0.679,0.3176,0.7464,25.413,1.1913,24.831,61.211,6.356,0.0417,0.0556
PHB_00896,Severe Disease,3,0.2875,0.732,0.5103,27.697,1.2982,28.088,52.018,6.322,0.0601,0.0779
PHB_03248,Severe Disease,3,0.337,0.7682,0.3624,28.537,1.5932,22.829,56.154,6.353,0.0657,0.0559
PHB_02327,Healthy,0,0.8973,0.2374,1.0571,25.664,1.1717,27.66,69.355,6.682,0.0275,0.0278
PHB_07097,Early Disease,1,0.6108,0.4578,0.7021,25.775,1.3788,24.503,65.197,6.139,0.0355,0.0531
PHB_09506,Moderate Illness,2,0.5191,0.4823,0.6127,27.499,1.1908,27.381,60.682,6.382,0.0422,0.0701
PHB_07582,Severe Disease,3,0.3005,0.6542,0.3779,27.04,1.5229,26.617,54.319,6.287,0.0593,0.0614
PHB_09743,Moderate Illness,2,0.501,0.5463,0.5933,26.762,1.3462,23.191,62.652,6.624,0.0463,0.0642
PHB_05039,Severe Disease,3,0.3593,0.735,0.4852,26.747,1.3559,25.577,56.623,6.394,0.0597,0.0811
PHB_06451,Early Disease,1,0.6315,0.3699,0.6873,26.355,1.288,29.271,73.622,5.878,0.0194,0.033
PHB_04137,Moderate Illness,2,0.485,0.5608,0.6326,26.978,1.4475,27.197,78.715,6.36,0.053,0.0584
PHB_09249,Moderate Illness,2,0.4241,0.5374,0.4784,25.928,1.1387,23.906,58.161,6.832,0.0641,0.0728
PHB_01716,Severe Disease,3,0.382,0.7819,0.5111,26.19,1.6126,23.341,58.1,6.683,0.0637,0.0683
PHB_01699,Severe Disease,3,0.251,0.7711,0.5127,28.534,1.5086,26.276,60.785,6.084,0.0649,0.0578
PHB_09691,Early Disease,1,0.7045,0.3593,0.7401,26.159,1.2662,25.295,88.012,6.719,0.0488,0.0378
PHB_09550,Healthy,0,0.8517,0.1458,0.8257,24.565,1.2504,24.543,63.512,6.281,0.0333,0.0296
PHB_09972,Healthy,0,0.8827,0.1517,0.9317,24.335,1.1699,24.031,67.766,6.445,0.0044,0.0633
PHB_08225,Early Disease,1,0.7134,0.2005,0.6482,24.79,1.1966,31.01,67.869,6.621,0.052,0.0667
PHB_03832,Moderate Illness,2,0.4614,0.5811,0.749,27.156,1.2656,25.199,41.004,6.137,0.0425,0.0609
PHB_06300,Severe Disease,3,0.3785,0.7686,0.459,26.549,1.5176,23.862,60.203,6.06,0.0484,0.0933
PHB_03349,Severe Disease,3,0.2392,0.7659,0.5324,26.523,1.3664,24.024,61.759,6.176,0.0563,0.0741
PHB_09519,Early Disease,1,0.6867,0.385,0.7412,24.962,1.2139,27.007,64.038,6.29,0.0295,0.0368
PHB_00986,Severe Disease,3,0.4562,0.6512,0.4667,26.778,1.4385,27.064,61.884,6.382,0.0616,0.0796
PHB_01822,Early Disease,1,0.704,0.306,0.6309,25.611,1.3468,26.196,67.545,6.393,0.0101,0.0512
PHB_04572,Severe Disease,3,0.3665,0.7022,0.4906,27.038,1.3809,26.841,72.039,5.784,0.0759,0.0739
PHB_00588,Early Disease,1,0.5311,0.3058,0.7938,25.365,1.2673,20.304,81.094,6.634,0.0367,0.0435
PHB_09758,Moderate Illness,2,0.3991,0.4458,0.6343,27.342,1.5145,25.282,54.812,6.36,0.0557,0.0399
PHB_05078,Healthy,0,0.7643,0.1499,0.8439,24.584,1.1436,28.571,62.338,6.631,0.0478,0.0281
PHB_07783,Moderate Illness,2,0.4931,0.5449,0.4464,24.756,1.1076,26.597,65.379,6.38,0.0382,0.0635
PHB_08324,Severe Disease,3,0.3547,0.6583,0.4213,28.283,1.4249,26.501,73.178,6.387,0.0696,0.0733
PHB_09523,Healthy,0,0.7962,0.0813,0.8741,24.915,1.2431,25.362,68.405,6.492,0.0179,0.0253
PHB_09968,Moderate Illness,2,0.4417,0.6235,0.5468,25.518,1.3342,23.63,57.61,6.419,0.0482,0.0619
PHB_05484,Early Disease,1,0.652,0.2913,0.7691,24.75,1.4141,26.07,75.854,6.046,0.0432,0.0403
PHB_07747,Moderate Illness,2,0.6193,0.5154,0.6792,27.166,1.2576,24.58,79.135,6.327,0.0536,0.0701
PHB_09281,Severe Disease,3,0.335,0.6433,0.3138,26.296,1.2968,27.549,62.792,6.309,0.0577,0.0642
PHB_05515,Healthy,0,0.7789,0.0597,0.839,23.864,0.9835,24.919,79.341,6.864,0.0152,0.0428
PHB_09528,Healthy,0,0.7791,0.09,0.9237,24.379,1.086,26.756,70.386,6.691,0.0305,0.0312
PHB_08872,Severe Disease,3,0.2476,0.6579,0.6095,26.27,1.3753,22.414,58.438,6.06,0.0711,0.0763
PHB_05554,Healthy,0,0.7837,0.0603,0.8368,25.178,1.0251,25.715,66.129,6.621,0.0322,0.0322
PHB_03558,Severe Disease,3,0.4007,0.7535,0.4244,26.88,1.4438,22.342,64.79,6.435,0.0732,0.0544
PHB_01396,Healthy,0,0.7358,0.2173,0.8839,24.266,1.3095,30.54,65.278,6.303,0.0374,0.0387
PHB_00265,Severe Disease,3,0.4736,0.7158,0.5571,27.312,1.44,25.015,64.754,6.075,0.0571,0.0569
PHB_03548,Severe Disease,3,0.3743,0.6751,0.4882,26.625,1.6305,26.191,52.27,6.22,0.0619,0.0743
PHB_06845,Moderate Illness,2,0.3839,0.5031,0.546,26.309,1.1756,26.219,71.111,6.081,0.0523,0.076
PHB_07629,Healthy,0,0.778,0.174,1.0021,25.178,1.1482,21.203,60.827,6.398,0.0205,0.0383
PHB_06789,Severe Disease,3,0.4099,0.6954,0.4097,27.183,1.2893,25.725,63.376,6.356,0.056,0.0802
PHB_03070,Early Disease,1,0.6526,0.3443,0.7557,25.86,1.3577,26.036,73.309,6.6,0.0522,0.0436
PHB_05026,Moderate Illness,2,0.476,0.5092,0.4348,25.597,1.2686,26.163,49.485,6.131,0.0511,0.0779
PHB_08397,Moderate Illness,2,0.5603,0.5332,0.5252,26.11,1.4081,25.529,55.663,6.203,0.0399,0.0312
PHB_03865,Severe Disease,3,0.2722,0.7351,0.4591,27.232,1.5036,26.981,55.597,5.978,0.0547,0.096
PHB_09073,Moderate Illness,2,0.55,0.3973,0.6832,27.297,1.39,26.189,68.295,6.04,0.0723,0.0669
PHB_02401,Moderate Illness,2,0.5174,0.4916,0.549,25.432,1.3691,24.438,65.291,6.813,0.0362,0.0558
PHB_06275,Healthy,0,0.8582,0.1999,0.8617,23.297,0.9982,26.457,77.124,6.678,0.0161,0.0194
PHB_08485,Severe Disease,3,0.3501,0.766,0.4931,26.095,1.4893,29.701,58.736,5.991,0.0645,0.0889
PHB_03712,Severe Disease,3,0.3234,0.796,0.4488,27.695,1.4243,20.335,67.344,6.39,0.0735,0.1
PHB_00247,Moderate Illness,2,0.4701,0.5545,0.6099,25.54,1.3207,23.503,78.379,6.127,0.052,0.0581
PHB_01595,Severe Disease,3,0.3257,0.6447,0.5362,27.696,1.4483,25.322,55.222,6.237,0.0542,0.0608
PHB_09683,Severe Disease,3,0.3713,0.6631,0.4762,27.35,1.1665,25.611,54.785,6.137,0.0671,0.0586
PHB_01530,Early Disease,1,0.5727,0.3298,0.7458,27.495,1.2689,21.617,69.168,6.465,0.0363,0.0316
PHB_08224,Severe Disease,3,0.3995,0.6496,0.4786,27.582,1.3183,25.686,67.296,6.47,0.0615,0.0515
PHB_00924,Moderate Illness,2,0.5349,0.4794,0.6746,26.108,1.2621,28.479,61.935,5.983,0.0378,0.0535
PHB_07554,Healthy,0,0.7984,0.1455,0.905,25.818,0.9972,24.595,73.912,6.277,0.0132,0.0311
PHB_04365,Moderate Illness,2,0.5591,0.5526,0.6173,26.991,1.1163,24.919,61.659,6.219,0.0434,0.0613
PHB_00670,Early Disease,1,0.5899,0.3113,0.796,24.912,1.3053,23.359,76.572,6.324,0.0201,0.0477
PHB_03605,Severe Disease,3,0.3693,0.7277,0.4991,28.599,1.4792,23.682,56.04,6.572,0.0472,0.0878
PHB_05109,Moderate Illness,2,0.469,0.4876,0.5877,26.179,1.196,25.876,62.482,6.349,0.0391,0.0692
PHB_01911,Healthy,0,0.8959,0.0556,0.936,24.784,0.8821,21.312,75.186,6.294,0.0121,0.0257
PHB_08345,Severe Disease,3,0.3646,0.757,0.3662,26.65,1.4598,23.353,66.961,6.217,0.0523,0.0684
PHB_05249,Healthy,0,0.8366,0.1726,0.7854,24.401,0.9552,26.471,61.439,6.286,0.0253,0.0365
PHB_07184,Early Disease,1,0.6707,0.343,0.8439,25.361,0.9412,27.039,68.773,6.402,0.0408,0.0525
PHB_03959,Healthy,0,0.8324,0.1129,0.8482,23.86,1.0981,26.556,72.355,6.369,0.041,0.0333
PHB_06958,Moderate Illness,2,0.5135,0.4535,0.4953,27.512,1.3004,25.282,68.016,6.133,0.0634,0.0561
PHB_06027,Healthy,0,0.8648,0.2085,1.0363,25.102,1.0984,20.594,72.117,6.354,0.0135,0.0499
PHB_05644,Early Disease,1,0.6397,0.3022,0.6784,25.136,1.0486,24.844,71.869,6.785,0.0527,0.0529
PHB_02697,Severe Disease,3,0.3206,0.6971,0.5267,28.149,1.3623,24.371,60.492,5.922,0.0728,0.0635
PHB_02592,Severe Disease,3,0.3699,0.6284,0.5301,26.583,1.0717,28.485,70.897,6.087,0.05,0.0555
PHB_05907,Moderate Illness,2,0.5551,0.4848,0.547,25.415,1.1998,30.213,58.339,6.609,0.045,0.0472
PHB_01782,Severe Disease,3,0.399,0.6901,0.3841,27.441,1.4399,24.427,68.846,5.951,0.0558,0.0775
PHB_06510,Moderate Illness,2,0.4094,0.5182,0.5718,27.634,1.3349,25.334,56.925,6.459,0.0449,0.0642
PHB_03014,Moderate Illness,2,0.6304,0.5181,0.663,25.144,1.2843,26.353,63.101,6.4,0.0412,0.0636
PHB_07134,Early Disease,1,0.7512,0.2737,0.7244,24.721,1.3921,28.095,69.62,6.452,0.0478,0.052
PHB_02308,Early Disease,1,0.7258,0.3684,0.7295,26.061,1.2288,24.845,67.269,6.169,0.0423,0.0471
PHB_07277,Early Disease,1,0.6539,0.3689,0.749,26.975,1.0999,21.686,64.519,6.288,0.056,0.0228
PHB_03691,Healthy,0,0.7458,0.0565,0.9592,24.154,1.0232,25.212,78.93,6.41,0.0308,0.0361
PHB_00688,Severe Disease,3,0.3839,0.7872,0.499,28.196,1.5455,24.265,51.05,6.037,0.0545,0.071
PHB_06012,Moderate Illness,2,0.557,0.4661,0.736,26.126,1.0797,24.176,63.285,6.835,0.0435,0.0478
PHB_07072,Healthy,0,0.7442,0.1485,0.9104,24.614,1.1132,20.639,60.265,6.259,0.0275,0.0492
PHB_00613,Severe Disease,3,0.2908,0.6864,0.4544,26.337,1.5038,25.528,69.112,6.441,0.07,0.0996
PHB_07168,Healthy,0,0.8032,0.1019,0.7343,24.944,1.3084,22.752,67.99,6.425,0.0263,0.0406
PHB_09206,Severe Disease,3,0.3138,0.7608,0.3247,26.773,1.2607,27.7,61.54,6.33,0.0525,0.0633
PHB_03201,Severe Disease,3,0.2267,0.8105,0.3994,28.686,1.6135,26.859,75.017,6.404,0.0721,0.0992
PHB_02268,Moderate Illness,2,0.4638,0.6118,0.5198,26.449,1.2668,23.128,61.125,6.222,0.0491,0.0832
PHB_09782,Moderate Illness,2,0.4879,0.5253,0.5719,28.142,1.3442,27.818,60.354,6.125,0.0418,0.0462
PHB_06630,Moderate Illness,2,0.562,0.4739,0.6984,26.133,1.2909,26.236,64.928,6.164,0.0583,0.0757
PHB_04136,Healthy,0,0.7222,0.1831,0.7098,25.664,0.8979,27.678,66.616,6.647,0.0203,0.0571
PHB_01899,Healthy,0,0.8248,0.1199,0.9355,25.262,1.107,25.978,63.23,6.554,0.0077,0.0402
PHB_09531,Moderate Illness,2,0.497,0.4876,0.5541,25.892,1.5031,23.567,63.204,6.647,0.0371,0.079
PHB_08154,Severe Disease,3,0.3996,0.6392,0.5605,28.334,1.2973,27.412,73.108,6.0,0.073,0.0639
PHB_00259,Healthy,0,0.7484,0.1554,0.8749,24.594,0.922,24.005,66.678,6.451,0.0459,0.0564
PHB_02925,Healthy,0,0.7379,0.1249,0.929,22.994,1.0855,27.168,60.211,6.558,0.0253,0.0337
PHB_09425,Moderate Illness,2,0.5347,0.5018,0.5368,26.819,1.226,25.852,69.027,6.169,0.0487,0.0324
PHB_04944,Severe Disease,3,0.3651,0.7623,0.6752,26.344,1.3935,24.7,57.787,6.234,0.0592,0.0707
PHB_02823,Healthy,0,0.8856,0.1922,0.7472,25.88,1.0948,25.739,60.812,6.398,0.0308,0.0282
PHB_06530,Healthy,0,0.8099,0.2099,0.9142,24.244,1.0896,28.583,59.355,6.365,0.0197,0.0408
PHB_03340,Moderate Illness,2,0.419,0.5374,0.559,25.261,1.5169,23.234,62.682,6.268,0.0402,0.0649
PHB_03526,Early Disease,1,0.7848,0.3735,0.6885,24.419,1.4198,28.42,76.419,6.359,0.0344,0.0392
PHB_04564,Severe Disease,3,0.3182,0.7507,0.4944,27.427,1.4697,23.585,61.274,6.357,0.0606,0.0712
PHB_09657,Early Disease,1,0.6486,0.3952,0.7568,23.774,1.2464,22.118,59.488,6.374,0.0399,0.053
PHB_07909,Moderate Illness,2,0.5001,0.565,0.5865,27.024,1.4176,23.823,72.848,6.182,0.0402,0.062
PHB_05330,Early Disease,1,0.6239,0.3647,0.7348,25.548,1.2433,25.283,65.036,6.159,0.0423,0.0285
PHB_05224,Healthy,0,0.8579,0.1268,0.8791,24.651,1.0514,21.305,78.299,6.189,0.0251,0.0384
PHB_02286,Healthy,0,0.6344,0.1377,0.9035,24.844,1.0101,27.163,70.62,6.368,0.0276,0.055
PHB_06064,Early Disease,1,0.5996,0.2151,0.836,24.701,1.363,25.109,75.089,6.204,0.0376,0.0315
PHB_04655,Early Disease,1,0.6606,0.2255,0.7324,26.818,1.4262,27.946,64.536,6.318,0.0302,0.024
PHB_05001,Healthy,0,0.8456,0.0253,0.8497,23.192,1.3046,26.368,70.952,6.305,0.0136,0.0474
PHB_06711,Healthy,0,0.8063,0.1648,0.926,23.987,1.2126,27.469,78.871,6.906,0.0337,0.0411
PHB_09325,Early Disease,1,0.6371,0.3588,0.7298,25.67,1.29,21.312,63.203,6.188,0.0443,0.046
PHB_00485,Healthy,0,0.8879,0.1337,0.8217,25.849,1.0343,25.84,61.79,6.467,0.029,0.0369
PHB_02212,Early Disease,1,0.7088,0.3879,0.6377,23.266,1.2156,23.847,68.778,6.438,0.0326,0.0685
PHB_05417,Healthy,0,0.809,0.1752,0.9243,24.407,1.0835,22.014,70.653,6.429,0.0182,0.0342
PHB_07564,Early Disease,1,0.693,0.332,0.7138,25.947,1.2368,23.847,63.307,6.722,0.0335,0.0511
PHB_02556,Moderate Illness,2,0.5292,0.5388,0.6265,26.42,1.3283,24.68,57.706,6.278,0.0639,0.0565
PHB_00008,Severe Disease,3,0.2816,0.7722,0.4124,27.331,1.5384,24.298,49.81,6.291,0.0467,0.0634
PHB_03658,Early Disease,1,0.6117,0.2858,0.8369,24.605,1.098,23.716,68.171,5.922,0.0329,0.0478
PHB_06412,Severe Disease,3,0.2335,0.7284,0.4882,27.201,1.3221,24.374,69.39,6.641,0.0672,0.0857
PHB_09165,Early Disease,1,0.7366,0.3901,0.8191,24.36,1.1974,26.105,65.343,6.605,0.0289,0.0383
PHB_04875,Moderate Illness,2,0.5921,0.4375,0.6257,24.84,1.4887,25.933,48.674,6.284,0.0623,0.0618
PHB_04403,Healthy,0,0.8361,0.0731,0.7974,24.255,1.198,25.318,75.55,6.109,0.0389,0.0452
PHB_08917,Moderate Illness,2,0.4664,0.4346,0.6204,26.615,1.2596,24.344,74.572,6.627,0.0592,0.0583
PHB_05547,Severe Disease,3,0.3166,0.6862,0.4598,27.375,1.4084,23.499,66.755,6.675,0.0636,0.0663
PHB_05298,Healthy,0,0.8534,0.0554,0.8278,24.007,1.0858,26.955,69.827,6.716,0.0123,0.0384
PHB_02427,Healthy,0,0.8179,0.0756,0.8101,24.437,1.1871,26.914,66.345,6.468,0.0258,0.0412
PHB_06745,Healthy,0,0.8323,0.1926,0.767,21.885,1.0912,24.793,62.364,6.393,0.0312,0.005
PHB_01815,Severe Disease,3,0.4128,0.6655,0.4017,25.45,1.4119,29.111,54.664,6.713,0.0692,0.0612
PHB_06823,Early Disease,1,0.6792,0.296,0.8196,24.882,1.1273,26.992,67.654,6.671,0.0322,0.0395
PHB_09626,Moderate Illness,2,0.5084,0.5303,0.5548,26.09,1.3253,23.143,68.344,6.218,0.0434,0.075
PHB_02275,Severe Disease,3,0.3356,0.7286,0.4607,27.268,1.5379,26.614,62.984,6.044,0.0578,0.063
PHB_01012,Moderate Illness,2,0.4539,0.5131,0.628,26.195,1.3018,26.473,53.339,6.384,0.0521,0.0855
PHB_01578,Severe Disease,3,0.2659,0.7212,0.4407,28.098,1.4138,28.406,61.51,6.491,0.0631,0.0737
PHB_07265,Moderate Illness,2,0.4796,0.4529,0.6777,27.938,1.1801,23.315,73.616,6.284,0.0444,0.059
PHB_01068,Moderate Illness,2,0.4587,0.4829,0.6865,26.062,1.1584,25.061,63.202,6.372,0.0515,0.0489
PHB_01992,Moderate Illness,2,0.5435,0.5089,0.5946,27.277,1.1875,24.557,66.75,6.522,0.0608,0.0482
PHB_03971,Severe Disease,3,0.4473,0.6932,0.393,27.606,1.3956,24.411,64.323,6.6,0.0623,0.0888
PHB_09074,Moderate Illness,2,0.55,0.4855,0.6187,26.785,1.4063,25.664,62.557,6.358,0.0356,0.0564
PHB_05880,Early Disease,1,0.671,0.4032,0.7291,25.772,1.1681,21.736,66.114,6.36,0.0517,0.0191
PHB_08431,Healthy,0,0.843,0.0464,0.9135,25.072,1.1292,26.496,64.688,6.315,0.033,0.0269
PHB_04543,Severe Disease,3,0.2656,0.7589,0.4981,26.642,1.399,25.519,69.498,6.32,0.0705,0.0817
PHB_09327,Moderate Illness,2,0.511,0.5832,0.5822,25.932,1.5285,28.008,58.777,6.234,0.0552,0.0443
PHB_07194,Early Disease,1,0.7202,0.3769,0.6309,24.777,1.3704,26.056,74.384,6.089,0.0607,0.046
PHB_03868,Early Disease,1,0.6779,0.1608,0.7018,26.237,1.0112,24.818,70.388,6.464,0.057,0.0496
PHB_09416,Moderate Illness,2,0.4384,0.4864,0.5991,25.734,1.3809,23.169,67.175,6.429,0.0791,0.0485
PHB_06824,Healthy,0,0.7774,0.0093,0.8016,24.586,1.3653,21.26,65.105,6.686,0.0231,0.0151
PHB_03049,Severe Disease,3,0.3201,0.7547,0.5072,27.699,1.2311,25.873,67.756,6.232,0.0786,0.0733
PHB_00782,Severe Disease,3,0.307,0.6646,0.4994,28.333,1.293,24.927,72.036,5.928,0.0551,0.0669
PHB_06748,Moderate Illness,2,0.518,0.5895,0.5749,26.821,1.2163,23.916,61.165,6.447,0.0627,0.065
PHB_02676,Moderate Illness,2,0.4258,0.6368,0.6017,25.247,1.3004,25.505,62.19,6.559,0.05,0.0499
PHB_01750,Early Disease,1,0.6793,0.4087,0.7148,26.808,1.2134,25.219,66.406,6.154,0.0319,0.0493
PHB_06223,Moderate Illness,2,0.5407,0.5495,0.7242,25.73,1.2252,25.575,57.426,6.403,0.0647,0.0602
PHB_07947,Severe Disease,3,0.4068,0.754,0.405,27.302,1.3387,23.481,55.18,6.421,0.0595,0.0786
PHB_02792,Healthy,0,0.7974,0.1183,0.8349,25.076,1.0944,25.257,76.204,6.199,0.0167,0.0348
PHB_06520,Early Disease,1,0.6626,0.2728,0.8055,25.762,1.283,25.76,71.641,6.103,0.0532,0.0763
PHB_05775,Healthy,0,0.8239,0.147,0.732,24.441,1.2884,22.587,78.757,5.919,0.0187,0.0154
PHB_06358,Severe Disease,3,0.3453,0.7219,0.4536,27.61,1.2972,23.492,66.844,5.892,0.0515,0.0828
PHB_04980,Severe Disease,3,0.4376,0.8292,0.5319,27.435,1.312,25.67,56.594,5.907,0.0624,0.0646
PHB_07589,Moderate Illness,2,0.4472,0.474,0.5727,25.762,1.1761,23.706,71.733,6.195,0.0522,0.0568
PHB_01092,Moderate Illness,2,0.4879,0.5776,0.5661,26.8,1.0725,24.687,66.867,6.016,0.0594,0.0465
PHB_06527,Early Disease,1,0.6337,0.3035,0.7052,23.895,1.5744,25.533,68.723,6.346,0.0441,0.0519
PHB_09608,Moderate Illness,2,0.5144,0.5315,0.5752,26.49,1.3377,25.559,70.807,6.364,0.0561,0.0538
PHB_04628,Early Disease,1,0.5947,0.356,0.7612,24.818,1.4342,24.083,63.28,6.586,0.0513,0.0445
PHB_02325,Early Disease,1,0.6338,0.3307,0.7886,26.931,1.2462,22.662,61.401,6.272,0.0387,0.0545
PHB_06535,Early Disease,1,0.6587,0.2797,0.6934,24.828,1.312,25.646,62.077,6.587,0.0424,0.0526
PHB_08972,Early Disease,1,0.6353,0.2797,0.7915,25.448,1.2092,23.706,57.474,6.364,0.0454,0.0274
PHB_05056,Early Disease,1,0.595,0.307,0.7139,25.053,1.1898,26.666,64.607,6.453,0.0528,0.0518
PHB_02609,Moderate Illness,2,0.5642,0.5346,0.5474,26.629,1.4693,22.244,65.87,6.292,0.0404,0.0693
PHB_09021,Early Disease,1,0.6883,0.318,0.6617,26.169,1.0276,27.931,64.525,6.438,0.0556,0.0305
PHB_02291,Severe Disease,3,0.3051,0.7891,0.4112,27.507,1.3164,21.965,70.408,5.862,0.0697,0.06
PHB_01728,Severe Disease,3,0.3474,0.755,0.5676,27.441,1.2426,22.439,58.244,6.378,0.0673,0.0674
PHB_00611,Moderate Illness,2,0.4078,0.5546,0.5018,26.293,2.0,24.328,63.559,6.36,0.0586,0.0576
PHB_04667,Severe Disease,3,0.3479,0.7281,0.595,28.061,1.4547,20.091,61.069,6.211,0.0682,0.0824
PHB_08052,Severe Disease,3,0.2975,0.7726,0.5433,27.346,1.4769,26.496,59.691,6.124,0.0417,0.0781
PHB_05414,Healthy,0,0.9218,0.0419,0.7694,26.151,1.0494,23.342,67.369,6.506,0.0339,0.049
PHB_00344,Moderate Illness,2,0.4956,0.622,0.5458,26.047,1.3221,22.416,53.256,6.678,0.0633,0.0636
PHB_04684,Moderate Illness,2,0.5271,0.5685,0.55,26.623,1.1757,23.876,70.041,6.435,0.0615,0.0727
PHB_08785,Moderate Illness,2,0.4639,0.5196,0.5092,26.495,1.2475,25.608,57.683,6.398,0.0589,0.0564
PHB_03751,Healthy,0,0.924,0.0,0.8208,25.534,1.1321,25.943,63.073,6.309,0.0347,0.0221
PHB_08454,Severe Disease,3,0.334,0.7925,0.3902,28.12,1.4633,24.255,67.531,5.989,0.0658,0.0925
PHB_09308,Severe Disease,3,0.3048,0.636,0.4461,27.614,1.3391,24.618,64.527,6.413,0.0627,0.0739
PHB_06000,Severe Disease,3,0.2253,0.645,0.5098,26.385,1.6681,27.588,53.264,6.19,0.0562,0.0663
PHB_03216,Moderate Illness,2,0.4813,0.5868,0.6003,27.333,1.3712,24.292,65.595,6.169,0.0484,0.049
PHB_00098,Healthy,0,0.7237,0.2131,0.8352,24.102,0.8291,22.928,69.891,6.571,0.0317,0.0308
PHB_07388,Healthy,0,0.6531,0.0532,0.9301,24.516,1.1195,24.935,75.093,7.043,0.0113,0.0441
PHB_07666,Early Disease,1,0.6144,0.3511,0.7043,26.349,1.1216,27.158,64.615,6.886,0.0464,0.0411
PHB_05177,Healthy,0,0.7783,0.1474,0.733,24.454,1.1869,22.373,66.208,6.453,0.0252,0.0346
PHB_07280,Moderate Illness,2,0.5327,0.5766,0.6375,26.447,1.1964,24.576,62.79,6.044,0.0555,0.0561
PHB_06166,Moderate Illness,2,0.4876,0.5059,0.515,28.967,1.1121,27.826,70.027,6.178,0.0496,0.054
PHB_01538,Moderate Illness,2,0.4636,0.4915,0.4813,26.76,1.443,22.779,51.719,6.179,0.0433,0.0508
PHB_03589,Severe Disease,3,0.2836,0.736,0.4068,28.167,1.4436,27.398,71.956,6.0,0.0566,0.0648
PHB_09443,Moderate Illness,2,0.4337,0.5402,0.6653,25.443,1.4122,26.702,67.201,6.262,0.0709,0.0543
PHB_06986,Moderate Illness,2,0.5661,0.5345,0.5937,26.301,1.4695,23.838,61.368,6.193,0.0394,0.068
PHB_03649,Healthy,0,0.8005,0.1808,0.8799,24.567,1.1285,26.294,66.241,6.616,0.014,0.0408
PHB_02658,Moderate Illness,2,0.4525,0.4838,0.5654,25.487,1.3876,24.99,61.103,6.262,0.0463,0.0398
PHB_09827,Severe Disease,3,0.259,0.8617,0.4646,26.139,1.3204,23.625,72.618,6.013,0.0698,0.0749
PHB_01518,Severe Disease,3,0.3924,0.7048,0.414,27.35,1.5895,25.136,75.558,6.256,0.075,0.0847
PHB_05062,Healthy,0,0.8548,0.0,0.9222,23.772,0.9104,23.849,79.528,6.465,0.0181,0.0429
PHB_09350,Healthy,0,0.7832,0.1068,0.8224,23.929,0.9347,22.724,71.243,6.782,0.0245,0.0281
PHB_04625,Healthy,0,0.8326,0.1209,0.8899,24.158,0.9918,26.202,79.09,6.272,0.0173,0.0453
PHB_04273,Severe Disease,3,0.2767,0.737,0.5073,26.722,1.3309,27.765,65.316,6.144,0.0388,0.0684
PHB_03670,Moderate Illness,2,0.4955,0.4651,0.547,25.111,1.2332,27.927,60.149,6.384,0.0494,0.0749
PHB_06567,Moderate Illness,2,0.465,0.541,0.6503,26.174,1.3863,24.26,68.133,6.151,0.0515,0.069
PHB_05801,Early Disease,1,0.5904,0.2948,0.8006,26.207,1.4245,23.507,69.051,6.173,0.0498,0.0579
PHB_02091,Early Disease,1,0.6697,0.2952,0.6397,25.981,1.2085,27.709,66.827,6.588,0.0364,0.0474
PHB_07098,Early Disease,1,0.7092,0.2922,0.7944,24.372,1.1695,24.893,59.528,6.452,0.0418,0.035
PHB_06172,Early Disease,1,0.6766,0.3586,0.8201,25.462,1.0808,23.944,62.033,6.411,0.0373,0.0369
PHB_00573,Early Disease,1,0.6397,0.2593,0.8079,24.155,1.0321,25.393,64.404,6.318,0.038,0.055
PHB_09559,Moderate Illness,2,0.4013,0.5107,0.7113,27.218,1.6588,22.066,69.918,6.335,0.0562,0.073
PHB_04689,Severe Disease,3,0.3039,0.7487,0.4368,26.983,1.4164,30.205,63.442,6.263,0.0695,0.057
PHB_09075,Moderate Illness,2,0.5066,0.5775,0.5789,26.838,1.3147,29.377,68.239,6.351,0.0437,0.0436
PHB_03063,Healthy,0,0.8782,0.012,0.8093,24.588,1.1418,23.49,61.018,6.193,0.0226,0.0516
PHB_09294,Healthy,0,0.8062,0.1467,0.8783,24.976,1.1119,21.049,69.364,6.418,0.025,0.0724
PHB_06471,Early Disease,1,0.6956,0.2753,0.7219,25.551,1.292,29.161,73.219,6.526,0.0396,0.0533
PHB_07161,Moderate Illness,2,0.5072,0.5136,0.5456,25.531,1.2656,26.268,54.098,6.495,0.0419,0.0599
PHB_06634,Moderate Illness,2,0.4472,0.5451,0.6223,27.504,1.109,23.691,74.967,6.5,0.0395,0.063
PHB_08492,Severe Disease,3,0.3476,0.7059,0.501,29.366,1.3595,28.57,64.649,6.038,0.0646,0.093
PHB_07926,Healthy,0,0.7632,0.1246,0.9498,27.218,0.9849,21.677,68.86,6.411,0.0283,0.0405
PHB_07346,Moderate Illness,2,0.4733,0.4636,0.5116,25.768,1.2831,22.829,64.107,6.334,0.0548,0.0699
PHB_06305,Moderate Illness,2,0.5897,0.4321,0.6289,25.971,1.1646,25.319,47.193,6.095,0.0442,0.0507
PHB_07901,Early Disease,1,0.6933,0.3408,0.7209,25.373,1.7315,25.795,64.731,5.923,0.0392,0.0611
PHB_09440,Healthy,0,0.8379,0.0785,0.8299,23.874,0.9499,23.224,68.694,6.245,0.032,0.0313
PHB_08186,Severe Disease,3,0.5289,0.6197,0.4745,27.332,1.3349,28.901,66.82,6.327,0.0732,0.0862
PHB_04480,Severe Disease,3,0.3789,0.8271,0.3473,26.933,1.4014,22.279,58.375,6.265,0.0718,0.0637
PHB_04949,Moderate Illness,2,0.3892,0.4821,0.5123,25.747,1.1777,29.189,64.294,6.383,0.0537,0.0561
PHB_05977,Severe Disease,3,0.3826,0.7749,0.4055,27.901,1.2894,23.428,62.969,6.468,0.0531,0.0605
PHB_00371,Severe Disease,3,0.34,0.7314,0.5069,25.869,1.3212,25.965,72.434,6.562,0.065,0.0662
PHB_01939,Healthy,0,0.805,0.1828,0.8321,24.965,1.1197,28.437,78.832,6.251,0.0288,0.0205
PHB_02353,Healthy,0,0.8487,0.1377,0.8141,24.596,1.0848,20.52,71.227,6.603,0.0286,0.005
PHB_07128,Early Disease,1,0.6642,0.3987,0.8493,25.27,1.1368,26.493,53.271,6.396,0.019,0.0317
PHB_01754,Severe Disease,3,0.3771,0.6937,0.5743,28.293,1.3887,24.777,64.927,6.149,0.0574,0.0774
PHB_03671,Early Disease,1,0.6673,0.3238,0.6612,28.531,1.1199,26.735,74.012,6.609,0.0302,0.0622
PHB_07299,Severe Disease,3,0.3551,0.7702,0.3972,26.847,1.4647,22.701,79.915,6.032,0.0589,0.0445
PHB_03653,Early Disease,1,0.5637,0.3367,0.7431,25.043,0.9988,21.783,61.661,6.478,0.0383,0.0587
PHB_05202,Healthy,0,0.8256,0.0262,0.9152,24.432,1.0633,19.993,77.777,6.461,0.0196,0.0284
PHB_07910,Early Disease,1,0.6688,0.2841,0.69,24.175,1.2401,22.288,69.476,6.183,0.0452,0.0507
PHB_02362,Healthy,0,0.8288,0.0199,0.8388,24.538,1.1478,24.483,70.816,6.632,0.0451,0.058
PHB_04261,Severe Disease,3,0.3725,0.7466,0.4756,27.615,1.5495,20.741,72.786,6.026,0.0779,0.071
PHB_05433,Moderate Illness,2,0.5941,0.4632,0.7787,26.73,1.3343,23.583,80.832,6.452,0.0463,0.0603
PHB_06286,Moderate Illness,2,0.4921,0.6291,0.6297,26.462,1.1157,27.114,65.993,5.882,0.0574,0.0444
PHB_04992,Severe Disease,3,0.409,0.6182,0.3788,27.741,1.4672,22.023,66.239,5.936,0.0708,0.0646
PHB_07601,Severe Disease,3,0.2466,0.6926,0.298,28.295,1.4633,22.037,58.262,6.786,0.0692,0.0881
PHB_09463,Early Disease,1,0.6972,0.3359,0.6619,26.139,1.2496,26.18,64.126,6.175,0.0357,0.05
PHB_03738,Moderate Illness,2,0.4721,0.5486,0.6793,27.487,1.268,24.726,73.392,6.629,0.06,0.0293
PHB_07521,Healthy,0,0.7692,0.0505,0.8794,25.325,1.1005,25.538,66.936,6.475,0.0269,0.0183
PHB_08560,Severe Disease,3,0.3479,0.7764,0.542,27.365,1.721,25.947,62.469,6.222,0.0691,0.0607
PHB_08927,Moderate Illness,2,0.4943,0.557,0.4659,26.181,1.4257,25.138,60.049,6.281,0.0442,0.0702
PHB_09991,Early Disease,1,0.6339,0.3399,0.6902,26.708,1.2456,26.404,60.422,6.141,0.043,0.0615
PHB_05592,Severe Disease,3,0.3987,0.8569,0.3911,27.463,1.3565,23.377,72.731,6.166,0.062,0.0511
PHB_01172,Moderate Illness,2,0.3988,0.582,0.675,26.665,1.3449,25.765,53.702,6.362,0.035,0.0423
PHB_07371,Early Disease,1,0.9315,0.2981,0.8498,26.265,1.1987,26.502,72.876,6.302,0.0336,0.032
PHB_07938,Healthy,0,0.876,0.0996,0.8712,23.352,1.162,21.703,58.719,6.213,0.0179,0.0354
PHB_08087,Severe Disease,3,0.3914,0.7403,0.5129,28.428,1.4489,23.432,63.471,6.404,0.0504,0.0765
PHB_01423,Early Disease,1,0.6435,0.3245,0.7329,25.597,1.1991,24.519,57.987,6.569,0.0351,0.0575
PHB_06783,Moderate Illness,2,0.5441,0.4711,0.6269,26.33,1.2279,25.89,57.336,6.321,0.0452,0.0557
PHB_09444,Early Disease,1,0.6096,0.2529,0.7366,25.905,1.2795,24.382,63.154,6.373,0.0297,0.0628
PHB_08140,Early Disease,1,0.579,0.2651,0.678,24.807,1.0657,25.171,63.027,6.52,0.0502,0.0407
PHB_09351,Severe Disease,3,0.415,0.7595,0.4268,28.631,1.3598,29.497,63.825,6.339,0.056,0.0604
PHB_08019,Early Disease,1,0.6774,0.3036,0.7598,26.351,1.1067,25.517,70.311,6.582,0.0183,0.0586
PHB_06340,Moderate Illness,2,0.6489,0.6126,0.5997,26.889,2.0,22.092,68.21,5.988,0.0475,0.0381
PHB_09648,Moderate Illness,2,0.527,0.5725,0.4938,27.758,1.503,24.516,57.614,6.218,0.0394,0.0439
PHB_00875,Moderate Illness,2,0.484,0.5694,0.6179,25.718,1.109,22.198,78.559,5.908,0.0527,0.0482
PHB_02298,Healthy,0,0.718,0.086,0.8943,24.433,1.154,26.617,51.459,6.229,0.0192,0.0258
PHB_02644,Severe Disease,3,0.3017,0.5918,0.4591,27.086,1.5112,26.016,55.403,6.378,0.056,0.0734
PHB_07532,Healthy,0,1.0091,0.0502,0.857,23.768,0.9354,24.415,69.199,6.565,0.0298,0.0442
PHB_01720,Severe Disease,3,0.4103,0.6533,0.4791,27.038,1.6247,26.453,66.456,6.474,0.0832,0.0583
PHB_05348,Moderate Illness,2,0.521,0.6185,0.5344,25.256,1.5455,26.14,57.597,6.095,0.0505,0.059
PHB_05933,Early Disease,1,0.5817,0.4034,0.7988,26.118,1.2026,25.983,65.834,6.18,0.0334,0.0345
PHB_00841,Healthy,0,0.7976,0.1566,0.872,24.52,1.058,23.532,70.065,6.385,0.03,0.0482
PHB_09938,Early Disease,1,0.7285,0.3239,0.7515,27.01,1.1853,21.896,71.86,6.291,0.026,0.0605
PHB_00582,Moderate Illness,2,0.4566,0.5656,0.608,26.271,1.2663,23.12,51.998,6.443,0.0545,0.0637
PHB_00205,Healthy,0,0.6849,0.08,0.995,23.754,1.2233,22.261,54.187,6.49,0.016,0.0407
PHB_01642,Healthy,0,0.7365,0.115,0.9323,24.656,1.0298,24.21,68.063,6.987,0.051,0.0426
PHB_02015,Early Disease,1,0.651,0.3802,0.6223,25.413,1.4711,24.27,85.017,6.494,0.034,0.0613
PHB_03254,Early Disease,1,0.6168,0.2768,0.6469,24.94,1.0766,24.606,76.834,6.366,0.0344,0.0535
PHB_07541,Severe Disease,3,0.3723,0.8394,0.4399,26.538,1.5391,26.808,68.421,6.369,0.0681,0.0634
PHB_00906,Moderate Illness,2,0.4707,0.5102,0.5088,26.319,1.3439,25.227,62.969,6.141,0.0495,0.0536
PHB_00632,Severe Disease,3,0.2293,0.7508,0.4783,27.509,1.6003,21.214,70.805,6.357,0.0824,0.0647
PHB_08421,Early Disease,1,0.5403,0.3775,0.7738,25.431,1.3269,23.457,75.364,6.036,0.0256,0.0344
PHB_07824,Early Disease,1,0.642,0.3241,0.7332,25.577,1.1597,25.229,64.214,6.312,0.0211,0.0557
PHB_01975,Healthy,0,0.8407,0.1094,0.9073,24.77,1.1182,25.641,69.179,6.224,0.025,0.0368
PHB_00163,Healthy,0,0.8318,0.2139,0.9199,24.709,1.1163,25.314,57.297,6.731,0.0301,0.0275
PHB_04999,Early Disease,1,0.631,0.1965,0.7194,24.886,1.2035,25.899,69.211,6.424,0.0276,0.0627
PHB_01244,Healthy,0,0.7934,0.0959,0.8611,23.075,0.9518,25.266,57.492,6.094,0.0188,0.023
PHB_09451,Severe Disease,3,0.2904,0.7445,0.3533,28.222,1.518,28.741,65.296,6.245,0.0527,0.0675
PHB_07765,Moderate Illness,2,0.5804,0.4825,0.5109,26.364,1.274,25.826,71.44,6.266,0.0391,0.0318
PHB_04714,Severe Disease,3,0.3238,0.7449,0.3314,26.983,1.3095,25.245,65.44,5.644,0.0666,0.0691
PHB_00876,Severe Disease,3,0.3309,0.7164,0.4649,26.126,1.5522,25.38,70.243,6.711,0.0731,0.0526
PHB_01432,Moderate Illness,2,0.4975,0.5356,0.5544,26.689,1.2256,26.914,63.33,6.09,0.0584,0.0689
PHB_08739,Severe Disease,3,0.3243,0.7661,0.3603,26.821,1.4488,24.783,70.336,5.687,0.0647,0.0726
PHB_06869,Moderate Illness,2,0.4545,0.4207,0.564,26.041,1.3913,23.972,65.593,6.205,0.0525,0.0627
PHB_04644,Healthy,0,0.8614,0.0899,0.9208,24.913,0.9067,23.857,61.747,6.132,0.0299,0.0319
PHB_05081,Healthy,0,1.2,0.1314,0.9253,24.207,0.9561,24.836,68.667,6.908,0.0179,0.0327
PHB_05784,Severe Disease,3,0.2951,0.7836,0.6059,27.529,1.4897,24.079,67.25,6.163,0.0561,0.0628
PHB_09139,Early Disease,1,0.6773,0.3504,0.7285,24.791,1.0442,22.379,71.454,6.226,0.0342,0.033
PHB_07617,Early Disease,1,0.5889,0.4249,0.6734,26.353,1.2426,21.941,75.567,6.356,0.0283,0.0347
PHB_08040,Severe Disease,3,0.298,0.7886,0.5316,28.005,1.4906,24.078,49.359,5.96,0.0597,0.0732
PHB_07956,Moderate Illness,2,0.5236,0.5427,0.6405,25.947,1.3339,24.187,53.67,6.247,0.0474,0.0639
PHB_09438,Severe Disease,3,0.3783,0.6548,0.3984,27.673,1.4859,24.593,53.251,6.159,0.0587,0.0858
PHB_02857,Moderate Illness,2,0.5293,0.4811,0.6727,27.239,1.3311,24.983,70.408,6.405,0.0529,0.0522
PHB_01862,Severe Disease,3,0.3039,0.8257,0.4386,27.767,1.4606,22.442,71.273,6.712,0.0553,0.0694
PHB_02660,Healthy,0,0.8954,0.1194,0.9192,24.891,1.1811,22.198,74.442,6.747,0.0174,0.0576
PHB_03385,Healthy,0,0.8124,0.1476,0.8549,23.961,1.2124,24.226,67.742,6.334,0.0265,0.0282
PHB_09565,Moderate Illness,2,0.5445,0.4668,0.5382,26.811,1.2769,24.613,79.967,6.54,0.0506,0.0478
PHB_09777,Healthy,0,0.8832,0.119,0.9113,23.883,1.163,27.019,61.821,6.333,0.0228,0.0334
PHB_08091,Early Disease,1,0.6208,0.3431,0.7795,25.86,1.4051,26.52,70.385,6.281,0.0337,0.032
PHB_08348,Healthy,0,0.9237,0.2475,0.8879,22.501,1.4411,24.337,64.58,6.48,0.016,0.0387
PHB_07463,Healthy,0,0.7587,0.0,0.9069,24.324,1.1998,24.329,68.747,6.415,0.0153,0.0341
PHB_06887,Early Disease,1,0.5764,0.3062,0.7556,26.909,1.1093,26.092,55.541,6.241,0.0415,0.0224
PHB_04734,Healthy,0,0.8541,0.115,0.9091,23.706,0.9629,27.016,66.689,6.373,0.0214,0.034
PHB_03332,Early Disease,1,0.6917,0.3627,0.7478,25.941,1.2063,23.476,72.228,6.765,0.0323,0.0242
PHB_09007,Healthy,0,0.9159,0.0913,0.7966,24.215,1.3025,23.227,79.65,6.23,0.0178,0.0377
PHB_08636,Early Disease,1,0.6654,0.2073,0.62,24.217,1.2153,20.729,52.686,6.846,0.0375,0.054
PHB_06405,Healthy,0,0.7642,0.087,0.8684,25.182,0.9727,24.829,71.729,6.614,0.0327,0.0348
PHB_08347,Moderate Illness,2,0.4914,0.6607,0.6783,25.923,1.3834,20.786,65.01,6.403,0.0467,0.0462
PHB_09465,Severe Disease,3,0.3532,0.6013,0.5172,27.15,1.5711,26.269,59.795,6.26,0.0617,0.0735
PHB_07061,Healthy,0,0.9222,0.1571,0.9239,24.346,1.1206,22.989,58.731,6.655,0.0305,0.0569
PHB_02097,Healthy,0,0.8114,0.1389,0.9739,24.507,1.0266,30.953,57.518,6.31,0.0283,0.014
PHB_02004,Moderate Illness,2,0.4497,0.3846,0.6376,26.77,1.2432,22.002,60.222,6.382,0.0507,0.0558
PHB_08805,Severe Disease,3,0.3675,0.7913,0.4443,27.387,1.236,22.416,62.281,6.586,0.0576,0.0502
PHB_09733,Severe Disease,3,0.283,0.7356,0.435,26.986,1.5352,23.9,71.255,6.561,0.0723,0.0568
PHB_04677,Healthy,0,0.7953,0.1172,0.8424,25.554,0.975,28.018,75.824,6.308,0.0228,0.0271
PHB_05018,Early Disease,1,0.7695,0.3499,0.795,27.665,1.1866,22.25,57.011,6.109,0.0381,0.0589
PHB_07470,Moderate Illness,2,0.4859,0.4804,0.5585,27.55,1.0231,26.848,62.139,6.494,0.049,0.058
PHB_00547,Early Disease,1,0.6341,0.2781,0.778,27.223,1.1317,19.439,60.712,6.293,0.0429,0.0591
PHB_01450,Healthy,0,0.794,0.1853,0.9202,25.167,1.2868,21.643,61.269,6.809,0.0212,0.0404
PHB_03987,Healthy,0,0.626,0.0618,0.9929,25.175,0.9027,27.189,67.165,6.133,0.0244,0.0516
PHB_06901,Early Disease,1,0.6587,0.2302,0.8992,24.957,1.4232,25.769,66.505,6.191,0.0396,0.0334
PHB_02611,Severe Disease,3,0.352,0.8591,0.489,26.702,1.4239,25.952,55.751,6.401,0.0586,0.0963
PHB_01901,Moderate Illness,2,0.5052,0.4312,0.5365,26.813,1.4617,30.563,64.714,6.326,0.0492,0.0636
PHB_03921,Healthy,0,0.7597,0.211,0.9291,25.504,1.0157,20.789,71.08,6.393,0.0419,0.0254
PHB_02758,Moderate Illness,2,0.4674,0.5406,0.6857,26.819,1.1124,22.691,58.729,6.32,0.0432,0.0729
PHB_06125,Healthy,0,0.9494,0.1841,0.9341,23.424,1.1392,25.587,69.518,6.394,0.0279,0.0291
PHB_06398,Healthy,0,0.7514,0.1225,0.832,24.041,1.0232,21.701,63.661,6.435,0.0246,0.04
PHB_01886,Early Disease,1,0.634,0.2988,0.9722,25.815,1.2302,29.158,61.87,6.158,0.0508,0.0642
PHB_09824,Early Disease,1,0.5697,0.2909,0.6415,25.768,1.3284,28.097,57.661,6.353,0.0354,0.0417
PHB_05739,Severe Disease,3,0.3124,0.8333,0.482,27.44,1.5721,24.927,48.591,6.335,0.059,0.0606
PHB_08668,Moderate Illness,2,0.5086,0.4974,0.5372,26.832,1.2869,23.925,62.623,6.673,0.0509,0.0745
PHB_05891,Severe Disease,3,0.3494,0.6016,0.5031,26.952,1.3399,22.962,64.59,6.158,0.0658,0.075
PHB_02098,Early Disease,1,0.7199,0.2392,0.6543,25.417,1.132,24.643,75.378,6.426,0.0389,0.0341
PHB_09290,Healthy,0,0.7882,0.1723,0.8538,24.725,1.1331,28.771,61.246,6.264,0.0269,0.0512
PHB_05693,Moderate Illness,2,0.5812,0.4393,0.6066,25.044,1.1288,22.987,60.957,6.504,0.0456,0.0688
PHB_00500,Moderate Illness,2,0.4864,0.5808,0.6215,26.923,1.2742,26.699,68.062,6.537,0.0434,0.0834
PHB_05625,Healthy,0,0.878,0.0295,0.8754,24.563,1.0642,24.476,69.916,6.241,0.0228,0.0292
PHB_00837,Severe Disease,3,0.3734,0.6647,0.4862,26.846,1.5876,24.037,50.227,6.319,0.0488,0.0609
PHB_03472,Early Disease,1,0.6304,0.3631,0.8137,26.032,1.3059,24.78,51.732,6.645,0.0293,0.0373
PHB_04698,Early Disease,1,0.6654,0.4399,0.7029,26.53,1.2026,23.205,61.936,5.855,0.0296,0.0432
PHB_06281,Severe Disease,3,0.2844,0.6603,0.5826,28.258,1.2794,23.92,66.794,6.292,0.066,0.074
PHB_08884,Healthy,0,0.8047,0.1788,0.7878,24.045,1.178,25.547,59.468,6.355,0.0291,0.028
PHB_02172,Early Disease,1,0.7225,0.2994,0.7345,24.902,1.2839,21.2,67.706,6.655,0.0378,0.0434
PHB_09232,Severe Disease,3,0.406,0.6482,0.4705,26.933,1.4789,24.762,59.592,6.375,0.0694,0.0817
PHB_05679,Severe Disease,3,0.4329,0.7717,0.3779,28.55,1.4151,23.907,57.709,6.148,0.0516,0.0892
PHB_09185,Severe Disease,3,0.2533,0.7848,0.4595,27.349,1.5045,27.792,63.677,6.194,0.0729,0.0784
PHB_00399,Early Disease,1,0.624,0.2827,0.7966,25.808,0.909,25.94,75.065,6.187,0.0348,0.036
PHB_02011,Healthy,0,0.8703,0.0834,0.9551,25.136,1.0633,23.616,63.192,6.724,0.0144,0.0483
PHB_05167,Early Disease,1,0.6739,0.3369,0.6431,25.087,1.3882,23.455,56.836,6.326,0.0472,0.042
PHB_05872,Early Disease,1,0.651,0.3506,0.8955,24.975,1.2429,22.51,76.059,6.309,0.0357,0.0447
PHB_09793,Healthy,0,0.8244,0.0777,0.9333,23.563,1.3412,23.347,62.509,6.73,0.0317,0.044
PHB_01284,Moderate Illness,2,0.5062,0.4306,0.5945,25.588,1.1937,26.172,69.075,6.307,0.068,0.0752
PHB_08391,Moderate Illness,2,0.5634,0.536,0.7063,25.754,1.222,23.39,69.945,6.026,0.0537,0.0744
PHB_02449,Moderate Illness,2,0.4927,0.494,0.6093,25.752,1.1696,22.659,62.757,6.598,0.0491,0.052
PHB_04257,Healthy,0,0.8063,0.1781,0.8701,24.257,1.2473,25.122,59.948,6.514,0.0276,0.0333
PHB_01837,Healthy,0,0.7277,0.1604,0.8678,24.86,1.1106,26.19,61.573,6.138,0.0311,0.0439
PHB_09597,Healthy,0,0.8017,0.0833,0.8519,24.378,1.1867,23.759,71.292,6.451,0.0334,0.018
PHB_01020,Early Disease,1,0.6587,0.3176,0.6685,26.177,1.1131,25.275,64.241,5.807,0.0407,0.0474
PHB_05067,Moderate Illness,2,0.5524,0.4283,0.6524,26.57,1.5826,20.118,63.768,6.007,0.0407,0.0628
PHB_01327,Early Disease,1,0.6487,0.361,0.7597,25.391,1.1511,25.167,76.126,6.485,0.0402,0.0226
PHB_08753,Severe Disease,3,0.2483,0.6356,0.4771,27.133,1.3503,24.656,69.003,6.101,0.0582,0.0698
PHB_00476,Early Disease,1,0.7309,0.3881,0.7884,25.6,1.2359,24.998,67.533,6.337,0.046,0.0463
PHB_02811,Healthy,0,0.8813,0.2376,0.9459,24.52,1.0635,23.041,70.917,6.612,0.0184,0.0135
PHB_08633,Healthy,0,0.7403,0.1017,0.9414,24.017,1.0311,24.643,79.386,6.243,0.027,0.0221
PHB_01652,Early Disease,1,0.7054,0.3106,0.7265,25.269,1.2974,23.857,70.042,5.977,0.0289,0.0374
PHB_09612,Moderate Illness,2,0.5944,0.5957,0.5682,26.819,1.2792,24.623,78.849,6.675,0.0416,0.0671
PHB_01170,Healthy,0,0.8515,0.1359,0.8197,24.252,0.9457,23.035,76.587,6.7,0.0309,0.0295
PHB_02529,Severe Disease,3,0.3721,0.765,0.4032,27.405,1.466,29.889,73.307,5.99,0.0417,0.0833
PHB_01207,Moderate Illness,2,0.8909,0.576,0.5934,25.494,1.35,23.229,67.751,6.049,0.0394,0.0554
PHB_06257,Moderate Illness,2,0.4906,0.5208,0.7272,24.998,1.4782,21.495,66.854,6.447,0.0671,0.0699
PHB_07927,Healthy,0,0.8562,0.0971,0.9696,25.076,1.1298,24.675,86.378,6.365,0.0358,0.0428
PHB_05470,Healthy,0,0.7527,0.0858,0.9276,25.084,0.9953,25.871,87.988,6.602,0.0065,0.0279
PHB_09384,Severe Disease,3,0.257,0.6107,0.4552,27.721,1.2699,23.071,61.594,6.005,0.085,0.0697
PHB_00432,Severe Disease,3,0.2572,0.7858,0.3742,28.201,1.2662,23.663,76.17,6.007,0.0711,0.0678
PHB_07701,Healthy,0,0.8397,0.1403,0.9061,30.106,1.2736,24.141,77.126,6.279,0.0285,0.0299
PHB_00868,Severe Disease,3,0.2597,0.7249,0.4539,27.118,1.4284,25.836,58.405,6.417,0.056,0.0599
PHB_02975,Moderate Illness,2,0.4261,0.4759,0.5955,27.371,1.3112,26.259,67.784,6.968,0.0442,0.0643
PHB_05237,Healthy,0,0.8317,0.1359,0.8418,24.715,1.0907,23.819,74.37,6.025,0.0321,0.0419
PHB_05094,Early Disease,1,0.6479,0.4873,0.7419,25.809,1.0411,25.489,74.035,6.62,0.0373,0.0226
PHB_05434,Early Disease,1,0.588,0.277,0.875,25.259,1.197,23.855,62.838,6.328,0.0241,0.0415
PHB_00542,Moderate Illness,2,0.5132,0.508,0.5869,26.361,1.3844,25.466,62.322,5.876,0.0407,0.0444
PHB_05196,Severe Disease,3,0.3536,0.7553,0.4615,26.878,1.4294,25.511,66.167,6.051,0.0623,0.054
PHB_01133,Healthy,0,0.8505,0.0732,0.9756,25.437,1.0858,22.82,82.157,6.163,0.0148,0.0287
PHB_09838,Early Disease,1,0.7244,0.2662,0.7492,25.259,1.1765,22.405,65.138,6.929,0.0421,0.0425
PHB_04502,Early Disease,1,0.7376,0.3666,0.748,26.489,1.1281,24.065,67.385,6.281,0.0464,0.0515
PHB_06355,Early Disease,1,0.5491,0.2789,0.6807,25.367,1.34,26.218,73.593,6.618,0.0543,0.041
PHB_09334,Moderate Illness,2,0.492,0.5152,0.6839,26.183,1.4168,25.464,56.05,6.211,0.0406,0.0492
PHB_03391,Healthy,0,0.8763,0.108,0.9369,25.956,0.9615,23.732,79.422,6.006,0.0128,0.0506
PHB_03889,Severe Disease,3,0.2125,0.7549,0.4533,28.209,1.5684,25.789,59.793,6.069,0.0747,0.067
PHB_02963,Healthy,0,0.7133,0.1871,0.8201,24.438,1.1491,27.453,61.047,6.661,0.0348,0.0082
PHB_04156,Healthy,0,0.7988,0.1955,0.8735,24.024,0.8102,22.049,76.875,6.628,0.031,0.0508
PHB_03260,Healthy,0,0.8004,0.1242,0.8654,24.845,0.9997,20.962,47.809,6.44,0.0314,0.0459
PHB_06303,Moderate Illness,2,0.5785,0.516,0.5564,27.287,1.1686,23.487,80.917,6.252,0.0578,0.0703
PHB_06035,Severe Disease,3,0.4178,0.6494,0.3313,27.732,1.4896,25.069,58.48,6.135,0.0498,0.0954
PHB_07919,Severe Disease,3,0.4205,0.7683,0.4481,27.908,1.5053,24.584,65.939,6.184,0.0699,0.0658
PHB_09937,Early Disease,1,0.6125,0.3365,0.7708,26.055,1.238,26.54,76.059,6.233,0.0446,0.0486
PHB_02584,Healthy,0,0.766,0.0618,0.7357,23.583,1.0574,26.405,71.02,6.788,0.0373,0.0352
PHB_02814,Healthy,0,0.9008,0.1413,0.9045,24.315,1.1043,27.212,81.19,6.344,0.0311,0.0334
PHB_03960,Early Disease,1,0.7239,0.2784,0.736,25.648,1.0398,26.248,56.0,6.307,0.0166,0.0508
PHB_02948,Severe Disease,3,0.2682,0.6852,0.5933,27.742,1.5074,28.914,61.941,5.896,0.085,0.0819
PHB_06644,Early Disease,1,0.7099,0.3497,0.7404,26.12,1.1763,23.699,67.768,6.316,0.0506,0.044
PHB_05175,Healthy,0,0.8553,0.1785,0.8337,24.115,1.1585,25.358,79.081,6.458,0.0265,0.0521
PHB_06842,Severe Disease,3,0.337,0.6053,0.4415,27.564,1.4906,25.385,52.112,5.728,0.0649,0.0833
PHB_08299,Healthy,0,0.8384,0.0594,0.8764,24.081,0.9141,22.238,64.204,6.284,0.0396,0.0496
PHB_03587,Early Disease,1,0.6185,0.288,0.658,25.797,1.0051,26.3,62.499,6.79,0.037,0.042
PHB_09229,Severe Disease,3,0.4029,0.7043,0.525,26.942,1.3242,25.473,65.925,6.155,0.0485,0.0657
PHB_07989,Moderate Illness,2,0.5106,0.4631,0.5446,26.26,1.3698,25.705,64.965,6.199,0.0564,0.0708
PHB_02564,Moderate Illness,2,0.5141,0.4705,0.6629,25.144,1.3366,26.483,71.712,6.473,0.062,0.0707
PHB_02631,Healthy,0,0.848,0.1845,0.9295,24.005,1.2722,25.053,58.609,6.647,0.0293,0.0403
PHB_03191,Healthy,0,0.8335,0.1109,0.8467,24.44,1.1874,28.91,73.897,6.78,0.03,0.0566
PHB_07779,Healthy,0,0.7948,0.1384,0.95,23.021,0.9733,28.568,56.055,6.398,0.0252,0.0442
PHB_07646,Early Disease,1,0.6556,0.4241,0.6376,29.837,1.0806,28.517,60.931,5.997,0.0362,0.0554
PHB_05037,Severe Disease,3,0.3152,0.8004,0.424,25.651,1.4384,25.355,52.264,6.245,0.0688,0.0666
PHB_01081,Healthy,0,0.8707,0.0694,0.8091,24.084,1.1028,23.365,58.433,6.349,0.0138,0.0391
PHB_04284,Healthy,0,0.7745,0.1806,0.878,25.098,0.9603,25.429,63.254,6.292,0.0102,0.0302
PHB_09712,Early Disease,1,0.5879,0.3107,0.6882,25.361,1.2104,22.473,63.439,6.254,0.0382,0.0404
PHB_07086,Severe Disease,3,0.3681,0.8196,0.4107,29.026,1.5637,23.381,58.729,5.965,0.052,0.0719
PHB_02086,Early Disease,1,0.6174,0.3878,0.6292,25.647,1.0529,23.079,66.241,6.466,0.0504,0.0567
PHB_06346,Moderate Illness,2,0.404,0.6051,0.5213,25.971,1.3247,28.462,55.369,6.315,0.0413,0.049
PHB_02453,Moderate Illness,2,0.5514,0.5071,0.6189,26.854,1.0913,23.393,60.273,6.396,0.0474,0.0762
PHB_04967,Early Disease,1,0.6353,0.2863,0.7133,24.384,1.0892,26.612,56.487,6.327,0.0554,0.0646
PHB_02024,Healthy,0,0.7789,0.1829,0.9306,24.154,0.8943,21.224,80.0,6.44,0.0147,0.0246
PHB_08072,Moderate Illness,2,0.5042,0.4786,0.5633,25.818,1.2589,23.844,64.759,6.485,0.0518,0.0591
PHB_08988,Severe Disease,3,0.3533,0.6509,0.3514,27.477,1.2973,25.386,68.435,5.989,0.0636,0.0516
PHB_08719,Moderate Illness,2,0.4353,0.5101,0.5814,27.11,1.405,24.276,68.313,6.49,0.0589,0.0591
PHB_07322,Healthy,0,0.8896,0.1541,0.8554,24.148,1.0588,25.859,74.238,6.605,0.0309,0.0415
PHB_00227,Healthy,0,0.9048,0.2236,0.9003,23.737,1.1341,25.123,63.062,6.861,0.035,0.0324
PHB_01014,Severe Disease,3,0.4382,0.6424,0.5138,26.289,1.396,24.135,67.033,6.145,0.0424,0.0631
PHB_06680,Early Disease,1,0.679,0.38,0.7256,25.27,1.279,22.691,64.869,6.763,0.0412,0.0509
PHB_01930,Early Disease,1,0.696,0.3331,0.7247,24.785,1.1802,27.799,66.108,6.675,0.0257,0.0426
PHB_01044,Moderate Illness,2,0.4942,0.5678,0.6133,26.551,1.3378,24.425,72.104,6.31,0.0397,0.0434
PHB_05252,Healthy,0,0.732,0.0925,0.8576,24.419,0.9092,23.185,62.793,6.369,0.0331,0.054
PHB_01405,Healthy,0,0.8712,0.1834,0.9104,24.385,1.2756,23.993,69.408,6.191,0.0348,0.0376
PHB_02180,Severe Disease,3,0.3223,0.8294,0.3878,25.625,1.5069,24.863,54.665,6.428,0.0453,0.0822
PHB_00698,Moderate Illness,2,0.5381,0.4868,0.5838,26.723,1.2965,25.642,74.262,5.897,0.0474,0.0604
PHB_01125,Early Disease,1,0.7605,0.3216,0.6875,25.788,1.2526,25.449,75.757,6.087,0.0189,0.0468
PHB_07379,Early Disease,1,0.685,0.2475,0.8074,25.834,1.3377,25.74,53.09,6.182,0.0349,0.0464
PHB_03896,Moderate Illness,2,0.5311,0.4578,0.6219,27.263,1.3621,30.045,66.098,6.49,0.0338,0.0528
PHB_08218,Moderate Illness,2,0.4407,0.6029,0.6129,26.064,1.188,23.695,73.835,6.214,0.036,0.0727
PHB_05111,Healthy,0,0.7656,0.1028,0.9649,24.614,1.0592,24.724,76.288,6.894,0.0066,0.0401
PHB_01779,Early Disease,1,0.6804,0.1913,0.8263,25.777,1.1139,29.087,62.738,6.447,0.0447,0.0598
PHB_07787,Moderate Illness,2,0.5079,0.5454,0.6191,26.678,0.8884,24.549,64.597,6.557,0.0469,0.0575
PHB_02635,Moderate Illness,2,0.5553,0.5701,0.6462,25.876,1.3361,25.038,73.875,6.299,0.0438,0.0616
PHB_07188,Early Disease,1,0.6881,0.3285,0.7018,24.546,1.0696,26.33,57.465,6.757,0.0412,0.0356
PHB_07545,Moderate Illness,2,0.5843,0.5653,0.6196,26.278,1.3853,24.524,61.126,6.298,0.0424,0.0494
PHB_07605,Severe Disease,3,0.4044,0.6812,0.4331,27.734,1.433,25.302,70.632,6.387,0.0599,0.0557
PHB_03490,Early Disease,1,0.7329,0.3241,0.7521,25.738,1.408,21.987,62.466,6.427,0.0219,0.0479
PHB_08260,Moderate Illness,2,0.577,0.5329,0.6649,25.671,1.1422,23.618,63.85,6.282,0.0541,0.0733
PHB_01038,Early Disease,1,0.6519,0.3932,0.7357,25.693,1.2225,22.091,72.885,6.549,0.0385,0.0505
PHB_06094,Moderate Illness,2,0.5916,0.4792,0.6551,25.791,1.2272,26.44,58.765,6.002,0.061,0.061
PHB_02257,Severe Disease,3,0.3634,0.7197,0.5055,26.833,1.4589,25.145,69.082,6.048,0.0679,0.058
PHB_08189,Moderate Illness,2,0.5425,0.6273,0.4843,25.579,1.4967,24.916,64.076,6.115,0.0462,0.0729
PHB_02614,Severe Disease,3,0.3742,0.7909,0.5389,28.005,1.5927,25.032,62.922,6.523,0.0626,0.0863
PHB_00314,Early Disease,1,0.7791,0.3356,0.8238,24.608,1.1906,21.637,57.307,6.315,0.0429,0.0481
PHB_02650,Severe Disease,3,0.3532,0.7588,0.5381,26.896,1.3749,27.272,73.748,6.463,0.0577,0.0653
PHB_02282,Healthy,0,0.7267,0.0535,0.7466,25.068,1.0402,23.504,67.953,6.499,0.0277,0.0505
PHB_06742,Early Disease,1,0.6564,0.2799,0.8011,26.009,1.0393,19.988,60.737,6.238,0.0278,0.0483
PHB_02980,Severe Disease,3,0.2977,0.7013,0.5237,26.225,1.2971,23.474,71.422,6.118,0.0479,0.0736
PHB_02548,Healthy,0,0.811,0.1223,0.8387,24.343,1.4257,29.174,63.566,6.066,0.0196,0.0229
PHB_05513,Early Disease,1,0.6033,0.2951,0.8043,25.703,1.3057,26.105,49.788,6.138,0.0597,0.0657
PHB_05133,Healthy,0,0.7681,0.0985,0.9202,24.348,1.0674,25.39,72.063,6.671,0.0396,0.0396
PHB_02160,Healthy,0,0.8211,0.1171,0.9559,23.253,1.0948,24.138,76.502,6.129,0.0179,0.0247
PHB_07081,Severe Disease,3,0.4293,0.6715,0.5649,26.796,1.3495,26.892,70.906,6.504,0.0512,0.0935
PHB_03138,Healthy,0,0.8545,0.0554,0.881,25.286,1.1093,23.962,63.918,6.345,0.0026,0.0307
PHB_09080,Early Disease,1,0.666,0.3491,0.7373,26.051,1.1995,25.886,61.497,6.434,0.0372,0.0534
PHB_05851,Severe Disease,3,0.3875,0.7489,0.5548,26.445,1.2846,25.038,71.996,6.249,0.0612,0.0687
PHB_09866,Early Disease,1,0.7199,0.1952,0.7793,25.435,1.1019,27.777,67.026,6.431,0.0551,0.0461
PHB_06446,Healthy,0,0.882,0.1597,0.8605,25.198,1.1203,24.809,64.59,6.655,0.0099,0.0087
PHB_03968,Healthy,0,0.7611,0.1313,0.7694,25.536,1.3858,22.695,72.857,6.628,0.0021,0.0277
PHB_01429,Severe Disease,3,0.3268,0.7339,0.4213,27.435,1.4346,21.43,57.498,5.892,0.056,0.0747
PHB_08423,Moderate Illness,2,0.4288,0.5776,0.5115,26.015,1.3662,25.817,66.533,6.178,0.0518,0.0685
PHB_02521,Healthy,0,0.9005,0.1907,0.8219,24.846,1.1525,24.186,64.758,6.342,0.0374,0.0254
PHB_07838,Moderate Illness,2,0.455,0.5459,0.576,25.759,1.2991,26.17,68.662,6.474,0.0674,0.0702
PHB_04970,Moderate Illness,2,0.5053,0.5938,0.5584,27.512,1.167,25.155,61.903,6.192,0.0493,0.062
PHB_01856,Severe Disease,3,0.3954,0.8085,0.3768,27.035,1.3434,26.403,62.525,6.178,0.0559,0.0565
PHB_08885,Early Disease,1,0.6362,0.2656,0.757,24.42,1.1647,25.148,78.308,6.419,0.036,0.0419
PHB_05603,Severe Disease,3,0.3954,0.7435,0.4113,26.747,1.3798,24.65,66.577,6.416,0.0612,0.0736
PHB_09345,Moderate Illness,2,0.5623,0.5136,0.4813,25.938,1.0757,25.994,77.93,5.907,0.0479,0.0625
PHB_09869,Healthy,0,0.7776,0.1323,1.0286,22.691,1.1233,24.888,71.571,6.409,0.0247,0.0466
PHB_00449,Healthy,0,0.7079,0.0673,0.818,24.887,0.963,24.286,59.603,6.65,0.0112,0.05
PHB_07704,Moderate Illness,2,0.5402,0.4344,0.6373,25.12,1.386,26.731,66.98,6.66,0.0606,0.0676
PHB_01285,Severe Disease,3,0.3982,0.6975,0.3743,27.209,1.3205,23.067,60.237,6.126,0.0633,0.0761
PHB_05996,Early Disease,1,0.5862,0.3323,0.7636,25.066,1.4369,25.006,55.852,6.477,0.0234,0.0433
PHB_07900,Early Disease,1,0.6141,0.3417,0.7915,26.051,1.3017,24.159,66.364,6.302,0.0541,0.0583
PHB_03728,Healthy,0,0.8539,0.0907,0.8999,24.2,1.001,24.334,68.112,6.551,0.0255,0.0343
PHB_07354,Moderate Illness,2,0.4955,0.5826,0.6292,26.906,1.2576,21.99,58.459,6.251,0.0437,0.0717
PHB_00362,Healthy,0,0.841,0.0782,0.8423,23.884,0.9992,24.414,56.39,6.328,0.0144,0.0411
PHB_06280,Healthy,0,0.8675,0.1786,0.956,25.131,1.0295,26.553,74.584,6.277,0.0325,0.0249
PHB_05231,Severe Disease,3,0.3046,0.7436,0.3308,27.912,1.4873,21.352,66.043,6.068,0.0582,0.082
PHB_08943,Healthy,0,0.9034,0.0935,0.9402,24.54,1.159,24.844,65.943,6.162,0.0261,0.03
PHB_07296,Severe Disease,3,0.2962,0.6943,0.4366,28.627,1.3719,23.886,45.997,6.062,0.0631,0.0796
PHB_08892,Moderate Illness,2,0.591,0.5408,0.6921,25.451,1.4571,25.045,64.231,6.376,0.0268,0.0734
PHB_07535,Early Disease,1,0.6342,0.3057,0.7032,24.121,0.9131,29.501,63.718,6.31,0.0175,0.0441
PHB_06252,Healthy,0,0.8199,0.1415,0.8849,24.131,1.1356,23.887,70.976,6.648,0.0274,0.0251
PHB_05927,Severe Disease,3,0.3025,0.6764,0.5193,26.719,1.3173,23.648,64.915,6.002,0.0666,0.0933
PHB_05150,Early Disease,1,0.6079,0.4182,0.7073,24.443,1.1413,22.78,60.171,6.201,0.0165,0.0433
PHB_02461,Severe Disease,3,0.2864,0.7166,0.382,25.804,1.3785,25.363,49.561,6.052,0.06,0.0736
PHB_00023,Severe Disease,3,0.3945,0.6698,0.3511,26.272,1.4364,24.713,63.681,6.504,0.0642,0.0509
PHB_02067,Moderate Illness,2,0.4777,0.4777,0.573,26.123,1.3017,27.222,66.587,6.353,0.0402,0.0588
PHB_01654,Healthy,0,0.9201,0.0424,0.8797,23.132,1.1843,27.152,75.545,6.368,0.0057,0.0416
PHB_00703,Healthy,0,0.8517,0.1815,0.9076,25.097,1.1384,21.406,67.119,5.872,0.0076,0.0501
PHB_08491,Healthy,0,0.8899,0.1278,0.9316,23.712,0.8622,28.63,64.922,6.345,0.0376,0.0249
PHB_02744,Severe Disease,3,0.2686,0.5505,0.46,27.5,1.42,25.814,61.582,5.947,0.074,0.0561
PHB_01377,Moderate Illness,2,0.4461,0.485,0.5994,26.069,1.2557,25.37,65.757,6.396,0.0568,0.0539
PHB_01725,Early Disease,1,0.6449,0.2796,0.6476,26.958,1.3162,27.07,56.025,6.384,0.0251,0.0583
PHB_02469,Moderate Illness,2,0.4913,0.6031,0.6384,27.214,1.1145,20.577,61.038,6.369,0.0368,0.0799
PHB_03755,Early Disease,1,0.768,0.2557,0.6994,26.494,1.2129,23.459,65.824,6.222,0.0369,0.0294
PHB_02326,Severe Disease,3,0.3615,0.7445,0.5706,27.906,1.184,24.212,61.473,6.067,0.0642,0.0683
PHB_00461,Moderate Illness,2,0.5111,0.5025,0.5964,26.547,1.0992,23.833,70.72,6.515,0.03,0.0485
PHB_05164,Early Disease,1,0.6393,0.3221,0.6706,25.86,1.0001,27.729,66.635,7.021,0.0353,0.03
PHB_04184,Early Disease,1,0.684,0.267,0.7049,24.979,1.1287,26.876,70.788,6.011,0.0424,0.0503
PHB_05527,Early Disease,1,0.663,0.4378,0.87,26.096,1.3033,23.787,64.637,6.442,0.0483,0.0521
PHB_04083,Moderate Illness,2,0.5162,0.5947,0.5235,25.327,1.2779,24.786,60.085,6.341,0.0583,0.068
PHB_01487,Severe Disease,3,0.3775,0.6607,0.4972,28.137,1.3651,21.98,54.225,5.804,0.0767,0.0853
PHB_03679,Early Disease,1,0.6612,0.277,0.7928,25.288,1.3426,27.449,63.454,6.596,0.0356,0.0588
PHB_00283,Healthy,0,0.8338,0.0943,0.8791,26.724,0.9386,19.661,73.419,6.542,0.0457,0.0161
PHB_06580,Severe Disease,3,0.3781,0.7019,0.5406,26.208,1.4797,27.224,55.364,6.022,0.0522,0.0911
PHB_04559,Healthy,0,0.766,0.0146,0.8883,24.515,1.1914,25.71,72.304,6.302,0.0177,0.0131
PHB_04309,Severe Disease,3,0.2575,0.7821,0.6386,27.794,1.2514,23.976,66.544,6.122,0.0652,0.1
PHB_06685,Healthy,0,0.7831,0.1936,0.835,24.283,1.0952,26.192,69.7,6.249,0.0144,0.0374
PHB_04866,Healthy,0,0.8403,0.1174,0.9307,23.591,0.9714,20.626,73.011,6.335,0.019,0.0322
PHB_03538,Moderate Illness,2,0.5668,0.5758,0.4911,26.071,1.2533,28.223,59.183,6.762,0.0592,0.0495
PHB_03869,Moderate Illness,2,0.5386,0.5263,0.6376,27.157,1.1676,26.138,65.138,6.256,0.0405,0.065
PHB_07004,Moderate Illness,2,0.592,0.5323,0.6114,26.517,1.3557,25.0,67.138,6.335,0.0403,0.083
PHB_02582,Severe Disease,3,0.2897,0.6813,0.6011,27.195,1.3762,24.549,64.295,6.353,0.0718,0.0795
PHB_01369,Healthy,0,0.7879,0.1208,0.8406,23.186,1.0357,23.324,61.5,6.319,0.0256,0.0337
PHB_09470,Healthy,0,0.6762,0.118,0.8382,24.078,0.9481,22.591,62.179,6.54,0.0139,0.0199
PHB_08198,Healthy,0,0.8069,0.139,0.7578,25.225,1.1878,26.486,54.655,6.408,0.0154,0.0389
PHB_00598,Moderate Illness,2,0.492,0.5589,0.6054,27.16,1.1761,20.141,56.941,6.417,0.0495,0.0413
PHB_04352,Healthy,0,0.7229,0.1563,0.7894,24.456,1.0768,26.707,63.507,6.375,0.0231,0.0455
PHB_06347,Severe Disease,3,0.3856,0.7411,0.4819,27.462,1.2894,25.53,71.072,5.857,0.0633,0.0801
PHB_08977,Healthy,0,0.9133,0.0,0.9102,23.568,1.1857,25.267,68.506,6.352,0.0106,0.0681
PHB_06380,Early Disease,1,0.6547,0.292,0.8182,24.924,1.2813,25.374,65.431,6.243,0.0468,0.0528
PHB_04759,Healthy,0,0.8502,0.1343,0.7788,24.633,1.2222,29.211,71.593,6.747,0.0393,0.0329
PHB_00647,Healthy,0,0.7048,0.0874,0.9068,25.091,1.0283,22.251,63.678,6.808,0.0219,0.0423
PHB_06382,Severe Disease,3,0.2901,0.7208,0.4359,26.91,1.4266,25.948,71.726,6.376,0.0562,0.0796
PHB_07528,Severe Disease,3,0.3727,0.7234,0.4657,27.218,1.3206,24.54,53.038,6.044,0.0567,0.0557
PHB_09698,Early Disease,1,0.679,0.3837,0.807,25.502,1.2205,24.548,60.126,6.672,0.0254,0.0508
PHB_06024,Severe Disease,3,0.2896,0.7114,0.3945,27.523,1.6164,26.963,59.01,5.917,0.0604,0.0746
PHB_07955,Severe Disease,3,0.3418,0.7099,0.4337,27.461,1.4004,25.621,71.791,6.255,0.0617,0.0706
PHB_07166,Early Disease,1,0.6566,0.3563,0.803,26.299,1.3706,25.997,51.506,6.141,0.034,0.0771
PHB_03469,Early Disease,1,0.5648,0.2818,0.6605,25.209,1.0891,24.431,77.186,6.043,0.0267,0.051
PHB_07798,Severe Disease,3,0.4592,0.6821,0.5876,27.891,1.1889,23.957,59.078,5.784,0.0784,0.0721
PHB_07698,Severe Disease,3,0.3994,0.6952,0.3738,26.002,1.1967,26.44,70.157,6.175,0.054,0.0712
PHB_02991,Severe Disease,3,0.3235,0.7525,0.4722,27.407,1.393,22.046,54.344,6.495,0.048,0.0716
PHB_09408,Healthy,0,0.7967,0.1173,0.9296,24.526,1.162,23.384,85.204,6.052,0.0065,0.0112
PHB_04876,Moderate Illness,2,0.4393,0.498,0.5729,25.557,1.4584,25.69,75.275,6.27,0.0481,0.0686
PHB_02545,Moderate Illness,2,0.4544,0.5785,0.5636,26.299,1.5415,25.089,71.289,5.93,0.0521,0.0704
PHB_08596,Severe Disease,3,0.3402,0.618,0.4447,27.051,1.3701,25.821,80.696,6.206,0.0547,0.075
PHB_05342,Healthy,0,0.6765,0.0921,0.9593,24.56,0.9092,25.606,66.435,6.453,0.034,0.0505
PHB_01568,Healthy,0,0.7412,0.2075,0.9753,25.451,1.214,23.966,68.493,6.326,0.0125,0.0329
PHB_09995,Early Disease,1,0.6054,0.3683,0.6848,26.353,1.1449,26.682,61.009,6.402,0.0501,0.0544
PHB_04067,Early Disease,1,0.6404,0.2752,0.7214,26.143,1.0911,22.491,68.939,6.355,0.0231,0.04
PHB_03989,Severe Disease,3,0.3723,0.6902,0.382,26.617,1.3787,24.404,64.781,6.143,0.0739,0.0916
PHB_07032,Healthy,0,0.8938,0.0,0.8572,23.849,0.9512,25.302,59.825,6.519,0.0261,0.0302
PHB_02161,Early Disease,1,0.6308,0.1903,0.8088,24.903,1.1005,24.538,59.64,6.803,0.0422,0.0266
PHB_00686,Early Disease,1,0.6385,0.331,0.7293,24.398,1.1558,24.745,70.002,6.313,0.0362,0.0471
PHB_07603,Moderate Illness,2,0.3997,0.5346,0.5965,26.283,1.3752,26.221,53.618,6.369,0.046,0.0564
PHB_07785,Early Disease,1,0.5806,0.2838,0.6944,24.6,0.9557,26.603,69.983,6.142,0.037,0.0267
PHB_03244,Early Disease,1,0.5791,0.3483,0.8921,25.548,1.116,25.533,78.989,6.464,0.0377,0.0353
PHB_05845,Early Disease,1,0.7953,0.3577,0.7029,24.746,1.2396,26.236,70.562,6.087,0.0366,0.017
PHB_09220,Healthy,0,0.7937,0.0301,0.8709,24.097,1.735,28.694,68.136,6.33,0.0284,0.0474
PHB_02462,Moderate Illness,2,0.4646,0.5799,0.4599,25.592,1.4102,26.634,60.481,6.111,0.0627,0.0913
PHB_04084,Early Disease,1,0.6709,0.3029,0.718,25.531,1.1365,25.343,77.578,6.346,0.032,0.0699
PHB_02838,Early Disease,1,0.6991,0.3262,0.7058,25.759,1.2802,25.846,63.852,6.559,0.027,0.0617
PHB_03698,Healthy,0,0.7739,0.2406,0.8386,23.439,1.3042,23.967,68.952,6.429,0.047,0.0417
PHB_07129,Severe Disease,3,0.3137,0.753,0.4441,26.248,1.3802,24.901,63.503,6.47,0.061,0.0544
PHB_06268,Severe Disease,3,0.2837,0.722,0.435,27.739,1.3851,26.764,52.008,6.321,0.0551,0.0707
PHB_04942,Healthy,0,0.8535,0.1358,0.931,24.547,0.9168,29.58,77.152,6.074,0.044,0.0406
PHB_05947,Healthy,0,0.8336,0.0057,0.924,24.211,0.9963,23.215,56.788,6.669,0.0188,0.0141
PHB_04584,Severe Disease,3,0.3603,0.6944,0.4629,26.151,1.433,23.15,61.585,6.262,0.0577,0.0928
PHB_05785,Healthy,0,0.8382,0.1895,0.8995,24.463,1.3017,21.22,61.957,6.353,0.0248,0.043
PHB_04041,Early Disease,1,0.7237,0.3787,0.7856,25.775,1.3168,26.31,69.206,6.429,0.0401,0.0443
PHB_02231,Early Disease,1,0.5694,0.325,0.7842,24.919,1.2031,26.011,54.758,6.389,0.0376,0.0492
PHB_07570,Severe Disease,3,0.3373,0.6657,0.3258,26.38,1.2614,24.613,53.719,6.189,0.06,0.0739
PHB_00936,Healthy,0,0.8855,0.1164,0.7739,24.173,0.9733,26.417,74.385,6.289,0.0185,0.0343
PHB_02321,Healthy,0,0.7286,0.1278,1.0129,26.5,0.967,26.384,52.47,6.547,0.0352,0.0578
PHB_04879,Early Disease,1,0.6336,0.2833,0.7172,25.887,1.365,25.739,62.031,6.003,0.0343,0.0471
PHB_00522,Early Disease,1,0.7158,0.3227,0.7546,24.741,1.1773,22.21,56.019,5.915,0.0316,0.0271
PHB_00523,Healthy,0,0.8901,0.1484,0.8792,23.553,1.1859,24.171,69.952,6.658,0.0158,0.0434
PHB_05346,Healthy,0,0.8584,0.0398,0.7139,23.834,1.2562,23.58,68.194,6.284,0.0074,0.0212
PHB_09877,Severe Disease,3,0.4135,0.6721,0.4334,27.117,1.4392,21.676,53.636,6.512,0.061,0.0685
PHB_03360,Moderate Illness,2,0.4497,0.5193,0.5475,25.603,1.3777,24.126,60.682,6.286,0.0419,0.0785
PHB_01312,Severe Disease,3,0.3464,0.8229,0.5276,26.378,1.4048,22.399,78.361,6.314,0.0548,0.0465
PHB_03984,Healthy,0,0.9144,0.1193,0.9055,23.117,1.0628,22.929,64.395,6.638,0.0406,0.0406
PHB_06495,Severe Disease,3,0.3931,0.6459,0.444,27.42,1.2523,25.793,59.331,6.214,0.0604,0.0682
PHB_09561,Moderate Illness,2,0.4654,0.5345,0.542,27.123,1.4438,25.746,77.782,6.412,0.0382,0.0583
PHB_01717,Early Disease,1,0.6013,0.3022,0.7981,24.09,1.3162,24.542,78.21,6.593,0.0662,0.0565
PHB_00781,Early Disease,1,0.6086,0.2685,0.8158,25.492,1.1207,23.332,62.858,6.179,0.0488,0.0464
PHB_08799,Healthy,0,0.7237,0.1049,0.8298,25.318,1.2629,22.599,83.879,6.704,0.0216,0.03
PHB_08232,Healthy,0,0.869,0.0477,0.8487,24.344,1.1623,20.552,62.912,6.53,0.0243,0.0292
PHB_05608,Moderate Illness,2,0.4954,0.5869,0.5904,25.573,1.4263,24.24,67.245,5.951,0.0406,0.0629
PHB_05979,Healthy,0,0.8264,0.0883,0.9305,25.677,1.0536,24.019,75.461,5.857,0.0232,0.0521
PHB_00652,Severe Disease,3,0.3491,0.7382,0.4196,27.513,1.2671,25.496,71.707,6.513,0.0626,0.0527
PHB_03748,Severe Disease,3,0.382,0.6507,0.4823,28.771,1.3908,22.907,62.77,6.05,0.0554,0.0843
PHB_02197,Healthy,0,0.8468,0.186,0.7525,24.231,1.3,27.125,74.488,6.374,0.0203,0.0399
PHB_08419,Early Disease,1,0.7221,0.3052,0.7575,25.413,1.3035,24.675,64.538,6.587,0.0254,0.0431
PHB_00370,Severe Disease,3,0.3336,0.7816,0.3107,26.483,1.4207,26.874,62.047,6.069,0.0549,0.0578
PHB_09885,Healthy,0,0.7154,0.1485,0.9178,23.994,1.0674,22.994,67.946,6.905,0.0127,0.0299
PHB_08006,Moderate Illness,2,0.5236,0.4581,0.5207,26.419,1.2957,24.607,63.49,6.434,0.0538,0.0599
PHB_04215,Moderate Illness,2,0.4398,0.5566,0.6042,26.89,1.2381,21.821,64.027,5.963,0.0652,0.0366
PHB_00378,Early Disease,1,0.6319,0.3056,0.5896,25.301,1.2451,25.285,73.727,6.962,0.0451,0.0408
PHB_09447,Moderate Illness,2,0.4222,0.5388,0.6347,26.443,1.2581,24.372,60.688,6.058,0.0442,0.0385
PHB_02217,Healthy,0,0.8006,0.1113,0.8231,24.964,1.112,29.244,73.269,6.248,0.0315,0.0267
PHB_08683,Severe Disease,3,0.4189,0.7904,0.4504,27.814,1.2454,22.41,65.19,6.061,0.073,0.0613
PHB_01614,Early Disease,1,0.7076,0.309,0.7555,25.342,1.4425,28.06,57.532,5.86,0.0231,0.0316
PHB_06980,Moderate Illness,2,0.4729,0.4762,0.5344,26.343,1.407,25.65,59.683,6.737,0.0481,0.0619
PHB_07550,Healthy,0,0.8026,0.0853,0.8446,23.537,1.0059,25.191,59.231,6.706,0.037,0.0287
PHB_01828,Early Disease,1,0.574,0.39,0.7826,25.911,1.355,23.175,65.078,6.343,0.0451,0.054
PHB_03633,Moderate Illness,2,0.3919,0.59,0.4146,25.765,1.1824,25.165,57.682,6.327,0.0576,0.0528
PHB_00963,Healthy,0,0.6675,0.153,0.8167,25.443,1.156,26.471,77.185,6.176,0.0363,0.007
PHB_02994,Moderate Illness,2,0.4629,0.5568,0.661,26.001,1.3453,25.501,56.783,6.24,0.0744,0.0387
PHB_06607,Severe Disease,3,0.3334,0.7413,0.4476,28.46,1.5949,25.876,69.654,6.203,0.063,0.0678
PHB_09673,Severe Disease,3,0.2943,0.8273,0.4273,27.409,1.414,23.633,52.066,6.235,0.063,0.0686
PHB_02377,Severe Disease,3,0.4221,0.6369,0.3659,26.515,1.3668,22.686,70.667,6.4,0.0694,0.0455
PHB_08881,Moderate Illness,2,0.6389,0.5574,0.5659,27.415,1.3533,26.134,56.265,6.763,0.057,0.0605
PHB_00360,Moderate Illness,2,0.561,0.5591,0.5262,25.858,1.3509,26.654,74.955,5.975,0.0506,0.0336
PHB_03840,Early Disease,1,0.744,0.3682,0.6941,26.119,1.1372,21.644,54.556,6.742,0.0543,0.0456
PHB_08185,Early Disease,1,0.7987,0.287,0.7165,25.311,1.094,25.59,74.031,6.399,0.0473,0.0498
PHB_01247,Moderate Illness,2,0.5103,0.5185,0.518,26.523,1.2566,22.616,74.465,6.597,0.0486,0.0787
PHB_07505,Moderate Illness,2,0.4825,0.5088,0.6027,26.579,1.3614,23.545,61.568,6.051,0.0478,0.0509
PHB_08350,Healthy,0,0.854,0.1672,0.8136,25.062,1.0885,28.244,54.797,6.28,0.0085,0.0192
PHB_06512,Healthy,0,0.8136,0.1011,0.8574,24.823,0.9533,27.613,70.181,6.299,0.0196,0.0513
PHB_05088,Early Disease,1,0.6298,0.3189,0.9073,26.527,0.8199,24.171,66.864,6.477,0.0511,0.071
PHB_03695,Severe Disease,3,0.3371,0.8641,0.7236,28.483,1.1629,27.992,68.983,5.873,0.0715,0.0713
PHB_01574,Severe Disease,3,0.2397,0.7269,0.5415,27.294,1.3319,25.033,62.794,6.338,0.0519,0.0666
PHB_06282,Early Disease,1,0.6481,0.3157,0.7115,25.176,1.1362,26.027,57.469,6.208,0.0204,0.0517
PHB_05440,Healthy,0,0.7628,0.0925,0.8464,24.364,1.2381,19.801,66.252,6.371,0.0276,0.0351
PHB_02568,Healthy,0,0.8401,0.1916,0.8353,24.722,1.0092,23.543,76.934,6.528,0.0198,0.032
PHB_03424,Early Disease,1,0.6348,0.3677,0.6462,26.168,1.278,24.284,53.755,6.426,0.0421,0.0397
PHB_02038,Healthy,0,0.8066,0.1433,0.8081,23.868,1.0592,25.808,76.048,6.37,0.0277,0.0223
PHB_09244,Early Disease,1,0.7093,0.3256,0.5913,26.404,1.0572,22.124,77.998,6.295,0.0567,0.0276
PHB_00773,Moderate Illness,2,0.4513,0.5163,0.5709,26.332,1.5517,24.15,56.895,6.457,0.0466,0.0694
PHB_05381,Healthy,0,0.8594,0.1044,0.8555,24.798,1.1377,21.293,65.469,6.058,0.0221,0.005
PHB_09569,Healthy,0,0.9997,0.1119,0.8655,23.041,1.0232,23.67,71.33,6.46,0.0413,0.034
PHB_03563,Severe Disease,3,0.4211,0.6995,0.4811,26.895,1.4254,23.136,53.527,6.323,0.0577,0.084
PHB_00563,Severe Disease,3,0.3821,0.7463,0.4217,26.121,1.5362,24.79,54.043,6.266,0.0651,0.0752
PHB_06684,Severe Disease,3,0.2192,0.7222,0.4333,27.423,1.3399,24.34,69.7,6.171,0.0692,0.0729
PHB_02547,Severe Disease,3,0.3334,0.6732,0.4756,27.329,1.4408,25.141,68.687,6.38,0.0567,0.0821
PHB_05511,Healthy,0,0.7815,0.0486,0.8485,25.093,1.0198,25.472,72.469,6.559,0.001,0.0245
PHB_05331,Severe Disease,3,0.3451,0.746,0.4785,26.791,1.5257,26.133,59.856,5.875,0.0744,0.0703
PHB_09668,Severe Disease,3,0.1803,0.657,0.4843,27.974,1.5699,27.884,67.554,6.126,0.0649,0.0724
PHB_04532,Early Disease,1,0.6123,0.3867,0.7014,25.128,1.2005,26.285,70.912,6.007,0.021,0.043
PHB_01675,Severe Disease,3,0.4399,0.7871,0.464,27.103,1.4258,23.481,61.636,5.986,0.0543,0.0591
PHB_07396,Severe Disease,3,0.3505,0.7655,0.423,27.184,1.5538,22.758,72.646,6.532,0.0607,0.0861
PHB_00366,Early Disease,1,0.5479,0.363,0.6427,24.978,1.2437,23.108,73.592,6.567,0.04,0.0518
PHB_08017,Severe Disease,3,0.3576,0.6046,0.394,26.739,1.3698,23.784,60.547,6.3,0.0522,0.0292
PHB_09377,Severe Disease,3,0.4412,0.7726,0.5196,26.381,1.2807,25.983,64.463,6.367,0.0576,0.0791
PHB_04328,Moderate Illness,2,0.3879,0.467,0.6341,26.188,1.3257,26.094,61.767,6.481,0.052,0.0672
PHB_09984,Moderate Illness,2,0.5667,0.4786,0.4928,25.676,1.4157,25.305,69.436,6.566,0.0355,0.0561
PHB_00148,Moderate Illness,2,0.391,0.552,0.5053,25.255,1.4859,21.505,77.626,6.037,0.0626,0.0778
PHB_01669,Healthy,0,0.8353,0.1308,0.8636,24.403,1.0411,22.2,54.987,6.668,0.022,0.0165
PHB_03089,Moderate Illness,2,0.5001,0.4696,0.5697,25.988,1.2936,23.3,71.321,6.021,0.0488,0.0632
PHB_08845,Severe Disease,3,0.3443,0.7267,0.3917,27.384,1.335,24.115,56.648,6.459,0.0601,0.0535
PHB_07651,Severe Disease,3,0.3315,0.7835,0.4635,28.615,1.4888,25.889,73.012,5.839,0.0712,0.0688
PHB_00408,Severe Disease,3,0.3037,0.701,0.4467,26.463,1.5791,28.236,61.134,6.349,0.0509,0.0701
PHB_09585,Severe Disease,3,0.4127,0.7614,0.4558,27.746,1.3775,22.042,59.413,5.96,0.0704,0.0768
PHB_07789,Moderate Illness,2,0.6074,0.4416,0.5881,26.236,1.3606,25.816,71.348,6.499,0.0516,0.0874
PHB_03457,Severe Disease,3,0.2867,0.7829,0.4186,26.275,1.2445,28.41,51.24,6.344,0.0729,0.0721
PHB_06187,Moderate Illness,2,0.4225,0.5135,0.5827,25.919,1.3113,26.326,71.288,6.194,0.0423,0.0811
PHB_04183,Moderate Illness,2,0.609,0.5719,0.6586,26.395,1.2015,24.476,69.534,6.317,0.0622,0.054
PHB_03577,Severe Disease,3,0.3569,0.6619,0.5315,27.286,1.369,22.777,51.324,5.798,0.0696,0.0893
PHB_03272,Moderate Illness,2,0.6096,0.5682,0.584,25.655,1.1431,20.117,70.967,6.23,0.0296,0.0685
PHB_04941,Severe Disease,3,0.3471,0.7646,0.4686,26.766,1.2044,23.749,73.846,6.213,0.0652,0.0764
PHB_01032,Moderate Illness,2,0.5114,0.466,0.654,26.323,1.2708,21.15,69.588,6.404,0.0407,0.0351
PHB_08873,Healthy,0,0.8121,0.1634,0.8691,24.106,1.0022,23.295,46.717,6.744,0.0285,0.0434
PHB_06231,Severe Disease,3,0.2093,0.723,0.3342,26.571,1.4404,25.207,67.113,5.677,0.049,0.0715
PHB_06593,Early Disease,1,0.7272,0.3687,0.6359,26.009,1.113,24.326,68.646,6.776,0.0321,0.0382
PHB_08907,Early Disease,1,0.7479,0.2376,0.7343,25.529,1.1917,26.176,58.182,6.214,0.0097,0.0582
PHB_09812,Early Disease,1,0.7032,0.3478,0.7007,24.375,1.2093,23.869,60.505,6.137,0.035,0.0562
PHB_06725,Early Disease,1,0.5594,0.2509,0.694,26.439,1.1699,24.543,64.603,6.692,0.0371,0.0187
PHB_08030,Moderate Illness,2,0.4567,0.4173,0.5783,26.445,1.2938,24.315,63.742,6.094,0.0606,0.0483
PHB_08053,Severe Disease,3,0.2751,0.7213,0.4828,27.918,1.4819,29.382,59.175,6.209,0.0691,0.0707
PHB_00856,Early Disease,1,0.5569,0.32,0.82,25.212,1.2251,26.642,63.952,6.702,0.0472,0.0587
PHB_03927,Moderate Illness,2,0.3896,0.3989,0.5266,26.489,1.1323,26.183,63.831,6.239,0.043,0.0559
PHB_08548,Moderate Illness,2,0.4217,0.462,0.641,26.927,1.1593,27.078,61.84,6.102,0.0843,0.0421
PHB_00079,Moderate Illness,2,0.5111,0.5433,0.558,25.935,1.4143,26.919,57.891,6.246,0.0463,0.0497
PHB_07089,Healthy,0,0.9002,0.164,0.8693,24.901,1.0902,27.525,66.737,6.031,0.0186,0.0292
PHB_02248,Moderate Illness,2,0.4985,0.5507,0.6381,27.444,1.3226,24.429,69.745,6.653,0.0359,0.0604
PHB_08264,Severe Disease,3,0.2737,0.6999,0.3964,27.071,1.4032,25.389,65.931,6.525,0.0531,0.0674
PHB_04027,Moderate Illness,2,0.6093,0.3358,0.5177,25.809,1.2203,26.548,73.375,6.325,0.043,0.0729
PHB_09950,Moderate Illness,2,0.4623,0.4503,0.5101,26.327,1.7833,24.781,68.516,6.65,0.057,0.0663
PHB_09572,Moderate Illness,2,0.4704,0.4614,0.771,26.66,1.2948,24.161,60.3,6.466,0.0418,0.0669
PHB_09296,Early Disease,1,0.5975,0.328,0.7235,25.092,1.2841,27.604,55.659,6.365,0.0215,0.0487
PHB_00715,Severe Disease,3,0.3075,0.7648,0.3513,26.519,1.1411,21.818,73.682,5.922,0.0486,0.0835
PHB_07452,Early Disease,1,0.6055,0.3761,0.8065,24.984,1.2149,27.271,69.208,6.019,0.0373,0.0412
PHB_00789,Severe Disease,3,0.3255,0.6632,0.5078,26.617,1.5429,26.192,60.885,6.024,0.0586,0.0713
PHB_02280,Moderate Illness,2,0.5308,0.463,0.6109,25.87,1.204,25.159,73.678,5.809,0.0592,0.0563
PHB_04096,Early Disease,1,0.6471,0.3623,0.742,24.828,1.1058,26.066,62.961,6.49,0.0299,0.041
PHB_03898,Early Disease,1,0.614,0.2975,0.7834,25.538,1.3525,23.016,69.371,5.958,0.0372,0.0414
PHB_07945,Moderate Illness,2,0.4895,0.5179,0.5087,26.791,1.1937,24.852,72.293,6.443,0.0548,0.0561
PHB_07178,Severe Disease,3,0.3074,0.8106,0.5055,26.829,1.3468,27.471,62.444,6.139,0.0614,0.0539
PHB_09077,Severe Disease,3,0.4327,0.6476,0.5048,27.963,1.4721,26.36,55.185,6.13,0.0533,0.0615
PHB_09453,Severe Disease,3,0.3181,0.7076,0.3955,26.74,1.4086,26.111,65.529,6.092,0.0734,0.0736
PHB_03632,Severe Disease,3,0.2256,0.7433,0.4316,27.828,1.4647,24.178,64.906,6.088,0.0616,0.0735
PHB_08625,Early Disease,1,0.6476,0.3148,0.927,27.204,1.3521,20.731,75.323,6.653,0.038,0.0473
PHB_07298,Healthy,0,0.8493,0.1102,0.774,23.731,1.1272,23.837,69.349,6.522,0.019,0.0501
PHB_06273,Moderate Illness,2,0.5269,0.5237,0.6303,26.697,1.2611,26.365,67.179,6.397,0.0375,0.0536
PHB_00425,Moderate Illness,2,0.5024,0.4363,0.5506,26.625,1.3394,26.4,57.713,6.17,0.0604,0.0513
PHB_00393,Moderate Illness,2,0.4375,0.492,0.6467,26.87,1.1352,25.127,72.878,6.223,0.0366,0.0633
PHB_03192,Healthy,0,0.7586,0.0715,0.9128,23.268,1.0404,26.875,74.707,6.205,0.0307,0.0584
PHB_00017,Moderate Illness,2,0.5193,0.4324,0.5544,25.761,1.2278,25.284,74.709,6.598,0.043,0.0495
PHB_06336,Early Disease,1,0.6881,0.302,0.7078,25.029,1.2332,28.831,52.457,6.162,0.0378,0.0307
PHB_04201,Healthy,0,0.6893,0.1045,0.91,24.608,0.9403,27.882,70.523,6.582,0.025,0.0347
PHB_02673,Early Disease,1,0.6877,0.278,0.7332,24.839,1.1477,26.623,60.122,6.094,0.022,0.0374
PHB_02445,Early Disease,1,0.6645,0.3391,0.8389,25.761,1.2392,25.995,53.51,6.489,0.0315,0.0444
PHB_06698,Healthy,0,0.7423,0.0671,0.9625,24.025,1.0596,24.446,62.509,6.712,0.029,0.0353
PHB_06165,Severe Disease,3,0.3009,0.7296,0.5329,27.517,1.356,27.211,74.057,6.147,0.0607,0.0596
PHB_02602,Moderate Illness,2,0.4459,0.543,0.5557,25.796,1.2681,23.659,71.3,5.651,0.0408,0.0497
PHB_03494,Moderate Illness,2,0.4739,0.6019,0.5901,26.85,1.1719,25.686,63.85,5.936,0.0524,0.0521
PHB_06045,Moderate Illness,2,0.421,0.5214,0.5075,26.341,1.16,28.637,56.945,6.381,0.0619,0.044
PHB_01460,Early Disease,1,0.7103,0.3263,0.7504,24.915,1.2606,29.035,81.582,6.39,0.0429,0.0596
PHB_03805,Healthy,0,0.7601,0.0124,0.9078,24.463,0.9347,23.462,53.509,6.77,0.0411,0.0306
PHB_09846,Moderate Illness,2,0.494,0.5492,0.7809,26.976,1.3515,25.401,62.742,5.944,0.0844,0.0824
PHB_07395,Severe Disease,3,0.1809,0.7633,0.5767,26.663,1.5494,26.066,71.062,6.59,0.0622,0.064
PHB_04840,Healthy,0,0.8153,0.0455,0.8997,24.537,1.1896,26.03,64.399,6.72,0.0187,0.0301
PHB_08112,Early Disease,1,0.7262,0.2943,0.7133,25.402,1.1947,26.927,71.128,6.404,0.0223,0.0502
PHB_03836,Early Disease,1,0.6555,0.2627,0.6998,25.44,1.0866,24.305,61.4,6.45,0.0458,0.0666
PHB_09314,Moderate Illness,2,0.88,0.5082,0.5584,26.439,1.3271,25.955,73.062,6.128,0.0526,0.0578
PHB_05684,Moderate Illness,2,0.502,0.5321,0.4829,25.485,1.5262,25.097,65.234,6.65,0.0555,0.0548
PHB_08749,Severe Disease,3,0.3111,0.7319,0.3466,27.491,1.3854,23.522,61.176,5.766,0.0488,0.0595
PHB_05828,Healthy,0,0.8541,0.1164,0.8834,24.419,1.2096,22.899,54.663,6.47,0.0259,0.0642
PHB_09749,Severe Disease,3,0.3798,0.7885,0.4743,30.94,1.3568,25.981,66.203,5.999,0.0808,0.0619
PHB_04725,Healthy,0,0.7286,0.1392,0.9738,24.228,1.158,22.691,68.44,6.609,0.0309,0.0291
PHB_08760,Healthy,0,0.7924,0.0479,0.7144,23.903,1.2786,28.871,70.336,6.232,0.036,0.0459
PHB_05888,Healthy,0,0.8263,0.1194,0.7651,24.965,0.9743,22.151,63.088,6.344,0.0142,0.0539
PHB_02356,Severe Disease,3,0.3431,0.7966,0.4562,27.516,1.3631,25.851,54.328,6.255,0.0607,0.0733
PHB_06037,Severe Disease,3,0.3906,0.7747,0.3621,27.875,1.4759,27.57,71.109,6.236,0.0632,0.0696
PHB_04799,Severe Disease,3,0.353,0.6788,0.5232,28.257,1.4321,23.172,67.828,6.296,0.0499,0.0809
PHB_02443,Healthy,0,1.2,0.0264,0.9704,24.074,1.0987,29.848,72.698,6.085,0.0218,0.039
PHB_08646,Early Disease,1,0.6802,0.3253,0.7507,25.884,1.248,26.486,70.379,6.618,0.0557,0.0573
PHB_04593,Moderate Illness,2,0.4352,0.5857,0.4643,26.466,1.2434,24.545,60.299,6.082,0.0392,0.0669
PHB_08773,Moderate Illness,2,0.3864,0.5092,0.5297,27.562,1.1679,26.945,52.714,6.532,0.0491,0.0382
PHB_00465,Moderate Illness,2,0.5551,0.5499,0.7058,26.857,1.2597,28.533,59.582,6.13,0.0548,0.0662
PHB_00164,Healthy,0,0.7818,0.1136,0.8249,24.129,1.0657,22.64,55.883,6.756,0.0309,0.0344
PHB_09262,Healthy,0,0.744,0.0989,0.8533,23.915,1.2675,25.819,70.246,6.45,0.0196,0.0359
PHB_09434,Early Disease,1,0.5652,0.2757,0.7847,23.931,1.2265,23.997,66.767,6.114,0.0419,0.0438
PHB_08406,Severe Disease,3,0.272,0.7268,0.3635,26.155,1.4076,21.852,70.661,6.198,0.0571,0.0668
PHB_09778,Moderate Illness,2,0.4869,0.5537,0.5566,25.805,1.1343,29.364,59.205,6.238,0.0465,0.0701
PHB_09479,Early Disease,1,0.6085,0.3222,0.7607,26.34,1.3243,24.969,60.474,6.619,0.0174,0.0582
PHB_07381,Early Disease,1,0.7558,0.3399,0.7041,24.62,1.1953,26.506,58.044,6.324,0.0159,0.0579
PHB_06637,Healthy,0,0.9054,0.187,0.9541,25.761,1.1031,27.367,59.889,6.746,0.0188,0.0453
PHB_00242,Severe Disease,3,0.3933,0.799,0.4374,26.268,1.5305,25.69,71.262,5.945,0.0724,0.0633
PHB_02010,Moderate Illness,2,0.4836,0.505,0.4883,26.124,1.1087,24.129,66.34,6.225,0.0485,0.0744
PHB_06357,Early Disease,1,0.7295,0.3912,0.7243,25.166,1.2738,26.919,58.232,6.38,0.0403,0.0601
PHB_03085,Severe Disease,3,0.3928,0.734,0.4507,28.429,1.4092,24.312,63.008,6.021,0.0648,0.0642
PHB_06209,Healthy,0,0.8447,0.0634,0.7739,23.09,1.0894,25.561,71.029,6.144,0.0285,0.0374
PHB_00901,Early Disease,1,0.7026,0.2341,0.7748,26.076,1.1619,27.094,71.761,6.57,0.0415,0.0394
PHB_05543,Moderate Illness,2,0.4994,0.5777,0.5783,26.194,1.2152,24.711,65.342,5.99,0.0345,0.0435
PHB_06008,Severe Disease,3,0.272,0.6488,0.5128,26.634,1.4627,26.575,52.747,6.193,0.0704,0.0737
PHB_07639,Moderate Illness,2,0.4065,0.5677,0.5643,25.791,1.3235,26.699,75.171,6.321,0.0529,0.0471
PHB_06794,Moderate Illness,2,0.5374,0.4939,0.7999,26.46,1.3401,23.673,78.37,5.974,0.0338,0.043
PHB_08870,Moderate Illness,2,0.5088,0.4471,0.6489,27.095,1.1992,24.467,55.267,6.064,0.0507,0.0652
PHB_07759,Early Disease,1,0.6279,0.3501,0.6477,25.108,1.4107,23.876,64.546,6.274,0.03,0.0488
PHB_04838,Healthy,0,0.8101,0.1211,0.8761,24.254,1.067,23.981,69.057,6.635,0.0057,0.0327
PHB_02294,Early Disease,1,0.7065,0.309,0.8117,25.04,1.2055,23.198,73.494,6.201,0.0248,0.0414
PHB_06549,Moderate Illness,2,0.5112,0.5364,0.561,26.179,1.4574,28.008,66.503,6.222,0.0501,0.0332
PHB_07899,Severe Disease,3,0.4127,0.6809,0.3655,27.762,1.3408,22.882,54.619,5.914,0.0671,0.0443
PHB_07978,Severe Disease,3,0.3693,0.7485,0.5515,27.461,1.3062,21.654,59.614,5.949,0.0642,0.0596
PHB_04482,Moderate Illness,2,0.6234,0.4662,0.5656,25.764,1.3541,21.988,63.658,6.6,0.0435,0.0579
PHB_05303,Moderate Illness,2,0.4021,0.5048,0.4978,25.994,1.4707,21.856,65.57,6.267,0.0449,0.0609
PHB_04606,Early Disease,1,0.6621,0.3721,0.8774,25.004,1.1829,23.93,70.931,6.287,0.0324,0.0439
PHB_03717,Moderate Illness,2,0.5495,0.6721,0.5872,25.938,1.2432,27.149,67.733,6.536,0.0526,0.0757
PHB_09072,Early Disease,1,0.7364,0.3418,0.7126,25.758,1.339,24.475,64.114,6.524,0.0342,0.0483
PHB_06141,Healthy,0,0.9007,0.0,0.8425,24.442,1.2443,27.832,74.608,6.465,0.0066,0.0443
PHB_01765,Healthy,0,0.8388,0.0857,0.846,23.97,1.0948,22.192,69.026,6.197,0.0273,0.0562
PHB_06599,Healthy,0,0.8673,0.1608,0.8944,24.004,1.1506,22.131,52.422,5.952,0.032,0.039
PHB_01550,Early Disease,1,0.6209,0.3618,0.7962,26.214,1.2204,22.503,66.279,6.55,0.0421,0.0451
PHB_03030,Early Disease,1,0.5795,0.306,0.8108,25.09,1.2036,26.228,51.205,6.19,0.0568,0.0385
PHB_08654,Healthy,0,0.9613,0.1257,0.8473,23.82,0.9056,24.941,64.46,6.045,0.0376,0.0393
PHB_06299,Early Disease,1,0.6589,0.2596,0.7536,25.664,1.3213,25.943,64.223,6.269,0.0362,0.0398
PHB_06663,Healthy,0,0.9187,0.1822,0.8316,25.728,0.9412,20.612,74.022,6.246,0.0097,0.0409
PHB_06627,Moderate Illness,2,0.4008,0.4452,0.5228,26.359,1.1192,25.112,62.227,5.991,0.063,0.0639
PHB_02045,Severe Disease,3,0.4715,0.644,0.4946,31.255,1.3082,23.628,56.818,5.86,0.0779,0.0671
PHB_00768,Healthy,0,0.7948,0.1142,0.8878,24.06,1.1952,21.245,66.705,6.486,0.0307,0.017
PHB_05694,Severe Disease,3,0.4134,0.6731,0.49,27.172,1.2131,23.819,57.145,6.409,0.0544,0.0652
PHB_07871,Healthy,0,0.8697,0.1044,0.9133,25.239,1.1879,24.68,76.102,5.704,0.032,0.046
PHB_07796,Moderate Illness,2,0.5672,0.5471,0.718,27.014,1.3822,25.074,68.508,6.026,0.0376,0.046
PHB_01509,Healthy,0,0.8658,0.1523,1.0745,23.248,1.0557,31.732,74.01,7.081,0.0289,0.0217
PHB_07231,Early Disease,1,0.6325,0.341,0.7216,23.962,1.1915,26.932,87.616,5.876,0.0302,0.0485
PHB_07858,Healthy,0,0.8018,0.0971,0.8949,24.821,1.2408,23.768,77.538,5.798,0.0203,0.0286
PHB_03303,Early Disease,1,0.6995,0.3798,0.7387,24.917,1.1916,23.691,68.203,6.123,0.0337,0.0465
PHB_04518,Early Disease,1,0.7834,0.285,0.9055,25.339,0.9525,27.883,68.897,6.42,0.0216,0.0322
PHB_04220,Moderate Illness,2,0.4631,0.5167,0.6988,25.233,1.267,24.345,64.501,6.052,0.0272,0.062
PHB_09079,Healthy,0,0.7962,0.1608,0.9362,26.379,1.1706,22.924,60.153,6.527,0.0281,0.0121
PHB_09941,Severe Disease,3,0.3048,0.7927,0.4339,28.384,1.3543,23.695,64.156,6.898,0.0657,0.0884
PHB_03293,Moderate Illness,2,0.5586,0.5836,0.5039,27.113,1.3645,24.119,62.907,6.29,0.0416,0.0398
PHB_00820,Early Disease,1,0.6384,0.4175,0.6117,25.373,1.4892,23.505,68.108,6.215,0.0391,0.0282
PHB_01404,Early Disease,1,0.6834,0.3812,0.7296,25.333,1.114,26.866,60.54,6.542,0.0317,0.0595
PHB_01383,Moderate Illness,2,0.5506,0.4698,0.5834,27.912,1.2273,26.585,60.461,6.158,0.0607,0.0673
PHB_02149,Severe Disease,3,0.3602,0.7822,0.4636,26.321,1.4708,23.589,55.606,6.435,0.058,0.0667
PHB_06929,Early Disease,1,0.6401,0.2431,0.7252,25.035,1.3482,24.532,70.214,6.365,0.0338,0.0623
PHB_05672,Severe Disease,3,0.2788,0.8138,0.5179,27.947,1.2827,24.015,55.964,6.191,0.0695,0.089
PHB_01639,Healthy,0,0.7687,0.1194,0.8356,24.84,0.9624,23.808,55.474,6.671,0.025,0.0407
PHB_05892,Moderate Illness,2,0.5707,0.5469,0.5529,26.187,1.3276,25.648,59.032,6.008,0.039,0.0454
PHB_07428,Healthy,0,0.9056,0.084,0.884,23.398,1.1397,26.235,80.598,7.001,0.0359,0.0149
PHB_00609,Moderate Illness,2,0.4297,0.5311,0.5226,26.561,1.4253,22.192,70.273,6.831,0.0463,0.0663
PHB_06908,Severe Disease,3,0.3042,0.7723,0.5205,27.548,1.3852,27.027,67.845,6.025,0.0335,0.0909
PHB_00400,Early Disease,1,0.6377,0.2345,0.7705,25.608,1.2448,25.567,70.89,6.144,0.0245,0.0493
PHB_07248,Healthy,0,0.705,0.1466,0.9072,24.668,0.9448,28.076,78.135,6.345,0.0254,0.0423
PHB_06407,Severe Disease,3,0.351,0.8015,0.4228,26.076,1.2475,26.207,68.046,6.332,0.0462,0.0774
PHB_00883,Severe Disease,3,0.3617,0.6457,0.3635,27.319,1.419,20.424,64.966,6.283,0.0579,0.0599
PHB_03566,Severe Disease,3,0.4566,0.7426,0.502,27.959,1.5147,26.899,65.072,6.031,0.0628,0.0679
PHB_04286,Healthy,0,0.8568,0.1422,0.9027,24.288,1.0141,23.888,72.655,6.274,0.0115,0.0411
PHB_01180,Healthy,0,0.7243,0.244,0.8176,25.009,1.0227,21.627,77.667,6.37,0.0202,0.054
PHB_05449,Moderate Illness,2,0.4894,0.6949,0.454,26.681,1.3684,25.885,51.69,6.216,0.0433,0.0769
PHB_04245,Moderate Illness,2,0.5443,0.4816,0.5899,26.926,1.4139,24.467,57.143,5.922,0.0253,0.0417
PHB_05219,Early Disease,1,0.7697,0.2246,0.6822,25.185,1.2141,26.617,69.094,6.46,0.0279,0.0652
PHB_03977,Healthy,0,0.8101,0.1349,0.8424,24.564,1.0117,22.915,68.621,6.444,0.0266,0.035
PHB_02131,Healthy,0,0.7971,0.0411,0.8421,24.204,1.2031,24.772,69.643,6.491,0.0411,0.0334
PHB_05079,Early Disease,1,0.6245,0.3967,0.7251,26.244,1.1919,26.769,68.433,6.534,0.0453,0.0321
PHB_00457,Severe Disease,3,0.3579,0.732,0.4643,28.481,1.3047,21.131,63.849,6.346,0.0549,0.0714
PHB_05583,Early Disease,1,0.6537,0.3315,0.6663,25.445,1.1767,25.957,68.863,6.358,0.0247,0.0534
PHB_05176,Healthy,0,0.7856,0.1058,0.8566,24.243,1.1453,23.698,72.969,6.483,0.0211,0.0352
PHB_01951,Severe Disease,3,0.3715,0.7243,0.4558,28.145,1.3846,24.997,60.259,6.151,0.0549,0.0751
PHB_05373,Healthy,0,0.8363,0.1042,0.8902,23.47,1.1997,22.692,68.237,6.427,0.0188,0.0531
PHB_00690,Moderate Illness,2,0.5513,0.5284,0.6012,25.899,1.3981,22.893,64.914,6.38,0.044,0.0658
PHB_08853,Healthy,0,1.2,0.0961,0.7156,22.798,0.8295,28.022,66.23,6.118,0.0353,0.024
PHB_06526,Severe Disease,3,0.2066,0.6142,0.4058,27.81,1.3504,21.441,66.68,6.302,0.0776,0.068
PHB_09822,Severe Disease,3,0.3899,0.6679,0.4971,26.242,1.5218,24.048,57.387,6.457,0.0548,0.0522
PHB_06489,Healthy,0,0.7932,0.171,1.0325,23.929,1.0518,29.304,71.744,6.281,0.0322,0.0326
PHB_06922,Severe Disease,3,0.2375,0.6919,0.5079,28.266,1.7234,22.044,56.642,6.207,0.0555,0.0561
PHB_01954,Severe Disease,3,0.3195,0.8331,0.547,27.369,1.3762,24.826,62.443,6.256,0.0647,0.066
PHB_07635,Healthy,0,0.7828,0.136,0.9973,23.974,1.2208,21.526,82.125,6.371,0.0155,0.0419
PHB_05637,Early Disease,1,0.6418,0.3343,0.6754,24.545,1.0577,24.965,66.038,6.445,0.0356,0.0463
PHB_07155,Severe Disease,3,0.3919,0.7096,0.4221,27.206,1.4365,24.913,66.352,6.025,0.0674,0.0697
PHB_08425,Early Disease,1,0.6789,0.4357,0.5523,25.726,1.1798,27.554,67.608,6.352,0.0552,0.0389
PHB_06611,Moderate Illness,2,0.5843,0.55,0.5344,26.468,1.3733,29.154,74.737,6.44,0.0482,0.0371
PHB_02711,Severe Disease,3,0.2912,0.749,0.5857,27.02,1.4319,26.355,64.967,6.334,0.0612,0.0856
PHB_08731,Healthy,0,0.7627,0.2198,0.7907,23.442,1.0819,26.634,72.149,6.461,0.0414,0.0234
PHB_03202,Severe Disease,3,0.3095,0.7487,0.3966,27.456,1.1774,23.763,69.105,6.529,0.0767,0.0674
PHB_04350,Severe Disease,3,0.2838,0.6922,0.4538,26.439,1.3292,26.193,67.325,6.059,0.046,0.095
PHB_04139,Moderate Illness,2,0.4488,0.6134,0.6961,26.85,1.3096,26.427,64.891,6.508,0.0442,0.0621
PHB_01885,Early Disease,1,0.6407,0.3738,0.7201,25.114,1.3939,23.583,58.893,6.035,0.0402,0.0294
PHB_08640,Healthy,0,0.8398,0.0826,0.9138,24.937,1.2443,24.842,64.374,6.838,0.001,0.0319
PHB_04486,Early Disease,1,0.6967,0.2937,0.838,25.039,1.19,26.166,72.906,6.496,0.0371,0.0449
PHB_02495,Severe Disease,3,0.3062,0.7577,0.5108,27.746,1.5358,24.41,66.669,6.531,0.0618,0.0771
PHB_05948,Moderate Illness,2,0.5328,0.5257,0.5562,26.33,1.4735,26.8,69.916,6.18,0.0535,0.0371
PHB_03037,Moderate Illness,2,0.4369,0.4919,0.623,26.454,1.2993,26.601,57.39,5.848,0.0447,0.0512
PHB_05778,Moderate Illness,2,0.4735,0.5609,0.6293,24.858,1.3068,25.043,76.607,6.444,0.0452,0.0536
PHB_03604,Healthy,0,0.8704,0.1285,0.8869,24.542,1.2307,25.778,64.506,6.402,0.0344,0.0362
PHB_00846,Severe Disease,3,0.3491,0.7307,0.2587,28.027,1.3404,23.695,59.246,5.941,0.0394,0.0591
PHB_00543,Severe Disease,3,0.3258,0.6437,0.5417,28.77,1.4417,24.032,66.718,6.296,0.068,0.0661
PHB_03725,Severe Disease,3,0.3532,0.6551,0.3772,27.641,1.2897,25.811,74.855,5.759,0.0695,0.0811
PHB_04188,Healthy,0,0.8084,0.1256,0.8488,24.175,1.2002,23.948,76.053,6.608,0.0217,0.027
PHB_03680,Healthy,0,0.8118,0.0605,0.96,24.837,1.0979,24.28,69.231,6.631,0.0273,0.0337
PHB_08900,Healthy,0,0.8616,0.1497,0.801,24.338,1.0865,24.961,70.318,6.032,0.0279,0.0223
PHB_07968,Severe Disease,3,0.3916,0.734,0.4233,26.998,1.4978,25.592,66.932,6.335,0.0518,0.0634
PHB_08486,Severe Disease,3,0.3267,0.7353,0.3134,28.851,1.4004,25.614,57.433,6.546,0.0616,0.0522
PHB_06076,Moderate Illness,2,0.6376,0.5187,0.5437,25.593,1.3463,22.764,66.208,6.12,0.0414,0.0588
PHB_07341,Moderate Illness,2,0.4965,0.4945,0.4587,27.61,1.2685,27.662,63.642,6.188,0.0519,0.0569
PHB_08226,Healthy,0,0.7723,0.138,0.8346,24.486,1.2031,27.432,64.814,6.378,0.017,0.0328
PHB_07247,Severe Disease,3,0.2794,0.6236,0.3761,27.352,1.3855,22.307,73.241,6.151,0.0571,0.0803
PHB_09711,Severe Disease,3,0.3648,0.7871,0.44,28.261,1.5392,22.496,54.699,6.32,0.0656,0.091
PHB_08291,Moderate Illness,2,0.4743,0.5241,0.6073,26.375,1.3144,25.133,64.153,6.621,0.0598,0.0487
PHB_07138,Healthy,0,0.7034,0.1558,0.9602,24.429,0.9224,23.349,68.788,6.576,0.0404,0.0144
PHB_02965,Early Disease,1,0.5403,0.3722,0.786,26.353,1.1875,20.993,77.714,6.341,0.0235,0.039
PHB_07560,Severe Disease,3,0.272,0.6782,0.5185,28.308,1.3364,28.179,74.94,6.057,0.051,0.0472
PHB_02530,Moderate Illness,2,0.486,0.5599,0.5677,25.777,1.1187,23.186,69.431,6.135,0.0412,0.0571
PHB_07285,Severe Disease,3,0.4995,0.6436,0.584,26.561,1.5146,26.286,54.392,6.164,0.0559,0.0558
PHB_05773,Healthy,0,0.7014,0.0825,0.9244,24.008,1.2716,26.529,82.574,6.002,0.0167,0.0486
PHB_01049,Severe Disease,3,0.2805,0.7416,0.43,27.64,1.1417,24.451,58.925,5.987,0.0675,0.0635
PHB_07046,Severe Disease,3,0.4043,0.6118,0.4352,27.355,1.1806,22.828,72.252,5.982,0.058,0.0576
PHB_01961,Moderate Illness,2,0.5937,0.4486,0.6065,28.192,1.4003,25.628,70.297,6.243,0.0483,0.0628
PHB_02531,Moderate Illness,2,0.5034,0.5125,0.663,25.681,1.2493,22.906,57.84,6.149,0.0289,0.0621
PHB_09049,Severe Disease,3,0.3295,0.6824,0.485,27.841,1.4758,26.698,60.069,6.041,0.0712,0.0864
PHB_07604,Moderate Illness,2,0.4769,0.5129,0.6122,27.235,1.1021,24.225,58.27,6.335,0.0511,0.0752
PHB_06525,Early Disease,1,0.6434,0.4062,0.6433,26.244,1.0316,25.25,66.834,6.398,0.0243,0.0478
PHB_00238,Severe Disease,3,0.4238,0.7382,0.485,27.541,1.2203,26.669,60.223,6.065,0.0543,0.0837
PHB_04918,Moderate Illness,2,0.4945,0.4438,0.6684,26.907,1.2615,26.723,73.204,6.464,0.036,0.0666
PHB_06480,Early Disease,1,0.5767,0.3612,0.7692,25.552,1.4222,23.403,71.647,6.552,0.0418,0.046
PHB_01134,Moderate Illness,2,0.4381,0.5417,0.6106,26.747,1.3882,25.968,68.896,5.769,0.0382,0.0476
PHB_06977,Severe Disease,3,0.4776,0.8446,0.4159,27.176,1.5824,19.657,60.037,6.467,0.0557,0.057
PHB_05902,Healthy,0,0.8348,0.1078,0.9758,24.739,1.0508,24.84,64.402,6.543,0.0225,0.0246
PHB_09058,Severe Disease,3,0.4554,0.7767,0.4219,27.965,1.1103,24.734,70.599,6.408,0.0653,0.0608
PHB_04260,Early Disease,1,0.6206,0.2413,0.7451,25.129,0.9492,24.767,60.473,6.392,0.049,0.0366
PHB_08841,Healthy,0,0.7862,0.082,0.8986,24.387,1.1086,23.657,68.708,6.259,0.0433,0.0193
PHB_06966,Moderate Illness,2,0.445,0.5771,0.4976,25.873,1.2742,21.228,73.57,6.427,0.0244,0.0698
PHB_09980,Healthy,0,0.8477,0.0058,0.7943,22.414,1.1789,27.787,72.501,6.305,0.0306,0.0518
PHB_00793,Early Disease,1,0.7293,0.363,0.7647,25.511,1.3137,20.369,59.413,6.61,0.0479,0.0619
PHB_01986,Severe Disease,3,0.3834,0.7038,0.3558,27.079,1.3468,23.558,64.946,6.204,0.0569,0.0737
PHB_05657,Severe Disease,3,0.3202,0.7401,0.5351,28.325,1.4444,25.384,67.718,6.346,0.0548,0.0708
PHB_08740,Moderate Illness,2,0.5152,0.6076,0.4716,26.52,1.2939,28.143,66.957,6.348,0.0533,0.0628
PHB_07936,Early Disease,1,0.6903,0.3492,0.7787,26.779,1.1945,26.547,64.703,6.405,0.0329,0.0347
PHB_06098,Moderate Illness,2,0.4349,0.4716,0.5586,25.488,1.2371,24.188,68.867,6.367,0.0802,0.0718
PHB_05908,Moderate Illness,2,0.5364,0.5493,0.5917,26.191,1.5643,27.115,58.581,6.114,0.056,0.0368
PHB_07374,Severe Disease,3,0.2428,0.7368,0.5391,27.821,1.4101,28.288,65.433,6.103,0.0676,0.0573
PHB_08129,Moderate Illness,2,0.5179,0.5202,0.6632,27.451,1.1992,24.63,57.684,6.435,0.0466,0.0712
PHB_02979,Moderate Illness,2,0.4827,0.5301,0.6289,25.745,1.2349,22.479,55.651,6.357,0.0448,0.0567
PHB_08862,Early Disease,1,0.6443,0.3868,0.7568,25.686,0.9829,22.922,64.472,6.823,0.0508,0.0555
PHB_09302,Early Disease,1,0.6836,0.2881,0.7262,25.192,1.2604,23.262,62.123,6.327,0.0595,0.0518
PHB_06722,Early Disease,1,0.7608,0.2026,0.7335,24.923,1.0422,21.458,66.032,6.544,0.0427,0.064
PHB_07843,Healthy,0,0.8221,0.1108,0.8465,24.513,1.3287,27.352,69.039,6.848,0.0192,0.0275
PHB_05525,Early Disease,1,0.6466,0.271,0.7972,24.512,0.9924,26.615,83.311,6.702,0.0388,0.0403
PHB_08722,Early Disease,1,0.6246,0.3872,0.783,25.744,1.3003,23.611,69.917,6.184,0.0391,0.0615
PHB_08432,Healthy,0,0.76,0.1628,0.877,24.387,0.8993,26.089,68.894,6.674,0.0239,0.022
PHB_09009,Moderate Illness,2,0.4422,0.5022,0.5939,25.55,1.3692,26.958,56.753,6.356,0.0667,0.057
PHB_08604,Severe Disease,3,0.3162,0.666,0.4496,27.017,1.3876,24.879,72.169,6.304,0.0685,0.0708
PHB_07175,Early Disease,1,0.7177,0.3427,0.5913,25.263,1.204,27.276,66.403,6.567,0.0564,0.0622
PHB_03920,Early Disease,1,0.6943,0.333,0.6817,27.21,1.2662,25.913,72.788,6.472,0.0323,0.0458
PHB_03139,Severe Disease,3,0.3802,0.6533,0.3445,28.002,1.4471,21.749,71.923,6.16,0.0574,0.0645
PHB_09417,Early Disease,1,0.6478,0.3043,0.7114,25.773,1.342,24.714,61.672,6.459,0.0461,0.0632
PHB_09934,Healthy,0,0.8316,0.1348,0.7951,23.02,1.1097,27.34,62.642,6.472,0.0226,0.0145
PHB_05790,Early Disease,1,0.646,0.305,0.6538,25.33,1.0811,28.152,72.88,6.403,0.0401,0.0517
PHB_04074,Healthy,0,0.702,0.1699,0.8774,24.493,1.1943,24.094,54.022,6.535,0.033,0.0625
PHB_03288,Early Disease,1,0.6916,0.335,0.6878,25.764,1.317,23.903,58.9,6.395,0.0375,0.0421
PHB_03230,Early Disease,1,0.6329,0.3797,0.7488,25.164,1.1719,25.416,67.581,6.322,0.0319,0.0514
PHB_01827,Moderate Illness,2,0.4196,0.4963,0.6265,25.545,1.3556,25.524,63.722,6.484,0.0352,0.0772
PHB_05549,Moderate Illness,2,0.485,0.5665,0.6303,26.314,1.3717,22.87,69.882,6.012,0.0512,0.0475
PHB_00594,Moderate Illness,2,0.4452,0.5715,0.8184,28.234,1.3779,24.331,61.861,5.944,0.029,0.06
PHB_02726,Moderate Illness,2,0.443,0.5581,0.6414,26.826,1.2502,23.19,64.379,6.29,0.0638,0.0679
PHB_04138,Severe Disease,3,0.3141,0.8057,0.4329,27.767,1.2769,21.575,61.19,5.922,0.0669,0.0703
PHB_00561,Healthy,0,0.8242,0.0253,0.9085,24.113,1.1104,24.94,59.188,6.206,0.0171,0.018
PHB_07407,Severe Disease,3,0.2413,0.7246,0.5847,28.697,1.352,24.523,58.257,6.46,0.0473,0.0662
PHB_08807,Healthy,0,0.8161,0.1291,0.8908,24.157,1.1571,24.404,70.735,6.649,0.0343,0.0494
PHB_08387,Severe Disease,3,0.3179,0.6465,0.4275,28.186,1.4559,25.097,63.061,6.273,0.0656,0.0691
PHB_00244,Moderate Illness,2,0.529,0.5472,0.5225,26.789,1.4406,28.411,54.811,6.306,0.0502,0.064
PHB_07269,Severe Disease,3,0.2933,0.6992,0.4764,27.72,1.187,25.782,73.247,6.401,0.0541,0.0874
PHB_05436,Healthy,0,0.7322,0.1516,0.859,24.413,1.1754,26.79,70.065,6.278,0.0482,0.0258
PHB_04438,Healthy,0,0.8519,0.1851,0.8283,25.339,1.105,21.041,53.938,6.595,0.0241,0.0193
PHB_09685,Healthy,0,0.8326,0.1461,0.8611,24.428,1.0544,27.188,64.844,6.509,0.0289,0.0176
PHB_08107,Early Disease,1,0.5374,0.2469,0.694,26.86,1.223,24.441,57.198,6.444,0.0366,0.0469
PHB_00406,Severe Disease,3,0.3745,0.7482,0.4893,26.797,1.3274,25.77,66.684,6.586,0.0541,0.0616
PHB_01443,Healthy,0,0.8789,0.1759,0.876,24.414,1.2176,26.837,66.418,6.644,0.0099,0.0548
PHB_00262,Severe Disease,3,0.3751,0.7985,0.425,27.877,1.5632,23.358,65.567,6.092,0.0532,0.0595
PHB_04407,Severe Disease,3,0.3345,0.6737,0.5017,26.673,1.3431,22.508,70.603,6.018,0.0703,0.0753
PHB_07634,Moderate Illness,2,0.4588,0.5119,0.5936,27.168,1.2249,25.23,73.499,6.806,0.03,0.0675
PHB_09534,Early Disease,1,0.5978,0.354,0.6516,26.269,1.2013,28.407,71.127,6.089,0.0163,0.0471
PHB_01690,Early Disease,1,0.7168,0.2595,0.7064,24.29,0.9384,27.662,66.791,6.396,0.0379,0.0456
PHB_09867,Healthy,0,0.8299,0.0911,0.8024,23.372,1.029,25.686,67.324,6.202,0.0338,0.0275
PHB_01726,Healthy,0,0.8768,0.0848,0.815,24.946,1.0082,27.525,64.853,6.714,0.023,0.0448
PHB_08995,Early Disease,1,0.578,0.3159,0.7111,25.58,0.9615,26.123,69.895,6.57,0.0453,0.0628
PHB_04931,Severe Disease,3,0.4074,0.7556,0.4248,27.384,1.2348,23.502,64.347,6.296,0.0467,0.0574
PHB_05963,Early Disease,1,0.6505,0.3851,0.8301,26.025,1.123,22.267,58.582,6.191,0.0253,0.0593
PHB_02497,Moderate Illness,2,0.4935,0.4774,0.5107,26.226,1.1086,22.753,69.317,6.004,0.0466,0.0421
PHB_09015,Severe Disease,3,0.2095,0.7151,0.4151,27.861,1.6576,25.533,58.054,6.18,0.0751,0.083
PHB_06905,Early Disease,1,0.4572,0.2561,0.722,25.723,1.1564,27.071,62.935,5.985,0.0329,0.0531
PHB_06107,Severe Disease,3,0.3307,0.6597,0.4152,27.919,1.5176,22.338,45.028,6.013,0.0445,0.0684
PHB_08201,Healthy,0,0.8243,0.0797,0.8241,24.577,1.2968,26.333,60.559,6.286,0.0066,0.0393
PHB_00341,Healthy,0,0.8591,0.1349,0.8725,24.634,1.0684,21.953,75.255,6.627,0.0165,0.0375
PHB_02409,Early Disease,1,0.6125,0.2807,0.6629,25.675,1.0331,23.117,66.708,6.463,0.021,0.0731
PHB_01602,Healthy,0,0.7674,0.1189,0.8589,24.459,1.0953,27.556,76.937,6.528,0.0186,0.0272
PHB_09865,Healthy,0,0.8433,0.1249,0.8917,24.813,1.1457,23.639,54.887,6.741,0.0151,0.0383
PHB_08360,Healthy,0,0.9105,0.0506,0.9266,25.198,1.1747,26.385,57.643,6.411,0.0108,0.0379
PHB_05783,Early Disease,1,0.6404,0.3405,0.6629,25.784,1.2857,23.281,58.275,6.629,0.0355,0.0281
PHB_04577,Severe Disease,3,0.4014,0.7995,0.3759,26.694,1.1632,28.963,76.282,6.485,0.0558,0.0858
PHB_07972,Healthy,0,0.8833,0.1436,0.9843,25.235,1.0069,24.799,66.596,6.396,0.0257,0.0377
PHB_03726,Severe Disease,3,0.325,0.7809,0.5043,27.866,1.6371,24.547,59.756,5.741,0.0591,0.0659
PHB_02557,Healthy,0,0.7738,0.0404,0.7842,25.007,1.2066,22.578,72.131,6.433,0.0245,0.0361
PHB_02786,Moderate Illness,2,0.5419,0.5355,0.5936,26.629,1.3055,23.435,64.628,6.274,0.0276,0.0475
PHB_01524,Severe Disease,3,0.2662,0.6677,0.4566,27.666,1.3325,21.726,60.352,6.072,0.0534,0.0612
PHB_07718,Severe Disease,3,0.3521,0.6236,0.3692,25.681,1.4568,26.518,70.718,6.138,0.0407,0.0658
PHB_02508,Severe Disease,3,0.2832,0.6549,0.4615,27.024,1.5686,24.004,59.951,6.165,0.0615,0.0557
PHB_02832,Early Disease,1,0.7769,0.3273,0.7373,26.53,1.2569,26.213,73.78,6.119,0.0489,0.0437
PHB_01013,Early Disease,1,0.7075,0.3288,0.752,26.317,0.8556,23.671,80.943,6.573,0.0344,0.0148
PHB_05281,Severe Disease,3,0.3085,0.6301,0.4995,27.528,1.3825,24.655,80.75,6.483,0.0629,0.0574
PHB_04896,Early Disease,1,0.7752,0.2863,0.7739,26.166,1.0138,22.56,70.304,6.786,0.0415,0.0322
PHB_01767,Severe Disease,3,0.4293,0.5914,0.4473,27.657,1.4211,28.953,46.615,6.104,0.0644,0.0732
PHB_04552,Moderate Illness,2,0.468,0.598,0.6007,25.611,1.4417,28.547,59.592,6.518,0.0521,0.0668
PHB_07122,Healthy,0,0.8536,0.0193,1.0456,24.327,1.0429,25.981,62.548,6.357,0.0281,0.023
PHB_06550,Early Disease,1,0.6802,0.3828,0.8349,24.972,1.3328,22.181,56.647,6.022,0.0323,0.0348
PHB_04038,Severe Disease,3,0.3206,0.692,0.7215,27.921,1.1988,26.428,60.835,6.314,0.0388,0.0674
PHB_08271,Early Disease,1,0.6588,0.2647,0.7407,24.74,1.1974,21.533,55.919,5.962,0.046,0.0239
PHB_00149,Early Disease,1,0.6555,0.3899,0.6668,24.638,1.0714,25.105,66.665,6.205,0.0293,0.0262
PHB_00286,Early Disease,1,0.7399,0.2663,0.7034,26.725,1.2896,23.313,69.746,6.272,0.0296,0.0689
PHB_07801,Healthy,0,0.7817,0.0449,0.9303,25.02,1.093,22.824,64.546,5.789,0.0257,0.0451
PHB_09652,Severe Disease,3,0.3696,0.7242,0.3167,27.49,1.3397,26.436,63.251,6.291,0.0658,0.0627
PHB_00364,Healthy,0,0.8543,0.1352,0.8724,24.721,1.1615,27.471,67.387,6.29,0.025,0.0249
PHB_05368,Severe Disease,3,0.4383,0.6246,0.548,27.823,1.3896,26.541,50.436,6.023,0.0658,0.0708
PHB_09946,Healthy,0,0.8561,0.0941,0.8384,26.274,0.9324,27.789,76.593,6.641,0.038,0.0248
PHB_08411,Moderate Illness,2,0.5237,0.517,0.6806,25.826,1.2386,26.549,65.397,6.523,0.0379,0.0627
PHB_09454,Moderate Illness,2,0.4906,0.4934,0.6211,25.678,1.196,25.475,69.995,6.14,0.053,0.0632
PHB_04726,Early Disease,1,0.7699,0.4597,0.745,25.182,1.3981,26.668,65.284,6.734,0.0559,0.0385
PHB_07272,Severe Disease,3,0.381,0.7806,0.3502,26.638,1.3888,25.145,68.509,6.346,0.0801,0.0733
PHB_06771,Early Disease,1,0.5966,0.3049,0.8159,24.909,1.217,24.927,75.33,6.196,0.0298,0.0604
PHB_04444,Severe Disease,3,0.2816,0.7528,0.3975,26.458,1.2948,27.273,68.597,6.196,0.0661,0.0534
PHB_07447,Moderate Illness,2,0.4644,0.4514,0.5982,26.971,1.4349,23.887,72.541,6.387,0.0606,0.0692
PHB_00237,Early Disease,1,0.666,0.3614,0.7312,24.474,1.0795,20.949,68.869,6.288,0.0255,0.0514
PHB_07710,Moderate Illness,2,0.4889,0.6037,0.512,25.124,1.3128,24.03,68.581,6.128,0.0432,0.0467
PHB_09586,Severe Disease,3,0.3732,0.7245,0.5306,26.979,1.3263,24.498,60.189,6.49,0.0526,0.0677
PHB_02563,Moderate Illness,2,0.5201,0.5845,0.661,26.787,1.1789,20.104,61.139,6.079,0.0222,0.0574
PHB_07124,Severe Disease,3,0.2634,0.7497,0.4034,28.265,1.3911,31.468,63.866,6.228,0.0477,0.0577
PHB_08537,Healthy,0,0.741,0.1634,0.8676,25.003,1.0339,26.802,73.827,6.765,0.0453,0.0124
PHB_09603,Moderate Illness,2,0.5184,0.5262,0.6487,27.043,1.2208,23.0,69.698,6.419,0.0446,0.0763
PHB_05520,Moderate Illness,2,0.3789,0.456,0.6067,26.434,1.1389,20.739,61.936,6.514,0.0489,0.0583
PHB_09614,Healthy,0,0.8134,0.0495,1.0109,23.744,1.114,25.099,70.01,6.608,0.0199,0.0582
PHB_03084,Severe Disease,3,0.3717,0.8389,0.5479,28.08,1.3763,24.533,52.375,6.234,0.0466,0.076
PHB_02960,Severe Disease,3,0.3143,0.7743,0.4237,26.944,1.1824,27.944,71.949,6.257,0.072,0.0739
PHB_02103,Severe Disease,3,0.3258,0.7512,0.4287,25.461,1.1876,27.43,67.91,6.242,0.0671,0.0633
PHB_00633,Healthy,0,0.7369,0.2319,0.8651,24.412,1.1645,23.469,73.193,5.963,0.0125,0.0259
PHB_06814,Healthy,0,0.7915,0.2182,0.9617,24.607,1.1188,23.941,72.654,6.484,0.0449,0.0375
PHB_02494,Severe Disease,3,0.3167,0.6542,0.5743,27.433,1.5654,27.124,51.257,5.972,0.0535,0.0923
PHB_02666,Severe Disease,3,0.3775,0.7163,0.4643,27.047,1.3836,24.452,66.219,6.409,0.0558,0.0789
PHB_08495,Moderate Illness,2,0.5427,0.5549,0.6596,26.659,1.51,23.476,52.392,6.391,0.0581,0.0541
PHB_08426,Moderate Illness,2,0.5056,0.6191,0.718,25.021,1.429,22.968,57.131,6.032,0.052,0.0485
PHB_09267,Early Disease,1,0.6852,0.3184,0.7257,25.215,1.1136,25.705,67.857,6.394,0.0338,0.0211
PHB_04212,Early Disease,1,0.6536,0.3539,0.7652,25.266,1.1963,25.242,77.957,6.371,0.0554,0.0284
PHB_03875,Severe Disease,3,0.2916,0.7946,0.3604,27.043,1.3118,23.698,61.578,6.08,0.0547,0.0614
PHB_02818,Moderate Illness,2,0.483,0.5882,0.7518,25.319,1.4239,24.36,67.151,6.238,0.0428,0.068
PHB_08269,Moderate Illness,2,0.4823,0.5652,0.6171,27.582,1.2676,22.906,71.243,5.923,0.0514,0.0493
PHB_09816,Healthy,0,0.8904,0.0761,0.8575,24.613,1.0481,25.782,60.776,6.416,0.0318,0.0506
PHB_07427,Severe Disease,3,0.4329,0.7633,0.4508,27.829,1.3311,22.335,76.451,6.333,0.0659,0.0907
PHB_08603,Early Disease,1,0.6011,0.3065,0.7422,24.294,1.1683,24.417,62.516,6.456,0.0337,0.0843
PHB_08476,Healthy,0,0.8018,0.1687,0.8948,26.68,0.9546,24.493,63.152,6.185,0.0408,0.0463
PHB_01736,Moderate Illness,2,0.5265,0.5446,0.697,26.765,1.1088,24.422,72.498,6.023,0.0439,0.0566
PHB_07398,Early Disease,1,0.7013,0.4261,0.6977,24.374,1.2113,24.557,66.497,6.804,0.0247,0.0552
PHB_04256,Healthy,0,0.8985,0.1583,0.8023,24.542,1.1564,22.686,71.498,6.142,0.0385,0.047
PHB_08289,Early Disease,1,0.7027,0.2676,0.8333,25.454,1.1388,25.366,66.367,6.436,0.0259,0.0462
PHB_02476,Healthy,0,0.7875,0.0134,0.872,24.108,1.061,21.369,62.03,6.883,0.0301,0.0248
PHB_09985,Moderate Illness,2,0.5629,0.4671,0.6025,27.17,1.4882,25.771,57.247,6.353,0.0597,0.0528
PHB_03714,Severe Disease,3,0.3532,0.7326,0.4386,27.934,1.5687,26.913,64.456,5.903,0.0569,0.0702
PHB_08979,Moderate Illness,2,0.4011,0.4446,0.7515,27.043,1.2403,23.435,63.463,6.349,0.0429,0.061
PHB_01805,Moderate Illness,2,0.6155,0.5913,0.6098,25.809,1.2514,26.186,76.196,6.031,0.0607,0.053
PHB_00708,Severe Disease,3,0.2736,0.877,0.4511,28.454,1.4072,19.06,56.889,6.206,0.0697,0.0591
PHB_09192,Early Disease,1,0.6582,0.3655,0.7499,25.942,1.1313,27.195,58.78,6.045,0.0389,0.0367
PHB_05190,Moderate Illness,2,0.5199,0.4751,0.5559,26.136,1.0783,24.766,60.202,6.209,0.0396,0.0451
PHB_05473,Severe Disease,3,0.3469,0.721,0.3554,27.69,1.3928,20.916,65.033,6.159,0.0524,0.0827
PHB_00073,Severe Disease,3,0.3494,0.6516,0.3867,25.507,1.2506,25.209,70.239,6.236,0.0704,0.0749
PHB_07844,Moderate Illness,2,0.5283,0.527,0.6455,25.97,1.289,22.143,71.986,6.57,0.0466,0.0767
PHB_05102,Early Disease,1,0.5461,0.3352,0.6192,26.337,1.2463,21.683,67.623,6.474,0.0356,0.0475
PHB_06765,Early Disease,1,0.7067,0.4069,0.7454,24.964,1.1727,24.885,65.639,6.276,0.0238,0.0411
PHB_01126,Moderate Illness,2,0.4793,0.4702,0.5976,25.827,1.3002,26.037,66.944,6.493,0.0382,0.049
PHB_01242,Early Disease,1,0.7043,0.2081,0.7408,24.633,1.3362,27.378,70.931,6.369,0.0488,0.0519
PHB_08254,Severe Disease,3,0.3851,0.6638,0.4757,27.034,1.2961,22.823,71.896,6.031,0.0597,0.0676
PHB_02350,Healthy,0,0.875,0.1638,0.8281,24.461,1.2136,24.187,69.949,6.423,0.0429,0.0149
PHB_06603,Early Disease,1,0.718,0.3404,0.6971,25.452,1.1746,22.384,59.764,5.956,0.0309,0.0395
PHB_06781,Early Disease,1,0.7015,0.2882,0.8499,26.173,1.0856,25.022,57.067,6.625,0.0246,0.0534
PHB_04359,Early Disease,1,0.6649,0.2832,0.7356,24.362,1.2184,20.844,65.018,6.289,0.0408,0.0336
PHB_01344,Moderate Illness,2,0.4295,0.4825,0.4255,26.646,1.4074,25.512,58.282,6.478,0.0269,0.0667
PHB_09989,Early Disease,1,0.7253,0.3467,0.593,25.35,1.2037,25.909,56.474,6.491,0.0475,0.0653
PHB_08680,Moderate Illness,2,0.5748,0.6325,0.7607,26.809,1.4667,28.168,62.892,6.253,0.0447,0.0781
PHB_09576,Moderate Illness,2,0.5412,0.4816,0.7169,25.176,1.1846,24.84,63.744,6.055,0.038,0.0453
PHB_06653,Moderate Illness,2,0.4385,0.4985,0.5011,26.089,1.357,23.943,64.801,6.771,0.0346,0.0546
PHB_01101,Healthy,0,0.6923,0.0945,0.8728,24.931,1.1573,28.018,65.138,6.991,0.0243,0.0283
PHB_07328,Early Disease,1,0.6361,0.2968,0.7024,25.063,1.3418,20.053,58.962,6.317,0.0474,0.0527
PHB_07623,Healthy,0,0.7241,0.2138,0.8815,23.691,1.256,27.017,67.048,6.302,0.0196,0.0453
PHB_00988,Healthy,0,0.8825,0.097,0.8775,24.327,1.1597,25.356,66.0,6.647,0.0331,0.0255
PHB_02853,Severe Disease,3,0.3219,0.685,0.5065,27.815,1.3853,26.199,68.48,6.195,0.0574,0.0426
PHB_00631,Severe Disease,3,0.3595,0.7169,0.4248,27.91,1.216,24.198,72.205,6.561,0.065,0.078
PHB_01250,Severe Disease,3,0.4203,0.6355,0.5825,27.321,1.2071,23.304,56.877,6.325,0.0528,0.0463
PHB_03180,Moderate Illness,2,0.3961,0.4322,0.6407,25.586,1.236,24.861,74.839,6.153,0.0608,0.0657
PHB_00483,Moderate Illness,2,0.4915,0.4966,0.6344,26.709,1.3119,25.251,68.049,6.347,0.0312,0.0488
PHB_03041,Early Disease,1,0.6182,0.288,0.5713,25.311,1.355,29.282,55.934,6.353,0.0284,0.0411
PHB_05011,Healthy,0,0.7785,0.2194,0.8341,25.759,1.1769,24.687,70.86,6.319,0.0296,0.0155
PHB_08728,Early Disease,1,0.6198,0.2592,0.6406,26.575,1.2815,24.22,66.954,6.17,0.0351,0.0572
PHB_07001,Moderate Illness,2,0.4089,0.4539,0.5613,26.914,1.4815,26.236,64.307,6.242,0.0584,0.0607
PHB_03274,Moderate Illness,2,0.4682,0.4996,0.6592,26.45,1.206,24.862,59.419,6.408,0.0484,0.0623
PHB_07228,Early Disease,1,0.6962,0.2356,0.7669,23.991,1.439,25.611,66.1,6.703,0.0326,0.0637
PHB_03684,Early Disease,1,0.7026,0.2851,0.7055,26.12,1.2417,21.812,66.31,6.468,0.0357,0.0295
PHB_06675,Moderate Illness,2,0.4367,0.4743,0.6424,26.925,1.2864,27.473,58.976,6.207,0.0707,0.0697
PHB_06808,Severe Disease,3,0.3876,0.7187,0.4653,27.3,1.3794,22.85,67.961,6.331,0.0646,0.0772
PHB_09739,Moderate Illness,2,0.473,0.5357,0.6629,25.986,1.3531,22.497,64.074,6.522,0.0322,0.0589
PHB_01317,Moderate Illness,2,0.5576,0.5793,0.6488,26.43,1.2868,26.948,63.828,6.269,0.0725,0.0544
PHB_03226,Severe Disease,3,0.3562,0.6763,0.4829,26.504,1.1518,24.781,63.686,6.275,0.0616,0.0591
PHB_01073,Early Disease,1,0.631,0.4447,0.7097,25.492,0.8712,25.787,60.721,6.615,0.0519,0.0551
PHB_04816,Healthy,0,0.8161,0.0,0.8512,24.904,1.1505,23.159,69.26,6.104,0.0252,0.0433
PHB_08460,Moderate Illness,2,0.5265,0.5308,0.5383,26.615,1.1957,26.673,64.018,6.375,0.0467,0.0665
PHB_05753,Severe Disease,3,0.3156,0.7088,0.3928,27.489,1.2324,24.584,65.33,6.2,0.0596,0.0827
PHB_09146,Moderate Illness,2,0.5538,0.4225,0.5897,25.095,1.2075,23.986,41.288,6.144,0.0591,0.0397
PHB_04617,Healthy,0,0.7953,0.1123,0.9094,23.24,1.1888,20.889,59.212,6.553,0.0252,0.0263
PHB_03098,Early Disease,1,0.7872,0.3204,0.7644,25.331,1.1744,23.778,75.358,6.332,0.0243,0.031
PHB_06870,Moderate Illness,2,0.413,0.5498,0.635,25.757,1.2439,28.647,64.736,6.124,0.0482,0.0467
PHB_01301,Healthy,0,0.865,0.21,0.9042,24.078,1.299,24.464,68.937,6.509,0.0338,0.0199
PHB_07286,Severe Disease,3,0.3456,0.7499,0.4396,27.186,1.6463,22.038,67.969,6.431,0.0632,0.0626
PHB_06285,Severe Disease,3,0.3443,0.6488,0.4847,26.602,1.3614,24.964,58.082,6.743,0.064,0.079
PHB_05496,Early Disease,1,0.6674,0.2748,0.7303,26.37,1.0645,23.406,66.39,6.533,0.0516,0.0206
PHB_05292,Early Disease,1,0.5849,0.3183,0.6287,27.005,1.061,27.736,58.982,6.819,0.0597,0.0348
PHB_01799,Moderate Illness,2,0.4811,0.5577,0.5905,27.355,1.1374,23.041,67.129,6.068,0.0375,0.0522
PHB_05204,Early Disease,1,0.6426,0.3134,0.7149,25.878,1.0882,26.661,56.92,6.543,0.0491,0.0492
PHB_08228,Healthy,0,0.8549,0.1211,0.9037,24.963,1.0639,25.656,73.602,6.616,0.0133,0.036
PHB_05048,Severe Disease,3,0.3383,0.6299,0.3827,26.781,1.6275,28.09,60.304,6.138,0.0584,0.0455
PHB_06442,Severe Disease,3,0.2953,0.6958,0.4033,28.901,1.4541,26.341,59.866,5.769,0.0697,0.0595
PHB_08106,Healthy,0,0.7791,0.1229,0.8124,25.223,1.2655,21.814,66.299,6.335,0.0436,0.0165
PHB_02360,Healthy,0,0.8423,0.1108,0.7422,25.223,1.0315,23.367,63.115,6.519,0.0295,0.0285
PHB_09381,Early Disease,1,0.7598,0.2954,0.8063,25.291,1.2713,24.976,61.944,6.68,0.0328,0.0526
PHB_03655,Early Disease,1,0.6836,0.4025,0.7723,25.999,1.1256,26.031,64.251,5.778,0.0415,0.0557
PHB_07053,Early Disease,1,0.6698,0.3369,0.7315,25.653,0.9967,21.956,70.371,6.397,0.0232,0.0403
PHB_01287,Early Disease,1,0.7527,0.3883,0.7507,24.482,0.8734,22.656,63.315,6.424,0.0324,0.0163
PHB_09127,Early Disease,1,0.7389,0.2537,0.6629,26.8,1.2438,27.771,68.367,6.158,0.0485,0.0432
PHB_04446,Early Disease,1,0.5928,0.3889,0.6468,25.963,1.1485,25.127,71.677,6.217,0.0428,0.054
PHB_02138,Severe Disease,3,0.3448,0.8113,0.479,27.428,1.5009,28.005,60.428,6.608,0.0545,0.0607
PHB_06788,Moderate Illness,2,0.5003,0.6401,0.547,26.426,1.2158,25.836,71.877,6.554,0.0531,0.0542
PHB_09753,Early Disease,1,0.5826,0.4315,0.6295,27.358,1.1065,20.899,68.245,6.667,0.0471,0.0357
PHB_08511,Early Disease,1,0.7213,0.2576,0.6827,25.838,0.9708,24.283,77.826,6.404,0.0434,0.0367
PHB_09540,Healthy,0,0.8736,0.1136,0.877,25.445,1.0849,27.226,70.011,6.785,0.0381,0.0401
PHB_06895,Healthy,0,0.8899,0.1308,0.8358,29.258,1.1122,27.891,74.689,6.57,0.0402,0.0198
PHB_08570,Severe Disease,3,0.2246,0.7357,0.4636,26.575,1.5411,26.638,61.012,6.338,0.0697,0.0746
PHB_07152,Moderate Illness,2,0.4739,0.5245,0.5209,27.083,1.2717,22.276,62.397,6.413,0.0511,0.0644
PHB_00964,Healthy,0,0.8322,0.1365,0.7802,24.77,1.199,25.13,63.871,6.304,0.0146,0.018
PHB_06013,Healthy,0,0.8292,0.2037,0.8839,24.295,1.1306,27.088,59.531,6.58,0.0303,0.0359
PHB_04883,Moderate Illness,2,0.4551,0.596,0.6797,26.097,1.3286,21.715,71.073,6.379,0.0695,0.0512
PHB_00141,Early Disease,1,0.6316,0.3379,0.7983,25.761,1.163,23.903,65.523,6.175,0.044,0.0551
PHB_09033,Early Disease,1,0.6031,0.3657,0.7385,25.545,1.1334,25.571,77.114,6.143,0.0304,0.0591
PHB_06937,Severe Disease,3,0.303,0.8077,0.4729,27.194,1.5273,28.195,67.677,5.914,0.0644,0.0715
PHB_06543,Severe Disease,3,0.3032,0.6483,0.5477,26.236,1.3735,23.622,58.732,5.609,0.0566,0.0603
PHB_05244,Early Disease,1,0.7428,0.286,0.6848,26.318,1.227,24.949,71.644,6.486,0.0326,0.0442
PHB_04432,Severe Disease,3,0.3064,0.6805,0.5318,27.579,1.3385,25.633,54.707,6.104,0.0837,0.0619
PHB_00407,Early Disease,1,0.5193,0.2613,0.6774,25.63,1.2728,26.493,59.373,6.621,0.0242,0.0299
PHB_08213,Moderate Illness,2,0.4388,0.5069,0.5961,26.578,1.2755,25.236,61.688,6.069,0.0536,0.0549
PHB_08377,Moderate Illness,2,0.5443,0.579,0.4896,27.264,1.3209,24.021,65.142,6.399,0.0664,0.0427
PHB_08628,Severe Disease,3,0.4119,0.8286,0.3281,26.492,1.3671,26.443,60.481,6.416,0.0619,0.0698
PHB_08235,Severe Disease,3,0.3223,0.722,0.4745,27.122,1.3916,24.917,67.247,5.972,0.0651,0.0702
PHB_04400,Severe Disease,3,0.396,0.6949,0.4889,26.538,1.4559,25.807,70.244,6.305,0.0577,0.0725
PHB_05253,Early Disease,1,0.6406,0.3549,0.7184,24.072,1.2753,30.477,70.946,6.422,0.0351,0.0342
PHB_00012,Severe Disease,3,0.3406,0.7606,0.392,27.597,1.5537,25.19,59.725,6.101,0.0572,0.0702
PHB_04761,Moderate Illness,2,0.5363,0.5612,0.6764,27.106,1.2625,23.506,68.305,6.37,0.0667,0.0219
PHB_01178,Early Disease,1,0.6719,0.3846,0.7365,26.821,1.5446,21.522,72.572,6.581,0.0387,0.0607
PHB_02864,Healthy,0,0.7941,0.0965,0.8344,25.343,1.2866,25.174,71.289,6.23,0.0327,0.0477
PHB_06472,Moderate Illness,2,0.4899,0.5001,0.6264,25.966,1.3308,22.648,73.471,6.003,0.0597,0.0639
PHB_06229,Early Disease,1,0.675,0.3672,0.7397,25.239,1.1884,20.443,67.623,6.153,0.0371,0.0462
PHB_02990,Moderate Illness,2,0.5201,0.455,0.6273,26.356,1.403,27.748,60.485,6.366,0.0601,0.0565
PHB_07118,Moderate Illness,2,0.5448,0.5878,0.6599,26.244,1.1937,25.848,58.71,6.027,0.0498,0.0639
PHB_07011,Healthy,0,0.8482,0.1066,0.7793,24.156,1.0034,24.687,68.912,6.72,0.0171,0.0516
PHB_08558,Moderate Illness,2,0.507,0.5461,0.6275,25.618,1.1374,29.513,66.255,6.369,0.0488,0.0302
PHB_01441,Healthy,0,0.8971,0.0411,0.8971,24.197,1.1156,22.933,77.036,6.292,0.0449,0.0223
PHB_09748,Severe Disease,3,0.2893,0.699,0.4369,27.01,1.5707,27.493,57.649,6.217,0.0625,0.0687
PHB_02876,Healthy,0,0.8036,0.0813,0.9944,25.021,1.155,24.821,64.876,6.132,0.0299,0.0481
PHB_09099,Moderate Illness,2,0.4717,0.4662,0.6667,26.245,1.306,22.745,61.164,6.216,0.0631,0.0801
PHB_08789,Early Disease,1,0.6727,0.3078,0.8036,26.159,1.0723,22.956,81.309,6.509,0.0553,0.0638
PHB_07233,Healthy,0,0.8764,0.1533,0.7987,24.013,1.0698,29.077,66.525,6.488,0.0393,0.0225
PHB_03727,Severe Disease,3,0.2329,0.8093,0.3541,26.97,1.2686,25.25,63.003,6.315,0.0722,0.0497
PHB_02773,Severe Disease,3,0.3761,0.7197,0.4604,27.314,1.4527,23.775,52.064,6.492,0.06,0.0779
PHB_00455,Healthy,0,0.8099,0.2525,0.8718,25.657,1.3589,23.313,62.087,6.883,0.0317,0.0423
PHB_08190,Severe Disease,3,0.3772,0.7133,0.5151,25.33,1.3422,25.259,50.522,5.965,0.0705,0.0657
PHB_01368,Healthy,0,0.7271,0.2284,0.7529,24.995,0.9523,22.703,76.054,6.321,0.0169,0.041
PHB_03713,Severe Disease,3,0.3671,0.7278,0.6098,27.132,1.259,25.693,59.468,6.4,0.0607,0.0599
PHB_09853,Early Disease,1,0.7274,0.3243,0.7722,24.775,1.0596,24.993,66.961,6.275,0.031,0.0509
PHB_01389,Severe Disease,3,0.312,0.77,0.4836,26.681,1.3327,28.989,69.662,6.126,0.0567,0.0714
PHB_01001,Healthy,0,0.8629,0.1105,0.9812,24.535,1.1807,24.511,59.416,6.527,0.0235,0.0314
PHB_07762,Severe Disease,3,0.3279,0.6655,0.4221,27.278,1.5555,25.073,69.721,6.217,0.0737,0.0726
PHB_03554,Moderate Illness,2,0.5366,0.4171,0.5303,25.361,1.4891,23.507,75.292,6.609,0.0411,0.0614
PHB_04115,Severe Disease,3,0.2378,0.7622,0.4574,27.402,1.4839,25.485,63.146,6.085,0.0607,0.038
PHB_01668,Healthy,0,0.8699,0.0628,0.9462,24.921,1.0786,23.294,66.082,6.155,0.0146,0.0312
PHB_03174,Severe Disease,3,0.3151,0.6527,0.551,27.495,1.4674,23.869,62.022,6.229,0.0601,0.0575
PHB_09398,Severe Disease,3,0.3783,0.7837,0.5685,28.244,1.3628,23.025,76.111,6.263,0.0743,0.0641
PHB_00489,Moderate Illness,2,0.6245,0.6324,0.5299,26.413,1.5719,27.185,68.843,5.917,0.0671,0.0387
PHB_03231,Early Disease,1,0.6746,0.3146,0.7982,25.28,1.0732,23.638,68.866,6.617,0.0453,0.0388
PHB_03829,Severe Disease,3,0.3695,0.6164,0.4543,26.647,1.3779,27.055,72.778,6.427,0.0479,0.0663
PHB_08652,Severe Disease,3,0.3016,0.765,0.4333,27.455,1.3229,22.773,76.557,6.308,0.0491,0.0598
PHB_05209,Healthy,0,0.7914,0.1953,0.9326,25.03,1.1763,26.785,65.115,6.28,0.0371,0.0159
PHB_07849,Healthy,0,0.8839,0.0892,0.9735,23.358,1.1305,25.973,58.529,6.644,0.0489,0.0118
PHB_05705,Moderate Illness,2,0.4385,0.5153,0.708,26.652,1.4026,22.44,64.583,6.585,0.0396,0.0406
PHB_09640,Early Disease,1,0.718,0.1932,0.8513,24.894,0.9828,25.181,66.891,6.493,0.0519,0.0441
PHB_08134,Severe Disease,3,0.2917,0.7526,0.5492,27.616,1.3188,22.52,67.021,6.257,0.0657,0.0606
PHB_00704,Severe Disease,3,0.4072,0.702,0.4764,27.532,1.7556,24.818,61.829,5.937,0.0606,0.0758
PHB_05106,Early Disease,1,0.6719,0.3087,0.8037,25.057,1.0015,29.681,74.049,6.73,0.018,0.0587
PHB_08894,Healthy,0,0.844,0.0345,0.9526,23.068,1.0026,26.101,63.712,6.307,0.0124,0.0337
PHB_03292,Moderate Illness,2,0.473,0.4937,0.4863,26.717,1.4348,32.259,50.615,6.307,0.0426,0.0545
PHB_08126,Early Disease,1,0.6735,0.376,0.7953,25.818,1.2369,23.561,58.197,6.318,0.0287,0.0629
PHB_09632,Severe Disease,3,0.3316,0.7283,0.4876,26.655,1.5845,27.625,60.306,6.257,0.0808,0.0914
PHB_09022,Severe Disease,3,0.3179,0.6368,0.436,28.248,1.5766,24.521,62.257,6.501,0.0473,0.065
PHB_04910,Healthy,0,0.812,0.0985,0.8013,25.273,1.0961,27.38,71.201,6.24,0.0109,0.0682
PHB_04441,Healthy,0,0.8244,0.1159,0.8126,25.336,0.9369,27.04,73.835,6.212,0.0204,0.0338
PHB_00987,Early Disease,1,0.6531,0.4341,0.7281,26.206,1.2217,25.109,63.44,6.238,0.0401,0.0562
PHB_09237,Early Disease,1,0.5957,0.2559,0.644,25.53,1.0601,24.596,59.773,6.119,0.0464,0.0456
PHB_09884,Early Disease,1,0.6522,0.3323,0.8011,25.547,1.2045,24.0,70.018,6.145,0.045,0.0617
PHB_07706,Moderate Illness,2,0.5053,0.4666,0.5861,25.823,1.2169,24.965,66.802,6.643,0.0609,0.0371
PHB_06258,Healthy,0,0.9366,0.1959,0.9003,23.93,1.2415,23.964,62.023,6.721,0.013,0.0245
PHB_06090,Moderate Illness,2,0.5883,0.5113,0.6129,25.007,1.1656,24.232,54.633,6.325,0.0466,0.0631
PHB_05239,Early Disease,1,0.6813,0.3395,0.7543,25.048,1.2474,25.825,70.134,6.004,0.0194,0.0316
PHB_01199,Early Disease,1,0.6251,0.3305,0.7166,24.607,1.179,26.659,68.864,6.538,0.0632,0.0672
PHB_09071,Healthy,0,0.925,0.1393,1.0137,24.339,1.0649,25.281,71.635,6.406,0.0304,0.0247
PHB_07520,Healthy,0,0.8484,0.1928,0.9032,23.887,1.0997,25.46,65.67,6.511,0.0321,0.0274
PHB_06813,Early Disease,1,0.7189,0.2196,0.5855,25.827,1.234,26.201,66.812,6.167,0.0294,0.0406
PHB_08321,Healthy,0,0.8283,0.1115,0.887,23.94,1.2856,21.846,69.626,6.345,0.0326,0.0278
PHB_07176,Healthy,0,0.7623,0.1476,0.8576,23.202,1.0812,23.621,61.737,6.635,0.025,0.0137
PHB_04471,Severe Disease,3,0.3294,0.5998,0.4974,26.388,1.2708,27.176,65.023,6.342,0.0502,0.0714
PHB_00892,Severe Disease,3,0.3315,0.7151,0.3738,29.05,1.5144,26.729,62.981,5.824,0.0589,0.0705
PHB_01970,Moderate Illness,2,0.5991,0.5457,0.6497,27.177,1.0925,26.778,67.22,6.272,0.0385,0.0733
PHB_05758,Early Disease,1,0.716,0.3118,0.6072,25.96,1.3622,25.0,65.366,6.286,0.0417,0.0518
PHB_06528,Healthy,0,0.8049,0.1139,0.8904,23.881,1.2368,25.207,69.673,6.441,0.0282,0.0269
PHB_06295,Healthy,0,0.8389,0.1531,0.9128,25.142,1.204,22.733,59.47,6.502,0.0302,0.0563
PHB_07596,Severe Disease,3,0.3339,0.7182,0.5034,27.568,1.3165,26.214,66.782,6.483,0.0589,0.0821
PHB_03250,Early Disease,1,0.6607,0.432,0.6904,26.74,1.1877,21.685,66.743,6.044,0.0397,0.0498
PHB_06571,Moderate Illness,2,0.4836,0.5771,0.5314,26.731,1.2157,20.015,61.222,6.067,0.0641,0.0537
PHB_06639,Severe Disease,3,0.2842,0.7232,0.5192,27.579,1.3756,24.988,63.009,6.394,0.0852,0.0534
PHB_07352,Healthy,0,0.7706,0.219,0.776,23.618,1.0155,23.858,68.346,6.241,0.013,0.0387
PHB_09173,Healthy,0,0.7387,0.0417,0.8976,24.501,0.7719,21.301,53.605,6.598,0.0166,0.0246
PHB_07474,Early Disease,1,0.8259,0.3316,0.793,24.706,1.3313,24.477,68.848,6.276,0.0468,0.0617
PHB_09602,Healthy,0,0.868,0.0,0.9031,22.485,1.2229,25.824,57.741,6.422,0.0457,0.0611
PHB_08674,Healthy,0,0.842,0.1242,0.9247,24.099,1.2672,23.095,65.131,6.212,0.0172,0.0263
PHB_01240,Healthy,0,0.7956,0.1708,0.7935,24.257,1.0116,23.784,72.977,6.654,0.0313,0.0286
PHB_02290,Early Disease,1,0.6141,0.2449,0.781,25.854,1.0968,23.962,67.746,6.178,0.0295,0.0689
PHB_02741,Healthy,0,0.8037,0.0,0.9581,25.842,1.1221,28.292,75.014,6.018,0.0224,0.0341
PHB_04586,Severe Disease,3,0.2566,0.7566,0.4286,27.303,1.3986,25.569,50.138,6.059,0.0679,0.0611
PHB_01230,Healthy,0,0.8315,0.1287,0.8763,25.883,1.0093,27.606,66.072,6.615,0.0293,0.0387
PHB_06981,Severe Disease,3,0.3968,0.6323,0.3979,26.49,1.3198,24.214,70.05,6.091,0.0691,0.0651
PHB_05179,Moderate Illness,2,0.4634,0.5059,0.6218,26.027,1.2249,28.039,58.862,5.972,0.0423,0.0742
PHB_04294,Moderate Illness,2,0.5766,0.517,0.5392,28.247,1.13,21.908,74.032,6.136,0.0455,0.0762
PHB_01059,Moderate Illness,2,0.4454,0.502,0.5287,25.419,1.146,25.077,52.762,6.834,0.0512,0.0623
PHB_06263,Healthy,0,0.8117,0.1464,0.8962,23.441,1.2104,27.021,59.457,6.498,0.0169,0.0456
PHB_00282,Healthy,0,0.8385,0.1141,0.8617,23.829,1.1266,25.826,50.48,6.502,0.0336,0.0237
PHB_00969,Moderate Illness,2,0.4409,0.4672,0.6588,26.305,1.4516,26.114,65.897,6.329,0.0524,0.0685
PHB_03954,Moderate Illness,2,0.57,0.5668,0.5146,26.644,1.2658,26.367,77.328,6.465,0.0442,0.0608
PHB_01940,Healthy,0,0.8721,0.1608,0.8148,23.297,1.1126,25.372,60.516,6.521,0.0173,0.0333
PHB_08465,Moderate Illness,2,0.5155,0.6009,0.6107,26.78,1.3375,22.437,57.196,6.423,0.0734,0.06
PHB_01275,Healthy,0,0.8362,0.119,0.9146,25.461,1.0626,26.224,60.388,6.245,0.0246,0.0365
PHB_00620,Healthy,0,0.8076,0.1711,0.8447,25.383,1.1745,23.039,68.86,6.556,0.0354,0.0243
PHB_08506,Early Disease,1,0.616,0.2241,0.7302,26.975,1.0456,24.224,61.554,6.221,0.0331,0.0619
PHB_01743,Healthy,0,0.8931,0.0729,0.8209,28.412,1.2333,23.937,69.463,7.003,0.018,0.0179
PHB_01391,Severe Disease,3,0.388,0.7346,0.5534,26.192,1.4512,24.589,59.886,6.466,0.0567,0.0735
PHB_02204,Healthy,0,0.8471,0.0282,0.852,24.905,0.8926,24.841,64.222,6.44,0.0366,0.0372
PHB_03569,Severe Disease,3,0.261,0.7497,0.4301,28.69,1.4968,21.519,59.011,6.612,0.0618,0.0724
PHB_06117,Early Disease,1,0.694,0.2725,0.705,24.708,1.2122,25.039,62.16,6.119,0.0326,0.0188
PHB_09971,Moderate Illness,2,0.4749,0.551,0.4603,26.976,1.4588,23.742,79.568,6.512,0.0692,0.053
PHB_06053,Severe Disease,3,0.2788,0.7946,0.4166,28.406,1.2836,27.787,70.158,6.482,0.0579,0.0901
PHB_03179,Healthy,0,0.8162,0.1291,0.848,24.091,1.335,26.429,58.056,6.399,0.0222,0.0197
PHB_03193,Moderate Illness,2,0.4494,0.4685,0.6357,25.521,1.3886,24.453,66.13,6.124,0.0617,0.0502
PHB_06100,Healthy,0,0.8187,0.1634,0.9138,25.3,1.1385,22.247,70.226,6.112,0.0243,0.0327
PHB_07030,Severe Disease,3,0.3164,0.6348,0.3848,26.925,1.6227,20.98,58.418,5.585,0.0472,0.0587
PHB_00576,Moderate Illness,2,0.4942,0.4177,0.5456,27.464,1.3233,27.304,60.068,6.266,0.0554,0.046
PHB_06657,Moderate Illness,2,0.4362,0.5596,0.7125,26.682,1.1823,24.724,58.071,6.261,0.0582,0.0762
PHB_07116,Severe Disease,3,0.3383,0.893,0.4229,27.515,1.2668,24.831,60.622,6.089,0.0535,0.0744
PHB_08803,Healthy,0,0.7967,0.1256,0.8018,26.02,1.0057,27.469,57.672,6.068,0.0085,0.0416
PHB_06277,Healthy,0,0.7899,0.0913,0.8239,24.338,1.0015,26.734,53.471,6.393,0.0348,0.034
PHB_08985,Moderate Illness,2,0.4008,0.5248,0.502,26.312,1.17,21.675,68.933,6.182,0.0634,0.067
PHB_05898,Severe Disease,3,0.3901,0.7373,0.4363,26.936,1.3915,26.47,74.92,6.177,0.0587,0.0767
PHB_05725,Severe Disease,3,0.2616,0.7521,0.4956,26.536,1.387,19.953,70.201,6.065,0.0451,0.0815
PHB_00270,Healthy,0,0.7873,0.0372,0.9389,24.011,1.0314,28.782,70.269,6.61,0.0361,0.0198
PHB_00630,Severe Disease,3,0.3197,0.7525,0.4119,27.794,1.462,23.821,71.35,6.256,0.0619,0.0776
PHB_03082,Healthy,0,0.8289,0.1244,0.759,24.943,1.1475,25.029,73.542,6.638,0.0217,0.0107
PHB_03467,Moderate Illness,2,0.443,0.5625,0.5523,25.695,1.4086,24.45,67.399,6.102,0.049,0.0565
PHB_06431,Early Disease,1,0.6952,0.2791,0.8522,25.834,1.1553,21.111,75.324,5.985,0.043,0.0496
PHB_09312,Moderate Illness,2,0.4916,0.5552,0.5079,25.775,1.0779,24.982,73.866,6.528,0.0464,0.0397
PHB_07063,Early Disease,1,0.7416,0.3305,0.7942,24.821,1.0889,24.45,64.261,6.397,0.0483,0.0481
PHB_09728,Early Disease,1,0.6519,0.2839,0.73,26.078,1.5467,25.32,66.655,5.991,0.0402,0.0371
PHB_05544,Moderate Illness,2,0.4398,0.3944,0.5308,28.208,1.312,24.001,63.218,5.95,0.0361,0.0709
PHB_04357,Severe Disease,3,0.295,0.5709,0.3806,27.702,1.4801,25.293,62.473,6.383,0.0446,0.0612
PHB_02114,Moderate Illness,2,0.5766,0.576,0.5562,26.909,1.3374,26.747,75.655,6.077,0.0402,0.0828
PHB_08220,Severe Disease,3,0.3185,0.6964,0.4153,27.699,1.2074,25.861,64.017,6.6,0.0479,0.0485
PHB_03217,Early Disease,1,0.562,0.2779,0.7495,25.59,0.9802,19.269,64.721,6.206,0.048,0.048
PHB_03815,Early Disease,1,0.6873,0.2876,0.6851,26.425,1.1553,25.565,68.084,6.116,0.0287,0.0325
PHB_08322,Moderate Illness,2,0.4626,0.3967,0.5267,26.774,1.3049,28.425,62.842,6.255,0.0434,0.0571
PHB_08590,Moderate Illness,2,0.447,0.5884,0.535,27.152,1.3414,24.359,61.223,6.011,0.0546,0.041
PHB_02279,Severe Disease,3,0.3434,0.7294,0.4884,27.825,1.2943,29.131,62.439,6.36,0.0681,0.0636
PHB_04600,Early Disease,1,0.6319,0.3837,0.9254,26.462,1.4534,26.148,73.519,6.637,0.029,0.051
PHB_00014,Severe Disease,3,0.3636,0.8424,0.3944,28.296,1.2523,22.505,65.087,6.032,0.0585,0.0905
PHB_09226,Severe Disease,3,0.2122,0.6515,0.4054,28.137,1.5316,23.296,69.223,5.762,0.07,0.0773
PHB_01526,Healthy,0,0.8828,0.0825,0.7309,24.462,1.1323,25.115,61.081,6.643,0.0336,0.0487
PHB_02366,Moderate Illness,2,0.5141,0.5013,0.6043,25.332,1.36,23.883,60.879,6.044,0.055,0.0522
PHB_04649,Early Disease,1,0.6272,0.3475,0.745,25.494,0.9797,23.105,67.627,6.692,0.0245,0.0357
PHB_00375,Healthy,0,0.7799,0.0735,0.7941,23.098,1.2473,23.1,72.91,6.349,0.0209,0.0421
PHB_08522,Early Disease,1,0.7132,0.232,0.7275,27.064,1.1574,24.964,51.659,6.251,0.0494,0.0287
PHB_06478,Early Disease,1,0.6215,0.4378,0.7147,25.209,1.0643,23.758,60.724,6.584,0.0173,0.0805
PHB_00526,Early Disease,1,0.6946,0.2633,0.7957,25.628,1.1405,23.85,71.605,6.709,0.0329,0.03
PHB_06896,Healthy,0,0.8273,0.2354,0.7719,23.307,0.9289,25.409,67.55,6.553,0.0387,0.047
PHB_03592,Early Disease,1,0.7904,0.4254,0.7992,25.818,1.3216,26.458,62.564,6.505,0.0354,0.0471
PHB_07905,Severe Disease,3,0.2975,0.7303,0.3702,27.318,1.3373,28.633,62.087,6.165,0.0561,0.0586
PHB_02959,Healthy,0,0.7934,0.0568,0.9232,24.607,1.0574,25.059,64.279,6.054,0.0485,0.0601
PHB_00530,Early Disease,1,0.6403,0.2647,0.7401,24.831,1.2618,23.236,73.82,6.371,0.0322,0.0298
PHB_03715,Severe Disease,3,0.2781,0.784,0.3302,27.684,1.456,26.197,62.595,6.285,0.0693,0.0719
PHB_04733,Early Disease,1,0.6103,0.3829,0.7945,25.499,1.2629,28.937,60.392,6.659,0.0477,0.0603
PHB_01395,Severe Disease,3,0.4035,0.7563,0.3401,27.113,1.367,25.487,66.446,6.291,0.0685,0.0761
PHB_05632,Healthy,0,0.9202,0.1835,0.9125,23.91,1.1561,22.231,62.19,6.343,0.0367,0.0506
PHB_06564,Severe Disease,3,0.3845,0.7565,0.4087,27.448,1.4804,27.106,60.046,6.362,0.0593,0.0749
PHB_04704,Early Disease,1,0.6733,0.3001,0.8512,25.56,1.2874,22.122,56.133,6.276,0.0306,0.0494
PHB_01713,Severe Disease,3,0.2993,0.6714,0.4305,28.697,1.5542,24.453,70.952,6.523,0.0487,0.0634
PHB_09756,Early Disease,1,0.5535,0.344,0.631,24.914,1.1688,28.011,66.332,6.204,0.0324,0.0542
PHB_00956,Severe Disease,3,0.3111,0.6731,0.4438,28.824,1.4649,25.692,61.646,6.025,0.0688,0.0601
PHB_06676,Healthy,0,0.7534,0.0661,0.8982,23.454,1.299,26.353,69.725,5.98,0.0428,0.0471
PHB_03454,Healthy,0,0.8411,0.1241,0.9023,24.803,1.083,22.828,64.661,6.696,0.0245,0.0248
PHB_02072,Early Disease,1,0.655,0.4001,0.6814,25.639,0.8929,28.412,65.887,6.176,0.0379,0.0456
PHB_09741,Moderate Illness,2,0.5157,0.4915,0.5574,26.241,1.2782,25.467,59.125,6.1,0.0417,0.0695
PHB_00159,Moderate Illness,2,0.5478,0.5409,0.5792,26.005,1.2508,27.612,69.612,6.409,0.0378,0.0664
PHB_07006,Early Disease,1,0.6529,0.4451,0.7685,26.265,1.1135,27.665,67.234,6.301,0.0466,0.0526
PHB_00353,Moderate Illness,2,0.4776,0.529,0.5987,25.811,1.3491,21.489,72.059,6.031,0.0486,0.0541
PHB_06079,Healthy,0,0.6822,0.175,0.8662,25.289,0.9783,24.29,59.893,6.509,0.0419,0.032
PHB_06237,Early Disease,1,0.566,0.2457,0.7376,25.228,1.1188,22.595,77.684,6.398,0.0316,0.0468
PHB_02921,Severe Disease,3,0.2857,0.6852,0.4511,27.78,1.2975,24.339,51.536,6.024,0.0464,0.0633
PHB_04645,Early Disease,1,0.6635,0.3268,0.8486,25.245,1.2234,23.805,58.075,6.255,0.0264,0.052
PHB_00662,Severe Disease,3,0.3766,0.7098,0.4965,27.522,1.363,25.438,68.031,6.359,0.0522,0.0512
PHB_07058,Healthy,0,0.8349,0.116,0.9944,23.989,1.1656,24.026,78.104,6.369,0.0332,0.0228
PHB_03666,Early Disease,1,0.6576,0.296,0.7252,26.186,1.3016,24.267,69.684,6.224,0.0403,0.0502
PHB_07980,Early Disease,1,0.6647,0.4002,0.6692,25.696,1.0103,30.74,58.213,6.408,0.0664,0.0417
PHB_00307,Early Disease,1,0.5448,0.2672,0.7405,26.973,1.0386,23.416,64.92,6.465,0.049,0.0354
PHB_04791,Early Disease,1,0.5565,0.3762,0.6398,24.412,1.226,23.776,62.089,6.832,0.0309,0.0427
PHB_02357,Early Disease,1,1.0895,0.3081,0.6766,26.114,1.195,24.98,78.028,6.238,0.0505,0.0452
PHB_01928,Moderate Illness,2,0.561,0.5225,0.5766,25.816,1.2067,25.301,63.214,6.671,0.0514,0.0613
PHB_09940,Moderate Illness,2,0.4925,0.4821,0.5276,25.916,1.1914,22.377,69.874,6.363,0.0429,0.0487
PHB_03428,Severe Disease,3,0.2234,0.6511,0.4831,27.502,1.3866,19.959,68.709,6.102,0.0589,0.0685
PHB_03639,Severe Disease,3,0.3406,0.6375,0.4084,26.585,1.4975,23.176,60.418,6.214,0.0522,0.0577
PHB_01267,Healthy,0,0.9072,0.0901,0.9518,24.692,1.0772,25.491,63.143,6.208,0.028,0.0401
PHB_01561,Severe Disease,3,0.2796,0.7185,0.3987,26.953,1.5242,25.211,53.551,6.526,0.0673,0.0572
PHB_07180,Early Disease,1,0.63,0.389,0.8615,25.532,1.1543,25.881,65.682,6.063,0.0486,0.0281
PHB_04110,Moderate Illness,2,0.5124,0.4855,0.5156,25.917,1.1088,21.648,62.633,5.824,0.0272,0.0482
PHB_07868,Healthy,0,0.7634,0.1835,0.9667,24.824,0.9997,23.414,70.053,6.678,0.0144,0.0202
PHB_04905,Moderate Illness,2,0.5977,0.5137,0.6349,26.776,1.085,25.673,64.616,6.358,0.0329,0.0432
PHB_07295,Moderate Illness,2,0.388,0.5399,0.6275,26.615,1.3235,26.657,68.444,5.704,0.0573,0.0406
PHB_00515,Early Disease,1,0.6614,0.3399,0.7357,25.01,1.0984,27.079,75.825,6.234,0.0341,0.0662
PHB_00895,Severe Disease,3,0.1849,0.6553,0.3687,27.708,1.467,23.862,66.159,6.103,0.0703,0.071
PHB_00022,Early Disease,1,0.6978,0.2851,0.7621,25.017,1.0915,25.558,75.926,6.223,0.0411,0.0417
PHB_00900,Moderate Illness,2,0.5826,0.5106,0.6046,27.061,1.2707,23.841,62.406,7.111,0.0465,0.0673
PHB_00208,Moderate Illness,2,0.477,0.5591,0.6506,27.011,1.3689,23.461,53.908,6.685,0.0437,0.0648
PHB_00459,Severe Disease,3,0.266,0.6735,0.6047,27.21,1.3451,25.452,55.084,6.057,0.0514,0.0671
PHB_02431,Severe Disease,3,0.2644,0.7468,0.523,28.076,1.387,21.862,67.453,6.045,0.0401,0.0738
PHB_08443,Early Disease,1,0.6979,0.198,0.7885,24.997,1.2332,29.045,62.389,6.352,0.0397,0.0518
PHB_03390,Early Disease,1,0.6529,0.3514,0.6939,26.417,1.1903,26.374,66.141,6.094,0.0379,0.0527
PHB_03912,Early Disease,1,0.7036,0.3503,0.7403,26.258,1.1872,22.867,71.858,6.482,0.043,0.0477
PHB_05384,Healthy,0,0.8745,0.208,0.8484,25.375,0.8492,25.134,62.823,6.244,0.0025,0.0295
PHB_00553,Healthy,0,0.8186,0.1327,0.9344,24.437,0.9914,26.78,72.699,6.577,0.039,0.0294
PHB_03145,Severe Disease,3,0.3042,0.7698,0.4931,27.213,1.4622,26.033,59.38,6.724,0.048,0.0846
PHB_06918,Moderate Illness,2,0.3415,0.5281,0.5308,25.984,1.2979,22.254,61.11,6.767,0.067,0.0672
PHB_02057,Severe Disease,3,0.2524,0.7311,0.4108,27.823,1.522,27.21,67.145,6.174,0.0674,0.0902
PHB_01926,Healthy,0,0.8043,0.1066,0.9139,25.475,1.0905,24.507,59.536,6.126,0.0285,0.0383
PHB_00635,Healthy,0,0.7159,0.1463,0.8816,23.37,1.0691,25.919,63.888,6.808,0.0062,0.0396
PHB_06083,Moderate Illness,2,0.4538,0.5616,0.624,26.885,1.3876,25.978,52.955,6.181,0.0405,0.0482
PHB_09271,Healthy,0,0.7591,0.1424,0.7618,23.935,1.2438,25.387,82.274,6.551,0.0201,0.0313
PHB_09679,Early Disease,1,0.6821,0.245,0.7087,25.565,1.2481,24.286,65.279,6.51,0.0449,0.0472
PHB_00106,Moderate Illness,2,0.5529,0.443,0.6365,26.799,1.1772,24.596,74.323,6.074,0.0527,0.0504
PHB_03042,Severe Disease,3,0.3348,0.7047,0.3797,28.747,1.3632,23.534,72.991,6.203,0.065,0.0538
PHB_01710,Early Disease,1,0.6869,0.3692,0.7215,25.452,1.1611,22.133,67.755,6.498,0.02,0.0515
PHB_00090,Moderate Illness,2,0.4746,0.6463,0.5238,27.43,1.1904,24.97,60.572,6.374,0.0505,0.0478
PHB_07015,Healthy,0,0.8143,0.0921,0.8738,24.823,1.0589,26.785,74.208,6.613,0.0213,0.0505
PHB_03175,Moderate Illness,2,0.4679,0.4533,0.5515,27.906,1.3499,27.093,60.499,6.149,0.056,0.0373
PHB_00918,Healthy,0,0.7314,0.0,0.857,23.645,1.2881,23.665,60.411,6.061,0.0226,0.0256
PHB_07834,Moderate Illness,2,0.4997,0.4994,0.6461,27.044,1.0998,25.229,81.962,6.113,0.0344,0.0537
PHB_06733,Severe Disease,3,0.4109,0.7673,0.5395,28.772,1.5267,24.152,72.348,6.336,0.0542,0.0549
PHB_01950,Severe Disease,3,0.2513,0.7104,0.3551,26.808,1.3663,29.225,75.502,6.361,0.0648,0.0608
PHB_06369,Moderate Illness,2,0.5731,0.5476,0.5441,26.293,1.2682,26.975,61.421,6.206,0.0515,0.0824
PHB_00002,Early Disease,1,0.7229,0.2982,0.7452,24.293,1.5158,26.435,65.026,6.554,0.0337,0.0431
PHB_08033,Moderate Illness,2,0.5033,0.5442,0.5517,27.015,1.2421,25.005,59.26,6.544,0.038,0.0734
PHB_06048,Healthy,0,0.752,0.1372,0.9011,25.503,1.224,24.339,62.114,6.54,0.0167,0.0129
PHB_02721,Moderate Illness,2,0.4724,0.549,0.4244,26.094,1.1461,28.408,66.747,6.82,0.0463,0.0394
PHB_09813,Moderate Illness,2,0.5455,0.4699,0.5463,24.596,1.2702,24.385,68.298,6.33,0.0325,0.0658
PHB_03118,Moderate Illness,2,0.4787,0.5001,0.5944,25.934,1.2954,27.774,61.886,6.127,0.0494,0.07
PHB_09466,Healthy,0,0.7208,0.1985,0.9182,23.434,1.0305,24.776,69.163,6.331,0.0329,0.0201
PHB_03763,Healthy,0,0.8962,0.2445,0.9801,23.598,1.2313,22.872,68.508,6.494,0.0067,0.0324
PHB_00214,Severe Disease,3,0.2741,0.7046,0.5593,27.305,1.5021,23.676,65.42,6.285,0.0627,0.0737
PHB_00779,Severe Disease,3,0.4007,0.7862,0.5598,26.943,1.462,22.056,52.279,6.501,0.0504,0.0566
PHB_03497,Moderate Illness,2,0.4429,0.4696,0.6729,25.598,1.4836,29.134,70.866,6.378,0.0419,0.0478
PHB_08818,Severe Disease,3,0.2682,0.6663,0.4474,28.378,1.4099,23.372,60.801,6.638,0.0694,0.0836
PHB_02044,Severe Disease,3,0.3335,0.6425,0.3018,26.284,1.282,28.21,66.648,6.39,0.0711,0.0862
PHB_05421,Early Disease,1,0.67,0.218,0.7703,25.647,1.2065,24.779,65.718,6.244,0.0318,0.0486
PHB_06155,Early Disease,1,0.5283,0.2255,0.7829,24.747,1.1305,26.548,58.62,6.189,0.0462,0.0571
PHB_08358,Healthy,0,0.796,0.074,0.9521,24.933,1.0247,22.105,66.081,6.256,0.009,0.0518
PHB_08708,Healthy,0,0.8768,0.061,0.9163,23.556,1.0588,25.689,79.322,6.645,0.0268,0.0312
PHB_08466,Moderate Illness,2,0.4636,0.4368,0.5476,26.351,1.2307,27.547,69.815,6.159,0.0496,0.0411
PHB_04168,Early Disease,1,0.6976,0.331,0.7284,25.72,1.0326,23.573,79.719,6.282,0.0344,0.0431
PHB_03789,Early Disease,1,0.7334,0.3186,0.7573,25.131,1.1097,27.757,64.836,6.538,0.0431,0.0579
PHB_00584,Early Disease,1,0.5641,0.3228,0.7054,25.722,1.2472,25.038,81.309,6.615,0.0391,0.0322
PHB_09912,Moderate Illness,2,0.5133,0.4449,0.6413,25.513,1.4107,26.437,64.989,6.325,0.0361,0.049
PHB_09987,Severe Disease,3,0.3886,0.7901,0.5805,27.771,1.4093,24.074,52.845,6.12,0.0651,0.0532
PHB_00117,Severe Disease,3,0.2542,0.7879,0.3908,28.785,1.4352,27.632,65.749,6.16,0.0607,0.0881
PHB_06645,Moderate Illness,2,0.4749,0.5849,0.5972,26.773,1.203,23.632,67.122,6.32,0.0585,0.0819
PHB_09034,Severe Disease,3,0.3619,0.7791,0.4654,28.074,1.5525,23.505,71.953,6.117,0.0767,0.0698
PHB_09952,Severe Disease,3,0.3866,0.7,0.4283,28.109,1.6266,25.264,65.275,5.521,0.0498,0.0804
PHB_08960,Moderate Illness,2,0.5049,0.6508,0.6087,26.739,1.2725,27.321,65.351,6.35,0.0536,0.0676
PHB_01764,Healthy,0,0.8808,0.0464,0.9068,23.822,1.1784,21.526,88.166,6.455,0.0169,0.0282
PHB_01876,Severe Disease,3,0.292,0.7468,0.3319,27.754,1.4422,24.903,67.097,6.077,0.061,0.1
PHB_03225,Healthy,0,0.8645,0.1331,0.8903,23.604,1.1578,25.369,64.132,6.317,0.0275,0.043
PHB_00527,Severe Disease,3,0.397,0.7644,0.5567,27.367,1.5578,19.873,63.205,6.009,0.0658,0.0745
PHB_07726,Early Disease,1,0.7035,0.3309,0.6433,25.387,1.1798,24.553,71.411,6.261,0.0298,0.0334
PHB_02947,Early Disease,1,0.5906,0.3507,0.8279,25.92,1.054,25.925,65.355,6.505,0.0278,0.0555
PHB_04474,Healthy,0,0.8337,0.1421,0.8269,23.902,1.0624,28.7,65.514,6.571,0.025,0.0344
PHB_05656,Healthy,0,0.8105,0.0322,0.8112,25.578,1.1141,26.324,49.903,6.336,0.0283,0.0333
PHB_06060,Severe Disease,3,0.3806,0.7227,0.5127,26.756,1.3422,25.776,62.462,6.14,0.0841,0.0597
PHB_00960,Moderate Illness,2,0.4559,0.5426,0.6076,27.121,1.0733,27.939,69.987,6.271,0.0622,0.0654
PHB_06343,Severe Disease,3,0.382,0.708,0.4292,28.404,1.5279,25.638,63.991,6.485,0.0687,0.0777
PHB_03634,Early Disease,1,0.6655,0.2432,0.7888,25.816,1.1881,27.978,68.288,6.312,0.0448,0.0376
PHB_01051,Moderate Illness,2,0.4755,0.543,0.6088,25.708,1.5082,25.297,69.723,6.069,0.0522,0.0522
PHB_03381,Early Disease,1,0.7486,0.2676,0.6468,25.718,1.1907,30.459,72.682,6.552,0.036,0.0525
PHB_03677,Early Disease,1,0.6872,0.3464,0.8182,25.238,1.41,23.618,74.678,6.189,0.0337,0.0455
PHB_05777,Moderate Illness,2,0.4291,0.482,0.5989,26.27,1.2748,22.826,61.303,6.411,0.046,0.0807
PHB_09046,Healthy,0,0.7871,0.1133,0.7235,24.065,0.8396,27.88,63.881,6.484,0.0078,0.0393
PHB_06574,Moderate Illness,2,0.5187,0.567,0.6456,27.415,0.9851,21.784,59.433,6.191,0.022,0.0693
PHB_05180,Moderate Illness,2,0.4941,0.4889,0.6488,27.44,1.2464,24.971,78.994,6.338,0.0492,0.0652
PHB_01608,Early Disease,1,0.6127,0.2463,0.6748,25.804,1.2045,26.753,66.803,6.797,0.0463,0.0732
PHB_03611,Moderate Illness,2,0.6402,0.4661,0.5924,27.807,1.1888,22.143,62.383,6.044,0.0269,0.0655
PHB_09759,Healthy,0,0.9282,0.1642,0.893,25.535,1.2164,26.744,70.129,6.334,0.0418,0.024
PHB_06636,Early Disease,1,0.6902,0.3533,0.7474,25.602,1.1119,26.574,73.548,6.572,0.0392,0.0445
PHB_09998,Healthy,0,0.7816,0.1565,0.8027,24.048,1.1695,25.789,67.204,6.598,0.0265,0.0155
PHB_00792,Early Disease,1,0.643,0.214,0.6555,26.817,1.2003,27.463,69.755,6.555,0.0403,0.0717
PHB_03057,Moderate Illness,2,0.5629,0.5825,0.7237,26.459,1.2262,26.831,60.047,6.497,0.0422,0.0729
PHB_01981,Severe Disease,3,0.2761,0.754,0.5059,27.06,1.8203,23.855,69.667,6.372,0.0492,0.0661
PHB_03599,Severe Disease,3,0.3489,0.6901,0.4307,27.147,1.359,26.192,53.972,6.242,0.0756,0.0919
PHB_00934,Severe Disease,3,0.2861,0.7261,0.5243,27.645,1.3524,27.45,61.419,6.165,0.08,0.0744
PHB_07425,Moderate Illness,2,0.5506,0.5692,0.6166,26.905,1.1277,20.64,64.931,6.447,0.0565,0.0651
PHB_05627,Moderate Illness,2,0.4941,0.4834,0.5428,28.057,1.5371,29.29,74.823,6.422,0.0512,0.0419
PHB_01683,Moderate Illness,2,0.4774,0.4913,0.5283,26.399,1.4641,27.006,52.184,6.088,0.0211,0.0606
PHB_04180,Severe Disease,3,0.3444,0.7032,0.438,27.604,1.3638,23.372,59.553,6.176,0.0563,0.078
PHB_06447,Moderate Illness,2,0.4515,0.4879,0.5974,25.705,1.3839,24.856,59.708,6.395,0.0686,0.0685
PHB_04117,Moderate Illness,2,0.5362,0.5551,0.6736,27.532,1.4459,28.477,64.371,6.065,0.0276,0.0402
PHB_00989,Early Disease,1,0.7449,0.271,0.7585,26.945,1.2289,22.898,67.711,6.194,0.0352,0.0542
PHB_02897,Severe Disease,3,0.4696,0.7465,0.3312,31.105,1.2828,25.708,76.571,6.339,0.0517,0.0552
PHB_03779,Severe Disease,3,0.3425,0.7159,0.4243,27.629,1.4651,23.945,65.968,6.126,0.0691,0.0655
PHB_05659,Healthy,0,0.9265,0.1624,0.8691,22.851,0.9783,24.412,68.773,6.619,0.051,0.0057
PHB_03094,Severe Disease,3,0.2465,0.6091,0.5189,27.281,1.4841,27.34,74.516,6.161,0.0565,0.0807
PHB_03156,Early Disease,1,0.6171,0.3697,0.7804,24.633,1.2586,28.44,73.556,6.06,0.0403,0.0318
PHB_01824,Moderate Illness,2,0.5079,0.6079,0.6462,26.48,1.3658,25.438,68.868,5.84,0.0535,0.0558
PHB_09623,Severe Disease,3,0.2891,0.712,0.4828,27.532,1.4297,21.981,70.279,6.213,0.0667,0.0683
PHB_01099,Severe Disease,3,0.1571,0.7501,0.4898,27.478,1.4035,24.755,60.818,6.603,0.0595,0.0597
PHB_02845,Healthy,0,0.8399,0.0713,0.8664,25.869,0.8112,21.747,74.268,6.519,0.0236,0.046
PHB_03343,Healthy,0,0.8853,0.0533,0.8305,24.357,1.1564,23.768,71.639,6.48,0.0187,0.0316
PHB_00039,Healthy,0,0.8906,0.136,0.8606,22.98,1.1184,21.971,73.057,6.11,0.0228,0.0223
PHB_06541,Severe Disease,3,0.4142,0.8574,0.3837,27.327,1.4492,25.885,63.937,6.014,0.0451,0.0655
PHB_09474,Healthy,0,0.7118,0.1461,0.7356,23.502,1.1878,24.145,70.302,6.174,0.014,0.0216
PHB_03357,Moderate Illness,2,0.518,0.5004,0.6545,27.264,1.393,27.424,71.836,6.194,0.0489,0.0623
PHB_07814,Early Disease,1,0.6791,0.3137,0.6526,24.934,1.1515,24.475,91.061,6.414,0.0435,0.0593
PHB_08221,Early Disease,1,0.7309,0.4119,0.7757,24.572,1.2169,23.534,82.701,6.377,0.0375,0.0561
PHB_09228,Severe Disease,3,0.3719,0.7108,0.5376,27.964,1.4366,23.93,55.54,6.641,0.0703,0.0761
PHB_02429,Moderate Illness,2,0.4849,0.4437,0.5283,25.779,1.2659,26.671,61.019,6.009,0.0377,0.0577
PHB_05044,Early Disease,1,0.5531,0.2182,0.6869,26.062,1.1059,30.34,59.808,6.451,0.0465,0.0581
PHB_05347,Moderate Illness,2,0.5087,0.4421,0.6077,26.162,1.3526,20.291,65.29,6.353,0.0419,0.0523
PHB_04812,Moderate Illness,2,0.4567,0.5827,0.6235,25.278,1.3588,25.023,67.055,6.135,0.0315,0.0642
PHB_08477,Severe Disease,3,0.3044,0.6249,0.439,28.028,1.4406,20.418,65.302,6.316,0.0711,0.0716
PHB_00687,Early Disease,1,0.6242,0.3317,0.6274,25.893,1.4038,26.848,62.461,7.104,0.0381,0.0376
PHB_04800,Severe Disease,3,0.2713,0.724,0.4815,28.224,1.3705,25.056,73.208,6.355,0.0707,0.0879
PHB_07438,Early Disease,1,0.7098,0.3404,0.7036,24.623,1.1993,28.403,67.808,6.339,0.0385,0.0432
PHB_02354,Moderate Illness,2,0.5395,0.502,0.5037,24.687,1.4125,23.397,60.572,6.304,0.0458,0.052
PHB_06354,Early Disease,1,0.7075,0.3654,0.7987,26.27,1.0064,24.57,67.093,6.083,0.0485,0.0501
PHB_04570,Moderate Illness,2,0.4904,0.5228,0.5454,26.401,1.507,26.845,55.19,6.303,0.0571,0.0558
PHB_08214,Moderate Illness,2,0.4925,0.4725,0.6868,26.318,1.3444,23.133,62.726,6.155,0.0426,0.0488
PHB_02753,Severe Disease,3,0.4069,0.7903,0.2284,27.186,1.2621,23.52,57.487,5.831,0.0425,0.0584
PHB_08074,Early Disease,1,0.5398,0.2989,0.7686,25.033,1.1815,27.636,56.924,5.931,0.0539,0.0556
PHB_01041,Healthy,0,0.8327,0.1087,0.7678,24.955,0.8369,24.961,62.098,6.25,0.0488,0.0262
PHB_07492,Severe Disease,3,0.4424,0.6962,0.4325,27.812,1.4218,27.693,69.887,6.259,0.0347,0.0729
PHB_01266,Severe Disease,3,0.3082,0.7451,0.5127,27.825,1.4062,21.503,68.01,6.145,0.0534,0.0588
PHB_09266,Moderate Illness,2,0.4149,0.537,0.4957,26.779,1.4572,21.848,62.096,6.504,0.0438,0.0516
PHB_07060,Early Disease,1,0.5476,0.2435,0.8373,24.95,1.2558,25.201,67.972,6.233,0.0444,0.0377
PHB_00278,Moderate Illness,2,0.5813,0.5224,0.6062,27.029,1.4921,23.815,74.126,6.079,0.0397,0.0584
PHB_05085,Severe Disease,3,0.3604,0.8024,0.4559,28.356,1.3505,25.973,66.685,5.995,0.0695,0.0574
PHB_02383,Healthy,0,0.8044,0.1194,0.9015,24.239,1.08,21.739,63.293,6.652,0.0074,0.0428
PHB_00572,Severe Disease,3,0.3934,0.7432,0.4636,26.684,1.4831,26.267,54.322,6.265,0.0628,0.0605
PHB_01436,Severe Disease,3,0.3654,0.7489,0.4219,27.277,1.3333,25.399,59.723,5.99,0.0357,0.0586
PHB_05353,Moderate Illness,2,0.4144,0.4422,0.4672,26.876,1.2422,25.519,67.249,6.545,0.0392,0.0507
PHB_05446,Early Disease,1,0.6398,0.2999,0.784,25.893,1.1229,25.714,69.626,6.378,0.0437,0.0478
PHB_01008,Early Disease,1,0.6548,0.3293,0.7802,26.37,1.2763,22.156,62.734,6.59,0.0352,0.0559
PHB_04544,Early Disease,1,0.6728,0.3211,0.8042,27.058,1.4293,25.243,68.012,6.609,0.0271,0.0459
PHB_08817,Severe Disease,3,0.3578,0.8356,0.4439,27.525,1.5428,22.713,62.896,6.487,0.0547,0.0733
PHB_02065,Early Disease,1,0.6372,0.3143,0.7676,25.333,1.2144,21.602,56.294,6.124,0.0303,0.0351
PHB_01137,Early Disease,1,0.5983,0.2851,0.8463,25.133,1.2852,24.88,61.523,6.564,0.0348,0.0492
PHB_05344,Moderate Illness,2,0.5158,0.5776,0.4564,27.212,1.3616,27.468,66.969,6.209,0.0554,0.064
PHB_00295,Severe Disease,3,0.388,0.7351,0.5436,27.704,1.4267,27.869,77.765,6.05,0.0673,0.0698
PHB_02404,Severe Disease,3,0.3611,0.709,0.5976,26.324,1.3351,23.868,68.65,6.424,0.0415,0.0762
PHB_03999,Early Disease,1,0.7473,0.2698,0.7513,24.399,1.298,24.565,67.044,5.955,0.0322,0.0444
PHB_03742,Healthy,0,0.8016,0.1282,0.8574,24.783,0.9806,25.06,67.19,6.431,0.0445,0.0371
PHB_09223,Early Disease,1,0.5817,0.3412,0.6141,24.916,2.0,26.854,66.014,6.61,0.0409,0.0375
PHB_02720,Moderate Illness,2,0.4175,0.5205,0.6778,27.862,1.5085,22.87,66.835,5.946,0.0603,0.0441
PHB_09200,Early Disease,1,0.663,0.3279,0.7261,25.382,0.9435,28.484,71.923,6.323,0.0283,0.0419
PHB_05151,Moderate Illness,2,0.5935,0.5025,0.5857,25.617,1.4263,22.555,75.645,6.324,0.0581,0.0515
PHB_02809,Healthy,0,0.8169,0.1651,0.7446,23.839,0.9307,21.793,70.707,6.492,0.039,0.0346
PHB_00557,Early Disease,1,0.6105,0.3053,0.7433,25.001,1.2995,25.418,60.896,6.29,0.0251,0.0217
PHB_08926,Early Disease,1,0.717,0.3027,0.6594,25.663,1.236,18.473,58.785,6.158,0.0215,0.0524
PHB_04796,Healthy,0,0.7984,0.1185,0.9206,23.822,1.0893,26.853,70.856,6.683,0.0186,0.0319
PHB_02470,Early Disease,1,0.6479,0.3431,0.7129,25.736,1.2264,23.243,63.782,6.255,0.0383,0.038
PHB_03739,Severe Disease,3,0.3342,0.6883,0.4959,27.487,1.3241,23.108,64.722,6.118,0.0542,0.082
PHB_04287,Severe Disease,3,0.3551,0.5858,0.4821,27.746,1.4801,24.145,61.463,5.799,0.0542,0.0743
PHB_02605,Healthy,0,0.8092,0.134,1.0096,24.928,1.0518,24.673,67.065,6.357,0.0279,0.0372
PHB_00363,Healthy,0,0.8067,0.0731,0.822,25.536,1.1268,26.927,67.345,6.243,0.0171,0.0501
PHB_06925,Early Disease,1,0.6649,0.3929,0.7093,25.446,0.9712,22.701,67.278,6.368,0.0388,0.0428
PHB_01705,Early Disease,1,0.6727,0.345,0.6406,24.527,1.0558,21.396,63.428,6.436,0.0377,0.0256
PHB_02140,Severe Disease,3,0.3506,0.6497,0.3417,28.054,1.2468,24.735,64.102,6.239,0.0417,0.0597
PHB_03240,Early Disease,1,0.6889,0.2926,0.7617,26.496,1.242,23.729,57.139,6.339,0.0435,0.0574
PHB_02384,Healthy,0,0.838,0.1186,0.8828,24.644,0.9142,22.333,70.083,6.68,0.0234,0.0256
PHB_07315,Early Disease,1,0.6736,0.2444,0.6868,24.4,1.1997,30.35,59.992,6.547,0.0333,0.0505
PHB_04312,Severe Disease,3,0.3894,0.662,0.5407,27.903,1.2674,24.682,58.838,5.747,0.0658,0.0558
PHB_01313,Moderate Illness,2,0.5215,0.543,0.6366,26.096,1.2284,23.963,59.231,6.291,0.0326,0.0467
PHB_03931,Moderate Illness,2,0.433,0.4519,0.5881,25.804,1.356,25.763,72.237,6.023,0.037,0.0363
PHB_06184,Moderate Illness,2,0.4647,0.6258,0.7675,25.5,1.2528,27.589,64.103,6.274,0.0309,0.0562
PHB_01592,Healthy,0,0.7654,0.191,0.8834,25.103,0.9766,26.103,57.571,6.552,0.0281,0.0122
PHB_09388,Severe Disease,3,0.351,0.7476,0.4711,28.294,1.5727,23.05,64.967,6.039,0.0573,0.0733
PHB_02163,Early Disease,1,0.646,0.3669,0.8023,24.906,1.1542,23.037,76.475,6.023,0.0374,0.06
PHB_02397,Early Disease,1,0.6493,0.333,0.5826,25.269,1.123,22.06,63.37,6.56,0.0368,0.0497
PHB_00318,Moderate Illness,2,0.5948,0.5856,0.5378,26.349,1.3267,27.2,75.094,6.014,0.0606,0.0455
PHB_05234,Early Disease,1,0.6997,0.3289,0.7794,26.035,1.3395,29.655,63.635,6.546,0.0537,0.0418
PHB_05069,Early Disease,1,0.6145,0.3688,0.7235,25.848,1.1201,22.09,70.288,6.355,0.0481,0.0327
PHB_04037,Early Disease,1,0.6643,0.3357,0.7443,25.521,1.1871,25.728,70.485,6.13,0.0346,0.0633
PHB_03021,Early Disease,1,0.6287,0.3491,0.6832,24.825,0.9851,25.148,80.981,6.096,0.0362,0.0546
PHB_08229,Severe Disease,3,0.3646,0.7272,0.5886,28.43,1.268,26.275,44.344,6.241,0.0666,0.0887
PHB_05296,Moderate Illness,2,0.5184,0.5103,0.5996,25.409,1.2222,23.876,68.643,5.919,0.0783,0.0345
PHB_03973,Moderate Illness,2,0.5497,0.5433,0.4794,26.134,1.4613,22.772,48.294,6.193,0.0421,0.0554
PHB_05371,Healthy,0,0.7804,0.047,0.8723,23.667,0.9853,18.283,66.839,6.858,0.0235,0.0356
PHB_04134,Moderate Illness,2,0.5152,0.5262,0.5531,27.114,1.1474,24.519,67.397,6.53,0.0516,0.0446
PHB_00975,Early Disease,1,0.7197,0.3097,0.6781,24.996,1.0893,24.395,66.19,6.586,0.0309,0.0341
PHB_07292,Early Disease,1,0.7118,0.2581,0.7377,24.84,1.3515,21.638,71.426,6.203,0.0487,0.0335
PHB_00955,Severe Disease,3,0.3021,0.7932,0.4222,27.814,1.3726,24.571,50.895,6.06,0.0625,0.0705
PHB_09307,Severe Disease,3,0.4096,0.7493,0.4684,27.458,1.1458,24.845,62.618,6.378,0.0301,0.087
PHB_05017,Moderate Illness,2,0.5419,0.6038,0.6322,24.602,1.2752,24.238,65.766,6.409,0.0416,0.0694
PHB_09731,Early Disease,1,0.6852,0.3183,0.7981,24.241,1.1204,23.287,63.748,6.505,0.0415,0.0631
PHB_07491,Severe Disease,3,0.4207,0.7327,0.4242,27.409,1.6363,25.679,66.238,5.865,0.0522,0.0838
PHB_01641,Severe Disease,3,0.353,0.6547,0.4609,27.738,1.23,25.294,61.726,6.01,0.0619,0.0864
PHB_01291,Early Disease,1,0.6761,0.3087,0.672,25.778,1.4484,24.744,63.249,6.253,0.0497,0.0585
PHB_01381,Early Disease,1,0.6247,0.3495,0.7232,24.834,1.1668,26.777,50.693,6.413,0.0231,0.0551
PHB_01934,Severe Disease,3,0.3025,0.7425,0.3679,29.985,1.4651,23.103,71.083,6.359,0.0625,0.0826
PHB_04676,Healthy,0,0.8633,0.0961,0.9265,25.177,1.1254,24.586,67.479,6.379,0.0211,0.0252
PHB_00893,Healthy,0,0.7279,0.0948,0.944,24.708,1.1183,23.572,77.292,6.412,0.0141,0.0372
PHB_07288,Healthy,0,0.7951,0.059,0.8317,23.145,1.0449,26.443,56.955,5.945,0.0321,0.0554
PHB_04877,Healthy,0,0.8345,0.1732,0.8885,22.91,1.292,25.044,68.37,6.363,0.027,0.0357
PHB_07907,Moderate Illness,2,0.5091,0.5201,0.6077,28.253,1.19,25.244,64.649,6.229,0.0569,0.0664
PHB_08195,Severe Disease,3,0.3394,0.7893,0.5046,26.966,1.4699,24.83,55.781,6.567,0.0597,0.079
PHB_09380,Healthy,0,0.8735,0.1042,0.8915,24.858,1.0869,25.673,61.771,6.535,0.0229,0.0209
PHB_02467,Severe Disease,3,0.2973,0.713,0.5491,28.748,1.6089,22.268,69.088,6.211,0.0639,0.0831
PHB_07658,Severe Disease,3,0.3969,0.6863,0.4502,26.386,1.2789,26.233,56.985,6.404,0.0532,0.069
PHB_01914,Moderate Illness,2,0.4549,0.5746,0.4491,26.107,1.3542,20.794,66.084,6.481,0.0288,0.0678
PHB_02737,Healthy,0,0.7606,0.0622,0.991,24.676,1.2169,22.794,58.617,6.127,0.0321,0.0719
PHB_00727,Healthy,0,0.81,0.1333,0.8729,24.166,1.0783,24.507,63.879,6.511,0.0237,0.0358
PHB_07215,Severe Disease,3,0.4437,0.6225,0.5494,28.08,1.5654,24.704,56.857,6.237,0.0445,0.0832
PHB_08246,Healthy,0,0.81,0.131,0.8725,25.989,0.8985,26.349,76.959,6.445,0.0288,0.0525
PHB_01797,Moderate Illness,2,0.5067,0.5299,0.6069,26.157,1.3683,24.446,51.85,6.243,0.0417,0.0641
PHB_03846,Moderate Illness,2,0.4333,0.5063,0.5879,26.861,1.4779,23.127,62.224,6.107,0.0552,0.0638
PHB_06403,Healthy,0,0.8631,0.0,0.975,25.63,1.3361,26.88,65.881,6.947,0.038,0.0361
PHB_00937,Severe Disease,3,0.3146,0.7062,0.479,26.797,2.0,25.459,72.03,6.155,0.0491,0.0716
PHB_02266,Healthy,0,0.6804,0.1055,0.9365,23.855,1.1104,21.766,57.359,6.498,0.0143,0.0283
PHB_00825,Severe Disease,3,0.3648,0.7253,0.474,26.08,1.036,26.503,53.131,6.107,0.0506,0.0723
PHB_07275,Moderate Illness,2,0.473,0.5056,0.6361,26.063,1.4346,23.984,57.446,6.051,0.0384,0.0646
PHB_01390,Healthy,0,0.9377,0.1877,0.8514,23.267,1.0853,32.11,72.179,6.266,0.0219,0.0389
PHB_03565,Severe Disease,3,0.4491,0.6233,0.4272,27.54,1.2289,26.136,58.944,6.433,0.0685,0.0693
PHB_05430,Moderate Illness,2,0.5544,0.4899,0.6155,27.102,1.5038,22.558,58.462,6.534,0.0315,0.0715
PHB_07828,Healthy,0,0.7562,0.118,0.867,23.341,1.1793,23.741,76.995,6.301,0.0186,0.0293
PHB_05691,Moderate Illness,2,0.429,0.5894,0.6592,26.209,1.1803,24.596,73.229,6.414,0.0502,0.0554
PHB_07879,Severe Disease,3,0.3477,0.7574,0.5374,26.883,1.5883,23.947,68.312,6.499,0.047,0.0966
PHB_01869,Moderate Illness,2,0.4043,0.5118,0.6803,26.147,1.1653,28.148,67.913,6.061,0.046,0.0436
PHB_08203,Early Disease,1,0.6754,0.2819,0.725,24.667,1.1234,25.792,64.163,6.665,0.0524,0.0403
PHB_07487,Early Disease,1,0.7078,0.4013,0.733,25.471,0.9523,23.409,72.649,5.896,0.0403,0.055
PHB_00807,Moderate Illness,2,0.4801,0.5002,0.5301,26.28,1.4819,27.18,71.646,6.1,0.0516,0.0551
PHB_04806,Moderate Illness,2,0.5362,0.5236,0.5412,27.116,1.2385,25.106,69.229,6.406,0.038,0.0502
PHB_09153,Moderate Illness,2,0.5065,0.4629,0.579,26.303,1.1781,24.339,63.839,6.175,0.0429,0.0481
PHB_07512,Moderate Illness,2,0.6493,0.4409,0.5262,26.058,1.2417,21.823,62.645,6.19,0.0501,0.0608
PHB_08057,Moderate Illness,2,0.5629,0.5925,0.6309,26.008,1.2744,25.033,74.146,6.502,0.0433,0.0425
PHB_04495,Early Disease,1,0.6968,0.3236,0.8687,25.126,1.1378,26.274,62.271,6.094,0.058,0.0308
PHB_02633,Severe Disease,3,0.3997,0.7303,0.5827,27.892,1.3872,23.404,63.247,6.323,0.0601,0.069
PHB_08901,Healthy,0,0.7865,0.0798,0.8671,25.456,1.0014,26.694,67.959,6.181,0.0251,0.029
PHB_08624,Moderate Illness,2,0.6087,0.6982,0.6261,25.603,1.4545,24.513,50.579,6.124,0.0673,0.0593
PHB_07833,Healthy,0,0.8343,0.0,0.9045,24.91,0.8131,25.599,66.171,6.828,0.0076,0.0458
PHB_04389,Moderate Illness,2,0.4764,0.4902,0.6173,26.822,1.1036,23.139,58.758,6.272,0.0462,0.0592
PHB_00146,Early Disease,1,0.6663,0.2588,0.7071,25.84,1.1146,24.584,56.176,6.356,0.0701,0.0766
PHB_06468,Moderate Illness,2,0.5279,0.4051,0.6157,26.983,1.3731,25.18,69.281,6.375,0.0404,0.0447
PHB_02034,Early Disease,1,0.5991,0.2683,0.7169,24.043,1.2492,29.725,77.375,6.057,0.047,0.0735
PHB_09128,Moderate Illness,2,0.5912,0.6088,0.7246,26.776,1.2407,28.38,82.497,6.535,0.0522,0.0719
PHB_01166,Severe Disease,3,0.3464,0.8275,0.4126,28.074,1.3211,24.56,68.231,6.232,0.0551,0.062
PHB_02051,Severe Disease,3,0.3407,0.7458,0.3954,26.502,1.1641,23.95,63.412,6.063,0.0561,0.0815
PHB_03761,Severe Disease,3,0.3338,0.6919,0.4761,27.156,1.3993,24.913,63.222,6.629,0.0437,0.0627
PHB_04436,Moderate Illness,2,0.4306,0.5064,0.611,26.009,1.2605,22.961,70.113,6.311,0.0568,0.0449
PHB_03431,Moderate Illness,2,0.4221,0.4764,0.6183,26.289,1.2234,26.409,73.437,6.594,0.0402,0.053
PHB_08191,Moderate Illness,2,0.541,0.5197,0.6846,24.997,1.0842,26.376,55.618,6.261,0.0389,0.0657
PHB_08754,Severe Disease,3,0.2873,0.608,0.4505,26.86,1.6719,22.539,45.765,6.17,0.0602,0.0632
PHB_07070,Moderate Illness,2,0.6184,0.5717,0.7003,28.151,1.2949,26.391,70.027,6.365,0.0662,0.0497
PHB_04362,Moderate Illness,2,0.4424,0.5431,0.5157,26.527,1.1937,26.591,69.319,5.933,0.0431,0.0643
PHB_01772,Severe Disease,3,0.4235,0.8291,0.3549,27.759,1.4125,25.087,83.806,6.354,0.0491,0.0809
PHB_03512,Moderate Illness,2,0.4851,0.5298,0.5315,26.096,1.311,23.802,68.221,6.523,0.0417,0.0481
PHB_00272,Healthy,0,0.9105,0.118,0.9082,24.985,1.1096,26.578,65.151,6.317,0.0156,0.019
PHB_08437,Early Disease,1,0.6517,0.4916,0.7271,25.191,0.9401,26.855,68.773,5.845,0.0498,0.0527
PHB_02033,Early Disease,1,0.5755,0.2394,0.6394,26.111,1.1166,25.638,64.694,6.583,0.0445,0.0366
PHB_09665,Healthy,0,0.9041,0.1773,0.9158,24.711,0.9517,26.234,63.321,6.26,0.047,0.0442
PHB_03811,Moderate Illness,2,0.4658,0.4985,0.6718,26.548,1.3728,23.321,61.815,6.677,0.0403,0.061
PHB_04347,Severe Disease,3,0.3386,0.7595,0.4812,27.493,1.415,26.668,58.577,5.961,0.0628,0.0721
PHB_00546,Early Disease,1,0.6255,0.2704,0.6049,25.74,1.23,22.791,67.747,6.625,0.0441,0.0482
PHB_03242,Moderate Illness,2,0.5019,0.536,0.6036,26.659,1.39,25.846,71.043,6.153,0.0562,0.0806
PHB_08503,Healthy,0,0.8262,0.016,0.9398,24.181,0.8942,24.591,76.446,6.184,0.0221,0.0316
PHB_09919,Healthy,0,0.8249,0.2192,0.9524,24.566,1.0655,30.733,73.496,6.515,0.0261,0.0282
PHB_07565,Early Disease,1,0.6766,0.3699,0.8583,25.096,1.1349,27.965,65.688,6.622,0.0416,0.0448
PHB_00921,Healthy,0,0.7801,0.0135,0.8422,24.302,1.1792,25.203,72.138,6.47,0.001,0.0212
PHB_09119,Moderate Illness,2,0.585,0.4766,0.6756,25.814,1.2443,26.903,67.391,6.269,0.0351,0.0571
PHB_06641,Healthy,0,0.7727,0.1084,0.8367,26.027,0.9232,22.767,62.614,6.48,0.0446,0.0401
PHB_07695,Healthy,0,0.8379,0.1385,0.8242,24.874,1.0661,24.756,77.877,6.442,0.0363,0.0286
PHB_08231,Healthy,0,0.8418,0.0541,0.8103,24.833,1.0198,24.886,65.359,6.324,0.0204,0.0307
PHB_07127,Early Disease,1,0.6933,0.2975,0.7866,25.841,1.2254,27.881,64.64,6.067,0.0259,0.0588
PHB_04279,Early Disease,1,0.6357,0.4643,0.7114,25.577,0.9891,29.992,68.379,6.413,0.045,0.0542
PHB_02984,Moderate Illness,2,0.4667,0.6299,0.5856,27.291,1.4828,26.384,66.053,6.612,0.0453,0.0466
PHB_00131,Healthy,0,0.7807,0.3004,0.6724,23.334,1.1903,22.989,62.917,6.493,0.0222,0.0546
PHB_07981,Early Disease,1,0.6572,0.3531,0.6519,26.128,1.0644,22.165,84.947,6.165,0.0246,0.0346
PHB_02668,Healthy,0,0.8377,0.1197,0.856,23.587,1.1756,28.016,75.441,6.244,0.0208,0.0323
PHB_07139,Moderate Illness,2,0.4533,0.5406,0.4633,25.916,1.0282,22.007,59.198,6.411,0.0534,0.0521
PHB_03224,Moderate Illness,2,0.4891,0.4643,0.596,26.286,1.2948,23.689,57.542,6.255,0.0501,0.0616
PHB_07694,Healthy,0,0.8298,0.1425,0.8478,24.026,0.9977,27.088,65.88,6.66,0.0489,0.0203
PHB_05393,Severe Disease,3,0.3059,0.8044,0.4486,28.912,1.43,25.686,71.258,6.094,0.0695,0.0651
PHB_00615,Early Disease,1,0.745,0.3331,0.6862,26.317,1.2637,23.206,67.087,6.122,0.022,0.05
PHB_09903,Moderate Illness,2,0.6216,0.3905,0.6892,26.859,1.2879,26.699,70.758,6.213,0.0534,0.0603
PHB_01467,Early Disease,1,0.6668,0.3144,0.7109,24.86,1.2188,27.337,77.173,6.692,0.0161,0.0366
PHB_04498,Early Disease,1,0.6114,0.3751,0.7222,25.436,1.1647,22.397,58.858,6.264,0.0323,0.0555
PHB_03043,Severe Disease,3,0.3939,0.7003,0.5323,26.548,1.6195,26.473,60.601,6.145,0.0433,0.1
PHB_02420,Severe Disease,3,0.381,0.7553,0.5148,26.497,1.3448,24.046,65.832,6.13,0.0473,0.0744
PHB_05086,Early Disease,1,0.6416,0.405,0.8232,24.567,1.1565,22.364,62.411,6.217,0.0364,0.0485
PHB_03295,Early Disease,1,0.6552,0.3141,0.8233,25.635,1.2491,25.086,63.598,6.541,0.0297,0.0377
PHB_06738,Moderate Illness,2,0.4433,0.5175,0.6063,27.897,1.2514,25.785,62.017,6.266,0.0496,0.0618
PHB_01501,Moderate Illness,2,0.5506,0.5152,0.5439,25.823,1.313,30.041,58.291,6.432,0.0468,0.0507
PHB_01522,Moderate Illness,2,0.598,0.6094,0.6796,27.086,1.3997,22.433,60.247,6.55,0.0529,0.0477
PHB_09118,Moderate Illness,2,0.5459,0.6434,0.6181,26.494,1.5243,22.96,57.807,6.606,0.078,0.0602
PHB_04233,Moderate Illness,2,0.5828,0.6088,0.6663,24.97,1.1721,24.709,63.269,6.49,0.0501,0.0581
PHB_07687,Early Disease,1,0.7191,0.2749,0.7184,25.969,1.0731,25.113,65.924,6.498,0.0421,0.0286
PHB_04431,Early Disease,1,0.6954,0.2041,0.6727,25.636,1.198,24.54,58.552,6.173,0.0299,0.0538
PHB_00391,Moderate Illness,2,0.5267,0.4582,0.6138,26.998,1.3721,21.622,68.087,5.989,0.0652,0.0576
PHB_09859,Moderate Illness,2,0.4781,0.5559,0.5394,25.976,1.3317,24.583,73.68,6.185,0.0338,0.0661
PHB_07125,Early Disease,1,0.7309,0.3303,0.7071,24.177,1.2058,26.379,67.022,6.699,0.043,0.044
PHB_05914,Early Disease,1,0.6023,0.304,0.6926,25.344,1.2343,24.235,77.217,6.484,0.0345,0.0495
PHB_08593,Severe Disease,3,0.2596,0.7748,0.4884,27.348,1.3858,27.807,67.892,6.375,0.062,0.073
PHB_04807,Early Disease,1,0.7358,0.2155,0.6458,25.22,1.11,25.789,57.859,6.861,0.0207,0.0636
PHB_08955,Early Disease,1,0.6328,0.3441,0.5936,24.976,1.1435,28.806,72.56,6.32,0.039,0.0384
PHB_08239,Moderate Illness,2,0.5431,0.5182,0.517,25.141,1.3765,27.173,66.01,6.083,0.0356,0.0784
PHB_08045,Severe Disease,3,0.4048,0.8057,0.4387,27.486,1.3614,29.665,53.62,5.983,0.0694,0.067
PHB_09783,Moderate Illness,2,0.4699,0.5801,0.6835,26.143,1.2167,24.171,64.272,6.416,0.0395,0.0421
PHB_03994,Early Disease,1,0.6676,0.2714,0.7474,26.602,1.2354,25.524,64.94,6.247,0.0395,0.0647
PHB_09552,Healthy,0,0.7454,0.0119,0.8965,23.546,0.8879,23.062,63.234,6.332,0.0516,0.0165
PHB_06610,Healthy,0,0.7857,0.0037,0.9291,23.807,1.1852,20.506,66.767,6.436,0.0312,0.0134
PHB_05320,Early Disease,1,0.6008,0.3431,0.6185,24.987,1.1348,25.49,63.804,6.428,0.0428,0.0529
PHB_07120,Moderate Illness,2,0.5033,0.6755,0.5683,24.64,1.2945,23.898,61.12,6.404,0.0609,0.088
PHB_02422,Healthy,0,0.9047,0.0548,0.9106,23.636,1.1037,21.657,71.434,6.201,0.0208,0.0419
PHB_05605,Moderate Illness,2,0.4894,0.5353,0.4741,26.499,1.0574,25.515,68.782,6.273,0.0644,0.0519
PHB_01751,Moderate Illness,2,0.5664,0.5072,0.5659,26.288,1.1237,24.15,81.889,6.485,0.047,0.0564
PHB_09016,Severe Disease,3,0.2418,0.7509,0.5159,27.217,1.1881,26.143,59.88,6.111,0.0486,0.0683
PHB_09719,Severe Disease,3,0.3904,0.7536,0.397,27.869,1.5245,26.503,71.442,5.833,0.0543,0.0699
PHB_00339,Healthy,0,0.7528,0.1134,0.8546,25.094,1.1243,24.407,64.901,6.426,0.0143,0.0162
PHB_08408,Moderate Illness,2,0.5582,0.5456,0.6374,25.797,1.1525,24.809,66.864,6.253,0.0303,0.0828
PHB_01342,Severe Disease,3,0.3636,0.7608,0.4278,27.257,1.4343,21.074,65.028,5.907,0.0304,0.068
PHB_09545,Moderate Illness,2,0.5299,0.4644,0.6043,25.724,1.177,23.952,75.2,6.331,0.0466,0.0804
PHB_07983,Severe Disease,3,0.4269,0.8032,0.5191,24.989,1.4372,27.305,68.718,5.98,0.0786,0.0771
PHB_03641,Early Disease,1,0.6844,0.2779,0.743,26.265,1.1424,29.56,83.787,6.764,0.0387,0.0773
PHB_00330,Early Disease,1,0.8402,0.3535,0.7154,25.183,1.087,24.175,66.399,6.147,0.0292,0.0589
PHB_08829,Healthy,0,0.7813,0.183,0.9791,23.777,1.2539,28.486,71.212,6.846,0.0153,0.0202
PHB_03005,Healthy,0,0.8891,0.1182,0.7809,24.087,1.1124,28.817,68.9,6.175,0.0353,0.0483
PHB_06961,Early Disease,1,0.7143,0.2418,0.676,24.38,1.1779,23.703,58.178,6.301,0.036,0.0198
PHB_04091,Healthy,0,0.8627,0.1533,0.8578,24.833,1.0551,26.582,77.641,6.385,0.0153,0.0163
PHB_02323,Early Disease,1,0.6621,0.3213,0.6941,24.449,1.3419,25.531,59.117,6.46,0.0394,0.0355
PHB_06668,Early Disease,1,0.6306,0.2952,0.6128,25.85,1.0511,22.637,67.887,6.171,0.041,0.0521
PHB_07010,Moderate Illness,2,0.5246,0.5706,0.5039,25.875,1.339,24.32,78.53,5.935,0.0525,0.0857
PHB_04198,Severe Disease,3,0.2912,0.7293,0.4064,27.375,1.3701,26.428,56.919,5.708,0.0578,0.0674
PHB_03550,Severe Disease,3,0.2936,0.7677,0.426,25.778,1.3885,25.832,60.728,6.343,0.0547,0.0813
PHB_08364,Early Disease,1,0.6772,0.2562,0.678,26.521,1.1529,24.199,63.346,6.008,0.0298,0.0622
PHB_04204,Moderate Illness,2,0.5322,0.5493,0.5905,27.211,1.3615,26.357,63.876,6.079,0.0522,0.0809
PHB_09311,Healthy,0,0.7718,0.072,0.8679,25.003,1.1193,20.469,53.742,6.286,0.0091,0.0527
PHB_08937,Healthy,0,0.8388,0.1168,0.9883,24.347,0.9392,22.416,78.51,6.5,0.0085,0.039
PHB_06186,Moderate Illness,2,0.459,0.5045,0.5805,26.716,1.2283,23.139,69.628,6.583,0.0625,0.0378
PHB_01640,Moderate Illness,2,0.5659,0.4471,0.5299,26.73,1.5643,27.998,69.342,6.63,0.0556,0.0615
PHB_00061,Moderate Illness,2,0.5036,0.4648,0.6209,26.715,1.2263,25.779,67.03,6.312,0.0424,0.0665
PHB_01241,Severe Disease,3,0.3789,0.6714,0.5275,27.932,1.3838,25.223,57.94,6.197,0.0727,0.0688
PHB_05761,Healthy,0,0.7853,0.1197,0.7846,24.172,1.0988,23.238,50.691,6.603,0.0137,0.0186
PHB_05137,Healthy,0,0.808,0.0989,0.8907,24.888,1.0319,21.458,78.797,6.884,0.0203,0.053
PHB_02344,Early Disease,1,0.6966,0.3073,0.7483,25.296,1.2661,23.261,74.083,6.396,0.0437,0.0504
PHB_02121,Early Disease,1,0.7928,0.2908,0.8195,24.952,1.597,25.894,61.574,6.349,0.0271,0.0239
PHB_01525,Moderate Illness,2,0.4573,0.5686,0.612,26.566,1.2111,23.312,60.119,6.229,0.0379,0.0821
PHB_07618,Moderate Illness,2,0.4956,0.4977,0.4704,25.824,1.1876,24.166,53.222,6.183,0.0308,0.0478
PHB_00154,Moderate Illness,2,0.4273,0.4975,0.5742,26.685,1.5141,25.619,62.168,6.382,0.042,0.0639
PHB_00482,Healthy,0,0.7907,0.0,0.8836,24.139,1.0684,28.34,63.509,6.658,0.018,0.0433
PHB_06123,Moderate Illness,2,0.5012,0.4764,0.5896,26.39,1.2829,23.321,58.845,6.102,0.0319,0.0519
PHB_07675,Early Disease,1,0.6559,0.3457,0.7381,25.143,1.3134,22.867,75.389,6.208,0.0306,0.0443
PHB_07102,Early Disease,1,0.5933,0.3569,0.7136,25.861,1.3391,24.682,56.188,6.154,0.0498,0.0521
PHB_01763,Healthy,0,0.7773,0.1189,0.8325,24.487,1.0252,25.53,74.441,6.506,0.0317,0.0223
PHB_07716,Healthy,0,0.8726,0.1149,0.8746,23.986,0.9749,27.366,73.335,6.4,0.0421,0.0437
PHB_09082,Early Disease,1,0.7155,0.3855,0.7404,25.101,1.1572,27.072,53.727,6.153,0.0207,0.0529
PHB_07480,Severe Disease,3,0.4084,0.7141,0.4186,27.884,1.2404,22.892,60.433,6.446,0.0614,0.091
PHB_06213,Early Disease,1,0.6479,0.2561,0.716,25.716,1.2084,28.798,60.452,6.519,0.0331,0.0541
PHB_04854,Healthy,0,0.7537,0.1051,0.8581,25.135,0.9864,24.729,63.366,6.743,0.034,0.0346
PHB_02712,Healthy,0,0.823,0.1008,0.9457,24.103,1.2291,25.086,72.67,6.438,0.0187,0.0218
PHB_06767,Severe Disease,3,0.284,0.6967,0.4227,28.601,1.3064,21.631,62.753,5.983,0.0519,0.0661
PHB_04151,Healthy,0,0.77,0.0909,0.9177,25.21,1.1002,29.107,63.48,6.106,0.0251,0.0063
PHB_01334,Severe Disease,3,0.2809,0.7828,0.5042,27.802,1.5664,22.94,65.94,6.039,0.0599,0.076
PHB_08379,Early Disease,1,0.648,0.3392,0.78,25.782,1.2029,26.328,68.517,6.41,0.0469,0.0552
PHB_09390,Healthy,0,0.8568,0.2219,0.8773,24.701,1.1095,22.337,70.25,6.125,0.0277,0.0289
PHB_09708,Severe Disease,3,0.2926,0.7491,0.4928,27.832,1.3926,24.688,54.993,6.467,0.0618,0.0719
PHB_09122,Severe Disease,3,0.3564,0.6253,0.4706,28.11,1.2982,28.043,79.751,6.549,0.0409,0.053
PHB_03851,Early Disease,1,0.717,0.3595,0.7952,24.724,1.2489,24.973,65.86,6.094,0.0313,0.045
PHB_08341,Healthy,0,0.8667,0.1094,0.8859,23.964,1.2135,23.899,79.989,6.314,0.0293,0.0255
PHB_04125,Severe Disease,3,0.2774,0.6474,0.5087,26.941,1.4438,26.136,72.724,6.074,0.0638,0.082
PHB_08964,Moderate Illness,2,0.4951,0.4753,0.5402,26.598,1.4092,23.172,68.751,6.267,0.0661,0.0739
PHB_04789,Healthy,0,0.9088,0.2064,0.9557,25.351,1.0199,25.597,68.682,6.0,0.035,0.0099
PHB_02867,Early Disease,1,0.6582,0.4015,0.8171,24.575,1.2316,24.952,60.12,6.414,0.0425,0.0393
PHB_01387,Moderate Illness,2,0.5013,0.4025,0.4678,25.199,1.1577,27.103,54.987,6.325,0.0587,0.0554
PHB_05942,Moderate Illness,2,0.4544,0.5868,0.5928,25.989,1.4472,27.745,66.982,6.183,0.039,0.0414
PHB_03068,Healthy,0,0.8138,0.0574,0.7453,24.192,1.1389,22.177,69.867,6.041,0.0184,0.0201
PHB_09059,Healthy,0,0.6936,0.085,0.9642,23.823,1.1832,22.258,56.664,6.498,0.0116,0.033
PHB_03630,Healthy,0,0.6947,0.0713,0.9308,24.903,1.1432,22.64,64.585,6.554,0.0304,0.0144
PHB_09456,Healthy,0,0.7415,0.2222,0.9082,24.044,1.029,25.523,61.836,6.331,0.016,0.0449
PHB_08950,Healthy,0,0.8623,0.1773,0.8994,24.97,1.2295,26.406,61.68,6.484,0.0359,0.0341
PHB_03029,Moderate Illness,2,0.4237,0.5302,0.6968,25.439,1.2847,23.817,62.745,6.188,0.0502,0.0567
PHB_02970,Healthy,0,0.8908,0.1668,0.9772,24.185,1.0809,24.395,69.551,6.458,0.0419,0.0399
PHB_08647,Moderate Illness,2,0.4357,0.5573,0.6284,25.836,1.398,27.223,68.737,6.549,0.0509,0.0635
PHB_06137,Severe Disease,3,0.3282,0.8413,0.5061,28.138,1.2705,22.827,60.236,5.955,0.0512,0.0896
PHB_08802,Early Disease,1,0.6625,0.3854,0.586,26.222,1.0968,23.738,65.314,6.63,0.0402,0.042
PHB_04264,Severe Disease,3,0.2791,0.6963,0.46,26.744,1.1835,23.215,75.301,6.245,0.0622,0.0594
PHB_00646,Severe Disease,3,0.308,0.6744,0.2898,26.865,1.3447,23.666,52.419,6.287,0.0613,0.0745
PHB_09654,Moderate Illness,2,0.5319,0.5249,0.572,26.323,1.4125,25.683,66.357,6.456,0.0556,0.0358
PHB_02075,Early Disease,1,0.728,0.39,0.7967,25.84,1.004,22.52,71.01,6.489,0.0375,0.0406
PHB_00342,Severe Disease,3,0.4719,0.688,0.5331,27.314,1.3922,27.971,68.143,6.344,0.0512,0.0898
PHB_08042,Early Disease,1,0.6909,0.2811,0.7285,25.423,1.4093,27.47,63.497,6.216,0.0351,0.0443
PHB_01623,Severe Disease,3,0.2602,0.7577,0.4493,26.292,1.3299,23.952,62.023,6.089,0.0634,0.0608
PHB_07142,Moderate Illness,2,0.474,0.5103,0.4377,25.935,1.1395,24.788,66.446,5.999,0.0479,0.0572
PHB_05797,Moderate Illness,2,0.4935,0.6239,0.7204,26.695,1.2261,25.264,63.196,6.299,0.0512,0.0588
PHB_07185,Healthy,0,0.7347,0.1303,0.8538,24.705,1.192,26.705,64.595,6.778,0.0368,0.0378
PHB_08233,Severe Disease,3,0.4403,0.7065,0.4735,27.43,1.357,24.394,62.607,6.092,0.061,0.0641
PHB_05476,Healthy,0,0.8006,0.099,0.8831,23.419,1.3601,24.257,65.475,6.908,0.0342,0.0531
PHB_09253,Moderate Illness,2,0.4686,0.5001,0.6661,27.301,1.4607,27.39,47.702,6.205,0.039,0.0435
PHB_00075,Healthy,0,0.8724,0.1496,0.7915,23.561,1.0381,27.806,78.661,6.188,0.0208,0.0252
PHB_08634,Moderate Illness,2,0.5671,0.475,0.5572,26.175,1.3001,25.717,70.236,6.446,0.0542,0.0654
PHB_09230,Early Disease,1,0.5192,0.4379,0.8304,24.572,2.0,25.688,66.379,6.263,0.0363,0.0446
PHB_02052,Healthy,0,0.7715,0.1636,0.8709,25.317,0.9681,25.478,61.454,6.702,0.0202,0.0333
PHB_02542,Early Disease,1,0.7166,0.2665,0.6868,24.813,1.0995,21.019,62.667,6.453,0.0448,0.0302
PHB_01302,Moderate Illness,2,0.5048,0.6056,0.5899,27.064,1.1121,26.805,83.977,6.354,0.0403,0.0488
PHB_05878,Healthy,0,0.8791,0.1209,0.8589,24.342,1.2714,25.588,71.58,6.552,0.0366,0.028
PHB_07369,Severe Disease,3,0.3989,0.7238,0.494,27.503,1.3058,24.464,61.826,6.374,0.0564,0.0757
PHB_01305,Severe Disease,3,0.409,0.6405,0.4203,27.973,1.388,26.271,67.375,6.339,0.0463,0.0726
PHB_08429,Severe Disease,3,0.3225,0.7651,0.6071,28.078,1.5021,23.925,68.056,5.902,0.0566,0.0818
PHB_09095,Healthy,0,0.7713,0.1647,0.738,24.497,0.9679,24.98,66.176,6.262,0.0341,0.0186
PHB_02600,Severe Disease,3,0.3026,0.7322,0.4467,27.395,1.4834,21.266,60.801,6.475,0.0717,0.0772
PHB_02574,Severe Disease,3,0.3941,0.7767,0.4426,27.942,1.4779,26.658,67.085,6.181,0.0638,0.0698
PHB_03187,Moderate Illness,2,0.4157,0.4994,0.5354,27.598,1.2983,22.534,75.529,6.13,0.059,0.064
PHB_02769,Severe Disease,3,0.3361,0.7862,0.3837,26.844,1.5316,23.851,68.718,6.447,0.0302,0.066
PHB_04832,Early Disease,1,0.6349,0.2436,0.7437,26.437,1.16,24.866,54.993,6.388,0.0326,0.0408
PHB_04224,Healthy,0,0.8203,0.0888,0.9026,22.741,1.2663,20.754,69.453,6.431,0.0339,0.0433
PHB_09650,Early Disease,1,0.7688,0.272,0.6747,25.282,1.2267,21.853,66.843,6.452,0.0441,0.0371
PHB_02107,Moderate Illness,2,0.5938,0.5559,0.5134,26.034,1.1782,25.399,65.698,6.402,0.0681,0.0829
PHB_02680,Early Disease,1,0.6687,0.3345,0.7997,24.558,1.1679,24.585,71.506,6.385,0.0333,0.0309
PHB_01388,Early Disease,1,0.5886,0.3233,0.6624,24.626,1.342,25.236,58.347,6.546,0.0339,0.0339
PHB_08932,Early Disease,1,0.695,0.2643,0.7587,25.382,1.0789,26.542,70.867,6.346,0.0582,0.0474
PHB_09660,Early Disease,1,0.6594,0.4052,0.751,25.082,1.07,22.03,68.476,6.729,0.0343,0.0464
PHB_07084,Healthy,0,0.8619,0.1256,0.9746,23.9,1.0305,25.092,70.282,6.216,0.0289,0.0144
PHB_01280,Moderate Illness,2,0.5608,0.5765,0.6636,28.153,1.3508,24.822,61.731,6.281,0.061,0.0624
PHB_00805,Healthy,0,0.8343,0.1342,0.7746,24.144,1.0812,20.118,59.433,6.398,0.0196,0.0405
PHB_01556,Severe Disease,3,0.3279,0.7221,0.5125,28.516,1.3083,25.586,69.994,6.277,0.0544,0.0816
PHB_09487,Moderate Illness,2,0.3915,0.484,0.5938,26.548,1.4522,26.037,53.106,6.038,0.0337,0.0462
PHB_04567,Severe Disease,3,0.2868,0.6931,0.3469,27.366,1.3219,27.054,62.877,6.525,0.0694,0.0804
PHB_09670,Severe Disease,3,0.4236,0.7237,0.5154,27.312,1.4188,25.285,77.264,6.175,0.046,0.0501
PHB_04842,Early Disease,1,0.6223,0.3621,0.906,24.704,1.2467,24.403,66.691,6.554,0.0299,0.0695
PHB_03595,Healthy,0,0.8359,0.1283,0.8632,24.788,1.0118,23.181,64.901,6.023,0.0235,0.0326
PHB_06036,Severe Disease,3,0.2771,0.7352,0.5104,29.146,1.4079,24.443,63.116,6.169,0.0607,0.0756
PHB_06853,Moderate Illness,2,0.5803,0.5582,0.5951,28.093,1.3943,27.82,71.706,6.952,0.0331,0.0908
PHB_08706,Early Disease,1,0.666,0.4311,0.7145,25.605,1.2845,25.203,66.452,6.505,0.0478,0.0526
PHB_04178,Severe Disease,3,0.3166,0.6769,0.4837,26.945,1.4194,27.664,61.975,6.261,0.0473,0.0643
PHB_01309,Healthy,0,0.8122,0.1709,0.863,25.47,1.0485,27.977,79.466,6.462,0.0148,0.0357
PHB_03453,Healthy,0,0.8806,0.06,0.8836,24.67,1.1609,23.804,73.289,6.111,0.0293,0.048
PHB_03696,Early Disease,1,0.6426,0.3125,0.6237,26.03,1.5456,23.875,72.776,6.173,0.0398,0.0405
PHB_04243,Early Disease,1,0.686,0.4049,0.6837,26.531,1.2723,24.0,58.485,5.982,0.0419,0.0448
PHB_02199,Early Disease,1,0.7019,0.2182,0.7163,25.458,1.1542,25.542,76.63,6.333,0.0408,0.0288
PHB_04426,Early Disease,1,0.7026,0.3092,0.6919,24.849,1.3827,24.235,75.723,6.156,0.0498,0.0613
PHB_06151,Severe Disease,3,0.3407,0.6487,0.526,26.323,1.297,28.398,59.795,6.381,0.0668,0.0916
PHB_00944,Early Disease,1,0.7244,0.3007,0.8354,25.82,1.2789,25.545,66.146,6.056,0.0339,0.0464
PHB_00823,Early Disease,1,0.6816,0.2801,0.696,26.092,1.3377,20.36,60.132,6.589,0.0438,0.0445
PHB_05006,Early Disease,1,0.6337,0.2527,0.5794,26.407,1.3164,27.406,71.445,6.553,0.0322,0.0479
PHB_06613,Moderate Illness,2,0.5049,0.5188,0.5233,26.508,1.5243,28.368,55.061,6.263,0.0401,0.056
PHB_08357,Moderate Illness,2,0.5793,0.566,0.5794,27.209,1.3005,24.608,73.391,6.275,0.0581,0.0544
PHB_05620,Healthy,0,0.8424,0.113,0.8274,24.627,0.9911,26.337,78.191,6.776,0.0287,0.0478
PHB_04548,Early Disease,1,0.644,0.3066,0.741,25.317,1.1188,24.596,65.678,6.52,0.0497,0.0547
PHB_02539,Healthy,0,0.8177,0.2097,0.8952,24.702,1.1346,24.595,81.357,6.586,0.014,0.0438
PHB_05208,Severe Disease,3,0.3711,0.7102,0.5103,27.56,1.4666,20.923,67.428,5.989,0.0541,0.0829
PHB_09515,Healthy,0,0.8068,0.1096,0.819,24.175,1.1522,24.314,70.754,6.643,0.024,0.036
PHB_09010,Healthy,0,0.8234,0.1444,0.813,24.251,1.0587,27.748,58.291,6.695,0.0165,0.0534
PHB_03055,Moderate Illness,2,0.443,0.5871,0.7039,27.555,1.3718,26.914,69.635,6.332,0.0414,0.0767
PHB_03676,Severe Disease,3,0.44,0.7541,0.3849,27.186,1.5386,25.181,65.0,6.381,0.0616,0.0898
PHB_07777,Healthy,0,0.8291,0.1871,1.0174,24.621,1.2826,23.862,64.21,6.383,0.0194,0.0532
PHB_07219,Early Disease,1,0.769,0.2914,0.774,26.62,1.3681,23.995,63.633,6.391,0.0242,0.0437
PHB_06723,Early Disease,1,0.6554,0.3089,0.7107,24.239,1.149,23.006,67.827,6.539,0.0199,0.0411
PHB_03301,Severe Disease,3,0.4141,0.7102,0.4169,26.95,1.4539,24.44,69.958,6.085,0.0704,0.0846
PHB_03311,Severe Disease,3,0.3742,0.8084,0.4093,27.979,1.4325,22.868,68.103,6.264,0.0589,0.0656
PHB_07222,Healthy,0,0.7944,0.1079,0.9221,24.287,0.9433,25.34,72.713,6.721,0.0102,0.019
PHB_08520,Healthy,0,0.765,0.0916,0.6521,22.888,1.1861,24.185,59.194,6.147,0.0156,0.0102
PHB_05955,Early Disease,1,0.6258,0.2995,0.7307,23.943,1.1557,24.229,60.041,6.705,0.0358,0.0472
PHB_00833,Early Disease,1,0.5858,0.2951,0.6279,26.018,1.4442,24.79,67.487,6.153,0.051,0.0505
PHB_03463,Healthy,0,0.8255,0.097,0.9916,25.352,0.9348,23.556,65.118,6.422,0.0151,0.0404
PHB_07644,Moderate Illness,2,0.4045,0.4129,0.6353,28.377,1.4889,24.932,55.231,6.342,0.044,0.0449
PHB_00055,Moderate Illness,2,0.5297,0.4736,0.5284,25.246,1.1265,26.212,54.326,6.133,0.065,0.0447
PHB_03452,Moderate Illness,2,0.3964,0.5332,0.6307,27.123,1.1502,25.811,62.285,6.153,0.0572,0.0468
PHB_06306,Healthy,0,0.8529,0.084,0.9156,24.349,1.1387,26.798,85.224,6.441,0.0065,0.0287
PHB_01482,Healthy,0,0.8168,0.0991,0.7848,23.258,1.1116,28.084,66.051,6.51,0.0267,0.0355
PHB_04874,Moderate Illness,2,0.4264,0.5088,0.6172,25.143,1.0944,25.692,67.583,6.264,0.0332,0.056
PHB_08039,Healthy,0,0.6958,0.041,0.9233,24.14,1.1647,29.297,64.594,7.055,0.0183,0.0162
PHB_03336,Early Disease,1,0.7108,0.3709,0.7329,25.384,1.2642,25.809,66.659,6.447,0.0423,0.0379
PHB_06017,Healthy,0,0.8268,0.0967,0.909,23.995,0.9937,27.522,78.393,6.755,0.0281,0.0233
PHB_04927,Healthy,0,0.7994,0.1232,1.0244,23.968,1.0633,26.876,68.265,6.582,0.0229,0.0384
PHB_05798,Severe Disease,3,0.282,0.6758,0.4118,27.66,1.2262,25.977,66.129,6.001,0.0666,0.0639
PHB_09832,Healthy,0,0.9313,0.0038,0.9245,24.608,1.8057,24.786,69.928,6.721,0.0269,0.0634
PHB_05084,Healthy,0,0.8137,0.0997,0.8474,24.866,1.0736,24.724,64.348,6.439,0.0153,0.005
PHB_06646,Healthy,0,0.8074,0.1664,0.8989,25.03,1.1047,25.891,66.454,5.967,0.0313,0.0431
PHB_05491,Early Disease,1,0.634,0.3609,0.6414,25.406,1.3035,27.409,62.954,6.855,0.041,0.034
PHB_00769,Healthy,0,0.8348,0.1629,0.8744,25.161,1.0225,23.573,73.996,6.159,0.0118,0.0247
PHB_02066,Severe Disease,3,0.3051,0.6434,0.4498,26.576,1.5585,24.487,69.66,6.475,0.0663,0.08
PHB_09501,Moderate Illness,2,0.4095,0.5714,0.5369,27.602,1.1299,24.827,71.886,6.392,0.0552,0.0511
PHB_07312,Early Disease,1,0.5889,0.3297,0.688,26.104,1.3174,26.532,69.584,6.408,0.0317,0.0605
PHB_08478,Early Disease,1,0.6793,0.2612,0.7509,24.883,1.3164,24.823,60.216,6.381,0.0481,0.0462
PHB_04525,Moderate Illness,2,0.5727,0.5086,0.4533,25.53,1.4472,31.387,58.451,6.122,0.0435,0.0628
PHB_02718,Severe Disease,3,0.3682,0.6757,0.4588,27.581,1.3917,26.235,64.526,6.308,0.0569,0.0662
PHB_02080,Healthy,0,0.8262,0.1719,0.9382,23.936,1.1208,26.754,60.613,6.499,0.0377,0.0366
PHB_08915,Early Disease,1,0.6829,0.2652,0.7021,25.417,1.3122,24.846,65.91,6.732,0.0199,0.0413
PHB_00952,Healthy,0,0.877,0.1252,0.8048,25.048,1.2604,24.471,65.134,6.535,0.0183,0.0309
PHB_08059,Moderate Illness,2,0.4619,0.4507,0.6204,26.566,1.2668,28.595,69.567,6.053,0.0558,0.0599
PHB_02483,Healthy,0,0.7496,0.0619,0.7667,24.7,1.0639,22.533,77.586,6.503,0.0291,0.0424
PHB_01760,Severe Disease,3,0.3031,0.7762,0.4895,28.554,1.4394,21.692,57.556,6.297,0.0546,0.0854
PHB_04423,Moderate Illness,2,0.5724,0.4677,0.5453,26.22,1.392,25.468,57.508,6.631,0.0479,0.0446
PHB_06705,Early Disease,1,0.6644,0.3606,0.6618,27.137,1.2838,26.192,57.628,6.7,0.0288,0.0479
PHB_05183,Healthy,0,0.7898,0.0643,0.9217,23.864,1.1674,29.311,69.363,6.413,0.001,0.0291
PHB_08534,Severe Disease,3,0.2299,0.7256,0.3787,27.382,1.2477,28.145,53.112,6.234,0.0624,0.0788
PHB_03702,Healthy,0,0.8149,0.1442,0.8614,23.13,0.9239,26.322,61.842,6.138,0.0231,0.0357
PHB_04244,Moderate Illness,2,0.4716,0.4942,0.6845,26.914,1.3095,23.443,84.74,5.902,0.0516,0.0586
PHB_00689,Severe Disease,3,0.3474,0.7737,0.2598,26.837,1.5103,27.252,57.96,6.244,0.049,0.065
PHB_03433,Severe Disease,3,0.2651,0.7088,0.3644,27.657,1.2873,21.29,64.848,6.391,0.0665,0.0567
PHB_04945,Moderate Illness,2,0.4286,0.5111,0.617,27.307,1.2168,25.474,62.668,6.438,0.0483,0.078
PHB_00967,Severe Disease,3,0.3069,0.7072,0.3387,27.759,1.5102,22.799,68.103,6.323,0.0576,0.0662
PHB_09485,Moderate Illness,2,0.5237,0.4537,0.561,25.979,1.2909,24.393,62.591,6.281,0.0402,0.0679
PHB_02714,Healthy,0,0.841,0.1643,0.9872,23.954,1.1567,21.791,49.036,6.836,0.0325,0.0483
PHB_04758,Severe Disease,3,0.4094,0.829,0.4829,27.618,1.6617,26.698,54.994,5.738,0.0465,0.075
PHB_09546,Early Disease,1,0.7243,0.2573,0.7407,25.491,1.111,27.336,51.825,6.471,0.0594,0.0277
PHB_06321,Healthy,0,0.8159,0.1983,0.9355,25.172,1.1574,27.862,72.423,6.309,0.0227,0.0564
PHB_05976,Healthy,0,0.8812,0.0513,0.9217,24.509,0.9113,25.227,58.01,6.414,0.0318,0.0152
PHB_03573,Early Disease,1,0.6668,0.3586,0.8468,25.802,1.054,24.816,79.244,6.442,0.0259,0.048
PHB_05300,Healthy,0,0.7725,0.1149,0.9737,22.365,1.0756,23.688,73.68,6.205,0.0378,0.0494
PHB_01991,Healthy,0,0.8712,0.0639,0.9288,25.213,1.2697,22.237,66.549,6.505,0.0119,0.027
PHB_01206,Healthy,0,0.9341,0.1809,0.8967,22.651,0.991,23.571,74.88,6.395,0.0089,0.028
PHB_04972,Healthy,0,0.8548,0.1366,0.7606,24.789,1.0922,22.496,80.366,6.351,0.0231,0.0267
PHB_06784,Healthy,0,0.8639,0.0,0.7067,25.184,1.0361,27.47,67.309,6.237,0.0095,0.005
PHB_03601,Early Disease,1,0.5425,0.241,0.6224,26.343,1.1668,28.092,83.401,6.623,0.027,0.0445
PHB_06491,Early Disease,1,0.682,0.2891,0.7738,24.643,1.3132,26.989,51.801,6.578,0.0429,0.0565
PHB_08610,Healthy,0,0.7406,0.0975,0.82,25.37,1.1094,25.8,70.834,7.115,0.0105,0.0481
PHB_09979,Healthy,0,0.8995,0.0505,0.9615,23.731,1.0915,25.592,57.337,6.798,0.0326,0.0183
PHB_08071,Early Disease,1,0.6491,0.3467,0.6391,24.979,1.1448,22.931,57.199,6.487,0.0349,0.0537
PHB_08578,Early Disease,1,0.6764,0.3453,0.9288,25.497,1.4583,24.49,64.918,6.11,0.0316,0.059
PHB_07974,Healthy,0,0.8821,0.19,0.7693,24.522,0.7948,25.173,71.367,6.367,0.0167,0.0559
PHB_01626,Moderate Illness,2,0.5108,0.6133,0.6001,25.493,1.1928,25.238,71.021,5.942,0.0543,0.0506
PHB_00537,Moderate Illness,2,0.5672,0.4011,0.6977,27.707,1.2882,21.871,57.929,6.339,0.0449,0.0556
PHB_08767,Severe Disease,3,0.3099,0.7452,0.4536,27.694,1.1269,24.111,63.558,6.268,0.0685,0.0862
PHB_07971,Moderate Illness,2,0.6086,0.5943,0.5811,25.53,1.5161,25.01,53.577,6.551,0.0485,0.075
PHB_04213,Early Disease,1,0.7472,0.3155,0.7347,26.774,1.2087,26.725,69.941,6.13,0.049,0.0429
PHB_06457,Early Disease,1,0.6121,0.4575,0.7687,25.093,1.1807,21.341,69.338,6.358,0.0461,0.0315
PHB_03508,Severe Disease,3,0.324,0.7347,0.4811,27.244,1.2477,22.529,65.179,6.102,0.0723,0.0811
PHB_08394,Moderate Illness,2,0.4317,0.5059,0.6243,27.393,1.0842,24.064,68.805,6.393,0.0484,0.057
PHB_07113,Moderate Illness,2,0.5024,0.5036,0.6258,26.72,1.315,28.971,60.21,6.338,0.057,0.0654
PHB_02709,Healthy,0,0.7919,0.043,0.8313,23.274,1.1821,24.23,64.849,6.465,0.0221,0.0246
PHB_05032,Severe Disease,3,0.3439,0.7086,0.4641,26.679,1.5425,26.772,55.802,6.006,0.0415,0.0671
PHB_06515,Healthy,0,0.7669,0.2164,0.8701,24.333,1.0737,23.006,66.04,6.062,0.0353,0.0213
PHB_04663,Early Disease,1,0.6612,0.3466,0.7652,23.761,1.2822,26.093,67.934,6.473,0.0318,0.0507
PHB_04022,Healthy,0,0.7527,0.1823,0.8733,24.225,1.2545,22.763,63.853,6.435,0.0113,0.0211
PHB_01855,Severe Disease,3,0.4045,0.7558,0.4516,26.977,1.4227,27.837,62.194,6.098,0.0551,0.0707
PHB_09426,Severe Disease,3,0.3759,0.7393,0.4948,27.974,1.4951,28.022,76.327,6.431,0.0503,0.0665
PHB_02873,Healthy,0,0.7808,0.1417,0.9033,25.432,0.9114,23.289,60.048,6.279,0.0139,0.0431
PHB_03031,Severe Disease,3,0.5117,0.6936,0.5034,26.889,1.3976,27.182,59.772,6.282,0.0653,0.0813
PHB_01646,Early Disease,1,0.6085,0.3258,0.7704,24.505,1.2997,27.364,78.435,5.973,0.0403,0.042
PHB_03418,Severe Disease,3,0.3222,0.7094,0.481,27.819,1.5225,25.512,56.813,6.071,0.0471,0.0693
PHB_03477,Severe Disease,3,0.3955,0.8208,0.4926,27.568,1.3525,23.226,56.781,6.407,0.052,0.0649
PHB_09553,Moderate Illness,2,0.5249,0.525,0.6717,25.842,1.4041,26.069,63.088,6.004,0.0509,0.0422
PHB_01793,Healthy,0,0.8428,0.0792,0.848,25.099,1.025,29.131,64.218,6.368,0.0072,0.041
PHB_03798,Severe Disease,3,0.3783,0.7058,0.4733,27.624,1.5697,26.043,62.013,6.299,0.059,0.0638
PHB_03369,Healthy,0,0.8482,0.1156,0.8429,24.997,1.1515,27.343,74.803,6.683,0.0183,0.005
PHB_07197,Healthy,0,0.797,0.0711,0.9122,26.058,1.176,30.003,67.904,6.847,0.0203,0.0459
PHB_09642,Healthy,0,0.879,0.1282,0.8481,21.945,1.0623,25.488,66.828,6.7,0.0378,0.0268
PHB_05110,Severe Disease,3,0.3764,0.7866,0.4307,29.66,1.4925,22.613,57.231,6.132,0.0617,0.0838
PHB_06025,Severe Disease,3,0.3517,0.6906,0.3309,28.74,2.0,23.818,62.587,6.237,0.0574,0.064
PHB_08796,Moderate Illness,2,0.4194,0.5355,0.6719,28.018,1.547,25.776,61.525,5.911,0.0528,0.0831
PHB_09295,Healthy,0,0.8106,0.1475,0.8513,24.425,1.2362,24.387,54.496,6.601,0.0303,0.0231
PHB_00127,Early Disease,1,0.7614,0.3796,0.7567,25.904,1.3583,25.915,62.329,6.384,0.029,0.0347
PHB_05960,Early Disease,1,0.627,0.2996,0.7655,25.859,1.0312,27.152,68.682,6.411,0.0256,0.0454
PHB_03877,Healthy,0,0.7542,0.131,0.9143,24.125,0.8448,32.382,61.713,6.541,0.0262,0.0421
PHB_04452,Severe Disease,3,0.2719,0.7302,0.5914,27.981,1.5101,25.352,52.852,6.056,0.0391,0.0706
PHB_07148,Severe Disease,3,0.2308,0.6014,0.4116,26.748,1.1221,25.463,63.635,6.37,0.0623,0.081
PHB_03532,Healthy,0,1.0059,0.0547,0.8402,24.32,1.1004,24.495,83.859,6.419,0.0202,0.0354
PHB_00828,Healthy,0,0.8277,0.1176,0.8415,26.007,1.0466,24.205,66.457,5.985,0.04,0.0336
PHB_07791,Moderate Illness,2,0.3846,0.5278,0.5005,26.898,1.4418,19.856,68.543,5.978,0.0368,0.0267
PHB_00985,Healthy,0,0.7762,0.1665,0.9775,24.106,1.0952,25.911,70.341,6.365,0.029,0.0212
PHB_07784,Healthy,0,0.9087,0.1505,0.8054,24.75,1.1178,25.361,68.511,6.663,0.0085,0.0418
PHB_02444,Moderate Illness,2,0.4442,0.4359,0.5778,25.202,1.2745,25.918,65.098,6.723,0.0461,0.043
PHB_08555,Severe Disease,3,0.2117,0.6669,0.4369,25.889,1.5031,30.478,67.819,6.458,0.0739,0.0461
PHB_00346,Severe Disease,3,0.2947,0.7535,0.4512,27.269,1.5311,23.537,72.13,6.182,0.0949,0.0415
PHB_00815,Healthy,0,0.9042,0.1079,0.784,23.928,0.9961,21.967,75.932,6.487,0.0196,0.0382
PHB_06167,Moderate Illness,2,0.4868,0.4961,0.3663,26.249,1.2592,24.852,66.3,6.245,0.048,0.0737
PHB_05780,Healthy,0,0.7118,0.1423,0.8814,22.814,1.1969,25.405,56.34,6.57,0.0084,0.0469
PHB_02117,Early Disease,1,0.7346,0.229,0.7233,25.03,1.1389,27.73,64.378,6.307,0.0441,0.0408
PHB_00794,Healthy,0,0.7939,0.1081,0.8999,24.809,1.0524,26.603,67.596,6.313,0.0298,0.022
PHB_06899,Moderate Illness,2,0.4927,0.3861,0.6524,26.004,1.4449,28.451,60.917,5.608,0.0468,0.0683
PHB_02675,Moderate Illness,2,0.5374,0.5166,0.5194,26.459,1.4975,23.216,66.961,6.236,0.0315,0.045
PHB_00095,Early Disease,1,0.7024,0.4457,0.7939,24.946,1.0842,23.483,61.399,6.605,0.0421,0.0443
PHB_04226,Severe Disease,3,0.3885,0.7318,0.5133,27.438,1.2765,23.878,78.583,6.542,0.0427,0.0786
PHB_03757,Early Disease,1,0.5507,0.2745,0.7845,24.89,1.1645,22.956,66.131,6.324,0.0499,0.0727
PHB_02892,Severe Disease,3,0.4322,0.7588,0.4454,26.751,1.4655,22.695,76.01,5.899,0.0452,0.0796
PHB_02372,Early Disease,1,0.7162,0.2826,0.7064,25.409,1.2185,23.013,67.043,6.19,0.0469,0.062
PHB_09389,Healthy,0,0.7589,0.1545,0.775,24.424,1.0451,24.704,61.194,6.42,0.0116,0.0441
PHB_03229,Moderate Illness,2,0.4721,0.6194,0.4953,27.03,1.41,24.348,65.161,6.164,0.0417,0.0599
PHB_07864,Early Disease,1,0.6683,0.3128,0.8433,24.546,1.1194,24.707,68.313,6.107,0.0559,0.0529
PHB_06360,Early Disease,1,0.7377,0.3364,0.8549,25.982,1.2296,27.69,71.096,6.409,0.0257,0.0494
PHB_09197,Moderate Illness,2,0.5372,0.5891,0.4712,26.81,1.252,23.136,62.386,6.496,0.0467,0.0436
PHB_07327,Severe Disease,3,0.3405,0.7818,0.5835,28.266,1.4994,26.275,50.337,5.952,0.0716,0.0498
PHB_06029,Severe Disease,3,0.2756,0.762,0.5179,27.57,1.2189,23.594,60.867,5.983,0.0519,0.0713
PHB_01866,Severe Disease,3,0.4074,0.6928,0.3915,27.973,1.5248,25.042,63.855,6.282,0.0699,0.0518
PHB_04613,Moderate Illness,2,0.4164,0.467,0.6216,26.916,1.2697,29.669,73.034,6.616,0.0686,0.0569
PHB_02646,Severe Disease,3,0.2952,0.7512,0.492,28.124,1.19,27.669,61.333,6.161,0.0479,0.064
PHB_02244,Early Disease,1,0.6283,0.3199,0.641,25.244,1.1595,24.881,73.763,6.56,0.0365,0.0343
PHB_05374,Moderate Illness,2,0.5628,0.4713,0.575,26.114,1.3738,24.243,54.058,6.075,0.0549,0.041
PHB_02337,Severe Disease,3,0.378,0.6463,0.4103,26.447,1.3062,28.653,54.23,6.42,0.0575,0.0765
PHB_00951,Moderate Illness,2,0.5334,0.5348,0.5233,26.16,1.3686,21.643,58.53,6.266,0.0507,0.0653
PHB_01121,Moderate Illness,2,0.5536,0.5502,0.6751,27.18,1.3892,25.54,60.345,5.989,0.0608,0.056
PHB_02205,Early Disease,1,0.7233,0.3192,0.8086,25.999,1.3326,24.045,69.703,6.478,0.0396,0.0467
PHB_00420,Severe Disease,3,0.312,0.7249,0.5556,26.424,1.4467,22.615,50.722,6.334,0.0491,0.0706
PHB_00923,Moderate Illness,2,0.461,0.557,0.5063,26.397,1.5734,24.91,51.011,6.402,0.0269,0.05
PHB_08670,Severe Disease,3,0.386,0.7618,0.3581,26.651,1.4185,26.103,70.766,6.141,0.0505,0.0887
PHB_05409,Healthy,0,0.8325,0.0747,0.8439,24.789,1.1057,25.4,79.1,6.339,0.001,0.0369
PHB_05789,Severe Disease,3,0.3399,0.7071,0.5049,27.275,1.3157,25.969,54.282,6.29,0.0698,0.0844
PHB_05743,Severe Disease,3,0.3444,0.7097,0.422,26.312,1.4596,21.195,62.986,5.989,0.061,0.0792
PHB_07668,Early Disease,1,0.6442,0.2861,0.7387,24.73,1.0895,26.117,70.125,6.433,0.0376,0.0339
PHB_05568,Healthy,0,0.702,0.1319,0.9427,23.331,1.0511,24.336,62.343,6.18,0.0155,0.0338
PHB_08136,Early Disease,1,0.6624,0.3285,0.7161,24.427,1.1779,24.472,62.984,6.557,0.0308,0.0524
PHB_01203,Severe Disease,3,0.2324,0.6969,0.3605,26.26,1.4151,25.543,69.662,6.018,0.063,0.0543
PHB_05766,Early Disease,1,0.6232,0.3051,0.8389,25.034,1.3379,23.977,72.012,6.279,0.0295,0.0351
PHB_08390,Moderate Illness,2,0.5,0.5524,0.6112,27.075,1.5146,25.398,68.319,6.34,0.0503,0.0533
PHB_01971,Early Disease,1,0.6778,0.3415,0.8269,25.793,1.2154,23.993,67.529,6.542,0.0516,0.0477
PHB_04019,Healthy,0,0.8593,0.185,0.8728,23.812,1.0665,30.26,60.371,6.348,0.0338,0.0269
PHB_03688,Severe Disease,3,0.2906,0.8059,0.4995,26.114,1.3314,23.183,68.973,6.154,0.0712,0.0591
PHB_01998,Early Disease,1,0.639,0.3541,0.656,24.67,1.169,26.571,70.484,6.349,0.0374,0.0387
PHB_04034,Moderate Illness,2,0.5482,0.4724,0.6411,26.236,1.4312,22.953,63.606,6.245,0.035,0.0503
PHB_01249,Severe Disease,3,0.3488,0.8045,0.3096,27.521,1.3077,24.841,62.384,6.292,0.0385,0.0814
PHB_02193,Moderate Illness,2,0.435,0.5461,0.6534,26.787,1.3302,23.798,62.117,6.057,0.0556,0.086
PHB_02713,Healthy,0,0.7389,0.2009,0.826,23.662,1.0151,22.414,72.598,6.086,0.017,0.033
PHB_02191,Healthy,0,0.8406,0.1688,0.9284,23.929,1.1409,28.207,69.138,6.424,0.0345,0.0654
PHB_04671,Healthy,0,0.7421,0.1325,0.9175,25.306,1.0424,24.39,60.181,6.64,0.0203,0.0214
PHB_05143,Early Disease,1,0.6334,0.2399,0.7376,25.691,1.2536,26.955,75.726,6.721,0.0411,0.0443
PHB_05985,Moderate Illness,2,0.559,0.54,0.6975,27.055,1.1837,24.643,62.821,6.494,0.0355,0.0745
PHB_06566,Moderate Illness,2,0.5363,0.5929,0.5996,27.407,1.3051,23.582,64.851,6.128,0.0459,0.0671
PHB_07805,Healthy,0,0.7964,0.1175,0.8624,25.38,1.0352,19.677,64.564,6.538,0.029,0.0307
PHB_06944,Moderate Illness,2,0.4319,0.5415,0.5292,26.041,1.232,27.667,63.002,6.244,0.0596,0.0589
PHB_02137,Early Disease,1,0.7147,0.331,0.7355,25.738,1.3603,24.86,67.795,6.577,0.0259,0.0504
PHB_01066,Severe Disease,3,0.1941,0.7365,0.5157,26.731,1.356,22.532,62.917,6.236,0.0827,0.0851
PHB_00601,Early Disease,1,0.647,0.2943,0.7017,25.63,1.2434,29.576,69.663,6.432,0.0414,0.0655
PHB_04228,Healthy,0,0.856,0.0776,0.8601,24.018,1.0432,23.593,64.077,6.364,0.0072,0.0345
PHB_07578,Healthy,0,0.7597,0.0575,0.7245,23.776,0.9513,24.179,56.563,5.96,0.0336,0.049
PHB_00078,Moderate Illness,2,0.5942,0.4487,0.6116,26.302,1.2131,24.471,74.972,6.593,0.0636,0.0557
PHB_07547,Moderate Illness,2,0.4625,0.4966,0.5786,25.938,1.4197,23.515,68.004,6.135,0.0375,0.0486
PHB_02899,Moderate Illness,2,0.4497,0.488,0.6467,27.398,1.5695,22.43,70.599,6.728,0.0478,0.0342
PHB_04821,Moderate Illness,2,0.5738,0.4713,0.5805,27.011,1.3154,29.525,69.856,6.406,0.0542,0.0654
PHB_09303,Healthy,0,0.7875,0.0968,0.7926,24.037,1.2638,23.951,76.403,6.86,0.0318,0.0235
PHB_06414,Severe Disease,3,0.3121,0.6537,0.3941,26.981,1.4476,25.863,51.287,6.106,0.038,0.0518
PHB_09065,Healthy,0,0.8286,0.0957,0.8672,24.245,1.2896,27.775,65.756,6.557,0.0169,0.033
PHB_08008,Severe Disease,3,0.3821,0.6839,0.4816,28.336,1.5304,22.275,62.599,6.017,0.0712,0.0736
PHB_05469,Moderate Illness,2,0.4966,0.4684,0.6643,26.668,1.3994,23.789,64.851,6.213,0.0472,0.0716
PHB_05952,Early Disease,1,0.6708,0.3613,0.6346,23.85,1.0592,25.848,74.136,6.194,0.0342,0.0532
PHB_03392,Moderate Illness,2,0.4483,0.5533,0.6205,26.477,1.14,24.165,66.206,6.881,0.0399,0.0604
PHB_05416,Early Disease,1,0.56,0.303,0.66,25.999,1.0405,24.783,64.246,6.395,0.0218,0.0421
PHB_02561,Moderate Illness,2,0.5514,0.4642,0.7211,26.299,1.0779,24.902,60.617,6.408,0.0416,0.057
PHB_08163,Healthy,0,0.8626,0.0947,1.0164,24.917,1.324,21.356,51.034,6.749,0.0247,0.0459
PHB_02636,Early Disease,1,0.6877,0.2756,0.6791,24.896,1.204,26.737,62.979,6.361,0.0395,0.0338
PHB_05257,Moderate Illness,2,0.4806,0.4278,0.6395,25.519,1.285,23.603,67.067,6.144,0.0587,0.0353
PHB_03531,Healthy,0,0.8126,0.2006,0.8622,25.467,0.8835,24.078,50.948,7.104,0.0309,0.046
PHB_08568,Early Disease,1,0.6998,0.3428,0.6835,25.683,1.1642,25.618,61.475,6.586,0.0386,0.036
PHB_01909,Severe Disease,3,0.3722,0.7945,0.4475,27.359,1.4554,21.106,60.771,6.178,0.0556,0.0733
PHB_00236,Severe Disease,3,0.3873,0.6795,0.4562,25.682,1.7436,21.47,55.41,6.125,0.077,0.0679
PHB_01605,Healthy,0,0.8648,0.2054,0.8903,24.497,0.8558,27.831,71.408,6.543,0.0159,0.0383
PHB_07985,Severe Disease,3,0.4149,0.6499,0.3792,26.774,1.468,24.001,64.761,6.091,0.056,0.0643
PHB_03491,Moderate Illness,2,0.531,0.4402,0.5443,25.631,1.4521,27.426,68.656,6.364,0.0541,0.0612
PHB_01995,Early Disease,1,0.594,0.3408,0.8041,25.377,1.329,22.353,72.401,5.921,0.0466,0.0529
PHB_02825,Severe Disease,3,0.3002,0.8558,0.4569,26.926,1.3997,22.479,57.807,6.12,0.0727,0.0521
PHB_09286,Healthy,0,0.8452,0.2102,0.7064,24.013,1.3827,27.01,69.509,6.681,0.03,0.0374
PHB_01343,Early Disease,1,0.6335,0.3508,0.7362,25.76,1.3254,24.881,62.988,6.238,0.0335,0.0364
PHB_08513,Moderate Illness,2,0.687,0.5443,0.7141,26.096,0.9633,26.164,58.422,6.348,0.0516,0.0665
PHB_01620,Healthy,0,0.8681,0.1219,0.9111,26.462,1.2199,21.418,66.217,6.488,0.0285,0.0294
PHB_05288,Moderate Illness,2,0.5316,0.4471,0.6526,26.825,1.3099,23.023,78.071,6.533,0.0538,0.0288
PHB_02061,Severe Disease,3,0.3671,0.7913,0.5014,28.052,1.2791,24.416,66.501,6.58,0.0636,0.0683
PHB_09956,Early Disease,1,0.5697,0.3544,0.702,25.479,1.2846,22.439,67.977,6.476,0.0318,0.02
PHB_02220,Early Disease,1,0.5921,0.3382,0.8402,24.813,1.2606,23.893,63.386,6.366,0.0304,0.0388
PHB_06039,Healthy,0,0.7186,0.125,0.9055,25.177,1.0434,26.006,75.99,6.239,0.0141,0.0428
PHB_00261,Healthy,0,0.8653,0.1002,0.8733,24.294,1.2409,24.543,67.64,6.742,0.0375,0.0209
PHB_09366,Early Disease,1,0.7423,0.2649,0.6655,25.795,1.0413,22.363,76.092,6.345,0.0524,0.0431
PHB_09094,Healthy,0,0.8358,0.0864,0.8451,24.647,1.2517,26.028,62.67,6.28,0.0166,0.0348
PHB_03745,Healthy,0,0.8387,0.1322,0.7863,25.347,0.8971,26.935,72.516,6.491,0.0238,0.0291
PHB_02027,Severe Disease,3,0.3583,0.6432,0.4319,26.083,1.5041,26.516,62.785,6.266,0.0384,0.0783
PHB_06989,Healthy,0,0.8965,0.1649,0.962,25.836,1.2616,27.627,61.256,6.632,0.025,0.0382
PHB_04235,Healthy,0,0.8542,0.1618,0.6624,23.999,1.2154,21.804,56.691,6.456,0.0092,0.0366
PHB_01918,Moderate Illness,2,0.494,0.5244,0.6004,26.344,1.0982,26.543,64.059,6.86,0.0545,0.0829
PHB_01829,Severe Disease,3,0.251,0.7371,0.4846,26.273,1.5885,24.077,71.474,6.488,0.0593,0.0792
PHB_06234,Healthy,0,0.7777,0.0933,0.8804,24.937,1.2292,24.469,67.04,6.326,0.0265,0.0378
PHB_09333,Early Disease,1,0.7879,0.3606,0.7195,24.416,1.3761,25.499,69.955,6.34,0.0268,0.0686
PHB_06284,Healthy,0,0.9128,0.1961,0.842,24.311,0.8066,24.6,54.516,6.408,0.0046,0.0486
PHB_04209,Early Disease,1,0.745,0.3804,0.6939,25.597,1.4042,23.594,61.054,6.208,0.0305,0.0543
PHB_00225,Early Disease,1,0.6926,0.2525,0.8027,26.149,1.1592,22.005,73.109,6.354,0.032,0.0548
PHB_08916,Early Disease,1,0.7266,0.215,0.6925,25.952,1.3482,23.156,62.229,6.371,0.0395,0.0404
PHB_06470,Severe Disease,3,0.3771,0.775,0.3786,28.44,1.3865,26.908,66.579,6.357,0.0733,0.0609
PHB_09414,Severe Disease,3,0.3448,0.728,0.378,27.734,1.42,24.745,58.533,6.012,0.0576,0.0595
PHB_00847,Early Disease,1,0.6782,0.2623,0.7237,25.647,1.107,25.069,62.283,5.981,0.0281,0.0535
PHB_04290,Moderate Illness,2,0.502,0.5246,0.667,26.054,1.1938,24.679,62.414,6.484,0.038,0.0608
PHB_05561,Severe Disease,3,0.3284,0.7142,0.3718,28.339,1.2902,24.891,69.351,5.997,0.0594,0.0637
PHB_02552,Early Disease,1,0.6358,0.2919,0.7122,25.864,1.1491,25.625,72.556,7.08,0.0166,0.0648
PHB_00118,Moderate Illness,2,0.468,0.5082,0.452,25.46,1.2372,23.981,49.005,6.274,0.045,0.0525
PHB_08838,Moderate Illness,2,0.5125,0.5405,0.6883,25.904,1.6343,26.676,67.124,6.17,0.0519,0.0658
PHB_05967,Severe Disease,3,0.3131,0.7871,0.5239,26.619,1.2946,23.143,60.685,6.242,0.0644,0.0452
PHB_08196,Moderate Illness,2,0.4492,0.4396,0.667,25.87,1.3005,23.142,66.403,6.212,0.0505,0.0551
PHB_08660,Early Disease,1,0.7136,0.3079,0.7139,24.696,1.1696,18.651,61.951,6.064,0.0522,0.0613
PHB_07490,Healthy,0,0.909,0.0571,0.9001,24.27,1.0786,25.426,50.264,6.265,0.0288,0.0181
PHB_00006,Severe Disease,3,0.3314,0.8099,0.5582,28.069,1.3148,23.881,58.758,5.893,0.0721,0.0778
PHB_05343,Severe Disease,3,0.4056,0.7611,0.5836,26.862,1.2064,27.372,56.867,6.263,0.0606,0.0696
PHB_09112,Early Disease,1,0.6655,0.3729,0.7948,25.214,1.0992,26.226,59.22,6.695,0.0389,0.0311
PHB_04325,Healthy,0,0.8056,0.0348,0.9463,24.836,0.9302,26.768,70.408,6.336,0.0301,0.0513
PHB_01064,Moderate Illness,2,0.4382,0.5256,0.5373,24.712,1.4422,22.754,59.523,6.643,0.0438,0.0872
PHB_02591,Severe Disease,3,0.3404,0.7812,0.4394,26.423,1.4977,30.063,66.82,6.25,0.0695,0.0876
PHB_08435,Severe Disease,3,0.2817,0.7669,0.5201,27.094,1.4644,24.172,66.392,6.143,0.059,0.0673
PHB_03736,Severe Disease,3,0.3425,0.6722,0.5024,26.758,1.3028,26.123,55.161,6.582,0.0751,0.0756
PHB_03518,Healthy,0,0.8428,0.1369,0.9369,24.332,1.1074,19.076,73.15,6.401,0.0281,0.0319
PHB_06987,Moderate Illness,2,0.4476,0.5621,0.7291,26.126,1.0185,26.959,56.189,6.571,0.0425,0.0579
PHB_06768,Early Disease,1,0.6005,0.3129,0.7142,24.766,1.5715,20.485,59.29,6.374,0.0272,0.0433
PHB_05623,Moderate Illness,2,0.5789,0.431,0.7144,26.176,1.4702,23.615,63.989,6.241,0.0521,0.0459
PHB_01606,Early Disease,1,0.626,0.4154,0.5859,26.191,0.9996,27.048,65.966,6.018,0.0534,0.0482
PHB_01734,Early Disease,1,0.6617,0.33,0.6902,24.973,1.1803,23.405,73.308,6.217,0.0237,0.0349
PHB_09342,Healthy,0,0.83,0.149,0.8891,23.361,1.1032,23.215,60.263,6.218,0.0164,0.0384
PHB_03813,Moderate Illness,2,0.5904,0.5522,0.6454,25.919,1.4071,25.68,71.265,6.566,0.0361,0.0582
PHB_09625,Severe Disease,3,0.4371,0.8172,0.414,27.272,1.4574,27.811,80.429,6.14,0.0576,0.0828
PHB_01762,Healthy,0,0.8296,0.0,0.8725,22.61,1.1498,26.765,66.541,6.242,0.0337,0.0207
PHB_05402,Healthy,0,0.7559,0.1027,0.9758,24.17,1.0936,25.399,72.546,6.466,0.0104,0.0196
PHB_02740,Moderate Illness,2,0.4608,0.4857,0.5396,26.125,1.5034,25.141,72.039,6.324,0.0572,0.0524
PHB_02473,Moderate Illness,2,0.5564,0.5407,0.6742,25.903,1.243,24.473,63.816,6.469,0.0499,0.057
PHB_06739,Severe Disease,3,0.4399,0.7615,0.5704,28.066,1.6224,24.719,66.704,6.359,0.0642,0.0654
PHB_06892,Early Disease,1,0.6543,0.3236,0.7814,25.944,1.2333,27.902,59.496,6.562,0.0458,0.0597
PHB_07944,Moderate Illness,2,0.5657,0.5111,0.7171,27.016,1.2466,26.414,70.73,6.471,0.0402,0.0463
PHB_04207,Healthy,0,0.7262,0.0815,0.8832,24.475,1.1183,23.43,62.665,6.35,0.0253,0.0464
PHB_06372,Healthy,0,0.8194,0.1205,0.8377,25.477,0.9956,23.993,62.476,6.007,0.049,0.0283
PHB_00233,Severe Disease,3,0.3891,0.7535,0.4363,26.406,1.1787,24.346,68.1,6.354,0.0849,0.0846
PHB_08259,Severe Disease,3,0.291,0.753,0.443,27.363,1.4334,22.064,49.29,6.201,0.0555,0.0816
PHB_07562,Early Disease,1,0.6221,0.2599,0.7108,24.955,1.2021,26.631,60.007,6.599,0.0211,0.0444
PHB_06169,Early Disease,1,0.6507,0.2081,0.7732,23.511,1.1667,26.478,67.748,6.025,0.0467,0.0296
PHB_03597,Severe Disease,3,0.3502,0.6563,0.5187,28.036,1.2363,26.004,60.867,6.265,0.0654,0.0802
PHB_06289,Early Disease,1,0.6015,0.2993,0.774,25.406,1.285,25.084,64.729,6.216,0.0399,0.0632
PHB_04633,Early Disease,1,0.6453,0.3205,0.7931,26.439,1.185,25.844,68.887,6.28,0.0322,0.0542
PHB_00126,Early Disease,1,0.6876,0.3704,0.7241,26.615,1.1793,27.771,75.435,6.589,0.0233,0.0471
PHB_07642,Severe Disease,3,0.3118,0.7174,0.4849,27.659,1.4034,22.948,68.911,5.785,0.0475,0.0734
PHB_06230,Early Disease,1,0.6174,0.3126,0.68,25.226,1.2625,26.053,54.9,6.361,0.0437,0.0488
PHB_01297,Healthy,0,0.8311,0.0819,0.9579,24.669,0.8358,28.116,67.829,6.752,0.0195,0.013
PHB_01977,Early Disease,1,0.6761,0.2799,0.806,25.878,1.0645,24.116,70.477,7.161,0.0403,0.0346
PHB_09481,Severe Disease,3,0.3115,0.5964,0.4629,27.58,1.5815,27.303,50.696,6.399,0.0559,0.0811
PHB_09582,Healthy,0,0.8226,0.1662,0.8768,24.55,1.1034,24.37,71.777,6.794,0.0336,0.018
PHB_05751,Healthy,0,0.7601,0.2457,0.8115,23.631,1.3139,26.732,64.119,6.09,0.029,0.0228
PHB_08153,Moderate Illness,2,0.5596,0.4649,0.7469,26.904,1.4303,28.366,73.891,5.915,0.0382,0.057
PHB_03087,Healthy,0,0.9129,0.1358,0.841,25.523,1.1109,25.212,56.922,5.683,0.0191,0.0337
PHB_09277,Severe Disease,3,0.3664,0.7363,0.4258,26.919,1.4303,24.299,51.963,6.179,0.0507,0.054
PHB_06883,Early Disease,1,0.7037,0.3465,0.7571,25.299,1.3376,20.234,65.095,5.972,0.0236,0.0396
PHB_09306,Early Disease,1,0.7239,0.202,0.6306,25.846,1.2719,25.214,68.969,5.987,0.0471,0.0435
PHB_07674,Early Disease,1,0.6631,0.3131,0.7595,24.414,1.0811,22.786,65.877,6.175,0.0226,0.0489
PHB_03346,Moderate Illness,2,0.5466,0.5896,0.5667,26.464,1.2655,27.17,53.966,5.699,0.0404,0.0505
PHB_08173,Moderate Illness,2,0.5746,0.4835,0.6019,26.403,1.3093,25.893,72.618,6.441,0.0467,0.0745
PHB_09422,Healthy,0,0.9258,0.1744,0.8136,23.212,1.1538,23.089,67.73,6.566,0.0256,0.0372
PHB_05871,Moderate Illness,2,0.5259,0.5343,0.5829,27.179,1.4053,26.043,68.187,5.904,0.0571,0.0578
PHB_06507,Severe Disease,3,0.1977,0.6643,0.5149,27.893,1.3003,25.283,66.051,6.439,0.0544,0.0499
PHB_02798,Early Disease,1,0.5856,0.3454,0.6395,25.328,1.3176,25.999,79.276,6.149,0.0265,0.059
PHB_00919,Early Disease,1,0.6267,0.3613,0.7372,25.131,1.9293,25.384,67.782,6.396,0.0406,0.043
PHB_01647,Early Disease,1,0.7271,0.3576,0.7431,24.388,1.2213,23.296,58.101,6.621,0.0504,0.0611
PHB_05123,Early Disease,1,0.672,0.3284,0.7036,26.449,0.901,24.449,65.588,6.069,0.0284,0.0744
PHB_05127,Early Disease,1,0.7473,0.2935,0.7277,26.344,1.2214,27.672,76.255,6.267,0.0327,0.0403
PHB_04622,Severe Disease,3,0.304,0.6398,0.3999,25.35,1.596,27.11,57.965,6.223,0.0538,0.0454
PHB_06810,Severe Disease,3,0.3229,0.703,0.375,27.016,1.2783,22.261,70.229,6.359,0.0524,0.0731
PHB_00365,Moderate Illness,2,0.427,0.5726,0.761,26.848,1.1881,23.069,45.731,6.638,0.05,0.0622
PHB_02126,Early Disease,1,0.6327,0.2811,0.8409,22.786,1.257,29.39,72.818,6.39,0.0416,0.0456
PHB_08151,Moderate Illness,2,0.474,0.5421,0.3985,26.381,1.0751,24.928,65.302,6.066,0.0544,0.0506
PHB_08718,Healthy,0,0.8565,0.2512,0.7091,24.393,1.1838,24.082,59.953,6.457,0.0345,0.0361
PHB_00056,Severe Disease,3,0.3584,0.6185,0.4458,28.034,1.3481,23.641,59.7,6.19,0.0647,0.0586
PHB_00639,Severe Disease,3,0.3229,0.627,0.469,26.762,1.2952,27.032,65.219,6.579,0.0639,0.0813
PHB_00303,Moderate Illness,2,0.5313,0.6325,0.6302,25.601,1.2853,26.836,72.078,5.979,0.0506,0.0514
PHB_05812,Healthy,0,0.8012,0.0883,0.9934,24.648,1.1409,20.777,49.249,6.759,0.0214,0.028
PHB_01277,Healthy,0,0.8136,0.2068,0.7548,23.917,1.2122,25.169,73.243,6.635,0.0348,0.025
PHB_04433,Severe Disease,3,0.3125,0.6916,0.3746,27.232,1.4106,26.822,50.703,5.975,0.0677,0.0604
PHB_03645,Healthy,0,0.7561,0.0573,0.7801,25.442,0.8779,25.687,59.211,6.747,0.0362,0.0259
PHB_04144,Early Disease,1,0.6405,0.382,0.8744,25.527,1.0076,18.493,63.702,5.996,0.052,0.0492
PHB_02879,Moderate Illness,2,0.5212,0.5382,0.5996,26.083,1.2823,26.48,66.567,6.17,0.0382,0.0624
PHB_06494,Healthy,0,0.7654,0.0652,0.889,24.767,1.2968,24.717,64.28,6.45,0.0249,0.0442
PHB_05241,Healthy,0,0.7704,0.1939,0.8049,24.562,1.1134,23.088,65.111,6.633,0.0109,0.0437
PHB_09409,Moderate Illness,2,0.4501,0.4701,0.6091,25.913,1.3271,27.772,62.1,6.333,0.0628,0.0426
PHB_06938,Moderate Illness,2,0.4644,0.4862,0.6711,26.747,1.3148,23.663,66.644,6.343,0.0521,0.0697
PHB_07241,Moderate Illness,2,0.5399,0.6175,0.6331,28.258,1.4288,27.243,64.663,6.555,0.0623,0.0555
PHB_02594,Healthy,0,0.707,0.1951,0.8226,23.667,0.9007,22.124,57.742,6.402,0.0333,0.0564
PHB_02394,Healthy,0,0.812,0.0,0.9309,24.86,1.2013,23.354,67.961,5.989,0.024,0.0262
PHB_00524,Moderate Illness,2,0.5798,0.4223,0.6398,26.23,1.4294,24.412,66.631,6.252,0.0494,0.0369
PHB_06377,Early Disease,1,0.543,0.2499,0.6951,25.83,1.0884,24.391,69.4,6.334,0.0446,0.0505
PHB_06982,Severe Disease,3,0.21,0.7321,0.3489,26.733,1.453,25.987,73.632,6.396,0.0605,0.0656
PHB_06678,Severe Disease,3,0.3407,0.7206,0.4867,28.213,1.4528,30.62,49.919,6.329,0.0583,0.0623
PHB_03901,Healthy,0,0.7376,0.1463,1.0791,23.908,1.1411,26.017,64.025,6.444,0.0414,0.0256
PHB_09635,Moderate Illness,2,0.4953,0.4962,0.493,26.392,1.3342,26.36,53.859,5.851,0.0519,0.0629
PHB_05586,Severe Disease,3,0.3019,0.6714,0.4027,27.878,1.2309,25.739,65.819,6.011,0.0571,0.0759
PHB_09361,Early Disease,1,0.7138,0.313,0.7969,25.22,1.263,23.667,58.358,6.603,0.0425,0.029
PHB_07957,Early Disease,1,0.7374,0.2922,0.7551,24.683,1.2661,24.985,60.915,6.653,0.0396,0.0322
PHB_07571,Moderate Illness,2,0.5237,0.3979,0.5311,26.841,1.2594,28.944,68.118,6.645,0.0469,0.0529
PHB_06778,Moderate Illness,2,0.6235,0.6733,0.5605,26.634,1.1403,25.701,70.446,6.589,0.0465,0.0563
PHB_00672,Moderate Illness,2,0.5177,0.5968,0.6375,25.474,1.4821,28.076,65.773,6.203,0.0415,0.0626
PHB_04189,Healthy,0,0.7749,0.1833,0.9536,24.41,0.9119,22.572,64.699,6.175,0.024,0.025
PHB_00667,Severe Disease,3,0.2843,0.6795,0.5615,28.19,1.5158,27.321,58.401,6.486,0.064,0.07
PHB_03267,Healthy,0,0.9593,0.111,0.88,25.206,1.0875,22.644,54.588,6.421,0.034,0.0189
PHB_01888,Healthy,0,0.8391,0.073,0.9033,24.163,1.0338,24.935,65.546,6.554,0.019,0.0558
PHB_08473,Early Disease,1,0.6771,0.3638,0.7307,25.542,1.1411,22.649,61.13,6.583,0.0226,0.0549
PHB_09092,Moderate Illness,2,0.5112,0.4631,0.503,25.536,1.215,29.887,62.565,6.417,0.0504,0.0493
PHB_07688,Moderate Illness,2,0.4867,0.523,0.6276,26.956,1.2642,25.767,74.978,6.803,0.042,0.0713
PHB_06032,Early Disease,1,0.6179,0.3768,0.6964,24.632,1.2426,25.379,71.077,6.42,0.0245,0.0315
PHB_06091,Healthy,0,0.8783,0.1451,0.8008,25.228,1.1828,23.939,68.915,6.279,0.0366,0.045
PHB_06239,Severe Disease,3,0.2952,0.7365,0.4929,27.805,1.4597,24.221,56.107,6.123,0.0558,0.0733
PHB_07351,Healthy,0,0.7646,0.0678,0.8654,22.949,1.0672,24.975,71.894,6.143,0.019,0.0275
PHB_07831,Severe Disease,3,0.3068,0.7179,0.5469,26.963,1.4028,25.91,64.236,6.199,0.0534,0.0682
PHB_00761,Moderate Illness,2,0.4698,0.4625,0.5998,27.299,1.2448,25.224,45.093,5.85,0.0552,0.0414
PHB_06255,Severe Disease,3,0.3863,0.6927,0.489,27.528,1.4924,27.423,63.792,6.172,0.0392,0.0742
PHB_01907,Early Disease,1,0.681,0.3469,0.6916,25.213,1.0963,27.879,58.916,6.084,0.0272,0.0462
PHB_03819,Moderate Illness,2,0.574,0.6709,0.6192,26.209,1.3666,26.866,68.427,6.394,0.0539,0.0687
PHB_06270,Healthy,0,0.7839,0.1394,0.8093,23.79,1.0794,23.806,62.79,6.69,0.0412,0.029
PHB_04301,Early Disease,1,0.5357,0.3366,0.7893,24.148,1.3783,27.847,72.93,6.708,0.0404,0.042
PHB_05570,Severe Disease,3,0.1984,0.7056,0.4088,28.11,1.7086,25.025,59.201,6.267,0.0649,0.0739
PHB_07942,Early Disease,1,0.7694,0.3313,0.8867,25.438,1.2719,26.974,62.038,6.52,0.0282,0.04
PHB_04165,Moderate Illness,2,0.5234,0.5025,0.5627,25.857,1.1309,25.27,49.69,6.201,0.0608,0.0634
PHB_05972,Healthy,0,0.7662,0.1371,0.8172,23.013,1.164,25.097,54.38,6.286,0.0119,0.043
PHB_03580,Healthy,0,0.7918,0.1711,0.8794,24.988,1.0738,23.194,60.941,6.753,0.033,0.0445
PHB_02833,Early Disease,1,0.6036,0.3081,0.7414,25.007,1.2666,23.284,56.103,5.99,0.0268,0.0467
PHB_05450,Early Disease,1,0.6396,0.2326,0.6879,26.523,1.1253,26.304,75.375,6.65,0.0438,0.052
PHB_03473,Moderate Illness,2,0.4175,0.5689,0.5278,25.968,1.2401,21.417,62.015,6.291,0.055,0.0561
PHB_06328,Moderate Illness,2,0.503,0.4489,0.6875,25.91,1.4656,27.017,75.965,6.55,0.0524,0.0678
PHB_00138,Early Disease,1,0.6435,0.3409,0.7354,24.858,1.0978,30.008,65.556,6.331,0.0318,0.0344
PHB_07044,Healthy,0,0.8386,0.1052,0.8537,25.076,0.9442,28.258,68.411,6.025,0.0041,0.032
PHB_04893,Early Disease,1,0.6594,0.347,0.7557,25.216,1.3634,23.348,64.303,6.308,0.0585,0.052
PHB_02181,Severe Disease,3,0.3897,0.7372,0.305,26.933,1.5385,25.516,43.992,6.209,0.0617,0.0759
PHB_07731,Moderate Illness,2,0.6577,0.5476,0.6751,25.237,1.3027,23.636,72.582,6.161,0.0417,0.0471
PHB_03178,Early Disease,1,0.7023,0.2223,0.7296,25.658,1.134,25.15,68.397,6.778,0.0459,0.0464
PHB_04855,Healthy,0,0.8421,0.214,0.9281,25.668,1.1658,25.448,73.469,6.541,0.0142,0.0287
PHB_04638,Moderate Illness,2,0.5178,0.5267,0.6978,25.753,1.3059,25.084,61.172,6.11,0.0482,0.0511
PHB_05116,Severe Disease,3,0.2394,0.6486,0.4532,27.967,1.3867,23.286,52.002,6.232,0.0699,0.0622
PHB_07649,Early Disease,1,0.5403,0.3796,0.8907,25.103,1.2785,21.734,64.664,6.277,0.0479,0.0612
PHB_04262,Severe Disease,3,0.4045,0.651,0.4425,28.505,1.2766,25.529,64.428,6.051,0.0629,0.0791
PHB_01332,Early Disease,1,0.6856,0.3055,0.7196,25.839,1.2052,20.938,67.291,6.131,0.0508,0.0331
PHB_07003,Moderate Illness,2,0.4307,0.6815,0.4721,26.837,1.4845,24.653,63.239,6.137,0.0457,0.0485
PHB_06942,Early Disease,1,0.6551,0.3734,0.7084,26.278,1.1985,26.812,61.834,6.314,0.0385,0.045
PHB_08018,Moderate Illness,2,0.3836,0.5456,0.5892,26.194,1.5157,28.579,68.594,6.344,0.0429,0.0626
PHB_06242,Healthy,0,0.7129,0.0695,0.8525,23.174,1.281,23.43,71.332,6.275,0.0103,0.0372
PHB_09988,Severe Disease,3,0.3577,0.7127,0.3844,26.893,1.3371,26.316,60.368,6.235,0.0592,0.0706
PHB_06882,Moderate Illness,2,0.5008,0.4513,0.6649,28.082,1.2612,26.215,70.22,6.366,0.0334,0.0839
PHB_04531,Severe Disease,3,0.3593,0.6743,0.447,28.419,1.3791,20.038,76.017,6.514,0.0618,0.0829
PHB_04674,Early Disease,1,0.5607,0.2422,0.6517,24.594,1.259,25.916,66.197,6.236,0.0065,0.0324
PHB_06997,Moderate Illness,2,0.4247,0.5868,0.5546,28.06,1.3775,26.884,53.929,6.534,0.0767,0.0577
PHB_01253,Healthy,0,0.8379,0.1327,0.881,23.413,1.0495,28.054,84.314,6.003,0.0247,0.0162
PHB_03375,Moderate Illness,2,0.4821,0.4982,0.5627,26.674,1.3042,26.328,70.108,6.551,0.0513,0.0554
PHB_02815,Healthy,0,0.9112,0.1187,0.8156,24.54,1.0454,23.931,60.736,6.553,0.0322,0.0492
PHB_04720,Healthy,0,0.8139,0.1312,0.8179,26.343,1.0538,25.925,60.093,6.779,0.0449,0.0404
PHB_06545,Early Disease,1,0.6947,0.4187,0.76,25.847,1.1285,25.159,65.564,6.63,0.0392,0.0464
PHB_04859,Healthy,0,0.9222,0.1049,0.9488,24.138,1.0808,24.516,63.402,6.243,0.0248,0.0492
PHB_07902,Moderate Illness,2,0.5019,0.5304,0.6056,26.183,1.1755,24.526,63.163,6.63,0.0456,0.0656
PHB_08581,Moderate Illness,2,0.5071,0.5359,0.608,27.968,1.275,21.804,50.643,6.138,0.0457,0.0603
PHB_08428,Healthy,0,0.8846,0.0875,0.9374,24.251,0.824,27.274,71.803,5.997,0.0175,0.0522
PHB_01078,Early Disease,1,0.56,0.3173,0.6802,25.082,1.138,25.296,78.153,6.537,0.0452,0.0429
PHB_04364,Severe Disease,3,0.2848,0.8786,0.393,26.997,1.5559,23.45,59.48,5.998,0.0444,0.0683
PHB_00771,Healthy,0,0.8055,0.1294,0.9218,24.365,1.2038,24.585,58.073,6.064,0.026,0.0453
PHB_08866,Early Disease,1,0.7596,0.3662,0.7951,24.752,1.1849,24.054,67.44,6.625,0.0522,0.0342
PHB_00250,Early Disease,1,0.6067,0.3852,0.6327,23.907,1.067,21.973,60.697,6.216,0.038,0.0542
PHB_07240,Severe Disease,3,0.4478,0.7479,0.3028,27.644,1.4042,25.276,56.675,6.133,0.0604,0.0556
PHB_03420,Severe Disease,3,0.297,0.7375,0.5478,26.02,1.4155,22.017,60.936,5.657,0.0548,0.0666
PHB_04977,Early Disease,1,0.7045,0.2367,0.6588,25.434,1.2209,25.458,66.279,6.385,0.0487,0.061
PHB_04545,Early Disease,1,0.6421,0.2574,0.8554,26.578,1.1899,28.427,65.955,6.434,0.045,0.0343
PHB_05566,Healthy,0,0.916,0.2039,0.725,24.299,1.2171,28.74,72.03,6.17,0.0252,0.0276
PHB_07940,Moderate Illness,2,0.4774,0.5514,0.6595,25.485,1.377,24.302,76.265,6.109,0.0483,0.0622
PHB_00717,Moderate Illness,2,0.6071,0.6242,0.593,27.716,1.3049,25.724,49.434,6.172,0.0439,0.0694
PHB_09653,Healthy,0,0.8374,0.131,0.9902,24.32,1.07,26.575,67.104,6.575,0.0322,0.0182
PHB_02049,Healthy,0,0.8808,0.1179,0.8153,24.567,1.1675,24.617,69.469,6.411,0.035,0.0414
PHB_05998,Severe Disease,3,0.3076,0.6538,0.3797,28.15,1.5157,23.975,62.355,6.43,0.0647,0.0764
PHB_06601,Healthy,0,0.9199,0.1068,0.9289,23.316,1.0903,24.643,58.876,6.53,0.0158,0.0402
PHB_07246,Severe Disease,3,0.401,0.6487,0.4243,28.677,2.0,25.26,58.971,6.369,0.0762,0.0739
PHB_04179,Moderate Illness,2,0.4166,0.482,0.4837,27.924,1.3677,25.454,61.143,6.742,0.0504,0.0557
PHB_04810,Moderate Illness,2,0.4681,0.5583,0.648,27.476,1.4255,19.818,65.923,6.238,0.0562,0.0573
PHB_09483,Severe Disease,3,0.4402,0.7023,0.4338,28.832,1.3385,25.0,54.221,6.033,0.0532,0.0689
PHB_07141,Early Disease,1,0.6732,0.3,0.7679,24.31,1.1835,26.323,65.668,6.281,0.033,0.0594
PHB_07191,Moderate Illness,2,0.591,0.4012,0.6612,25.889,1.273,26.888,62.496,6.399,0.057,0.0621
PHB_01461,Severe Disease,3,0.2813,0.7418,0.3997,27.171,1.4965,25.097,67.512,6.284,0.0594,0.0615
PHB_05990,Early Disease,1,0.7045,0.3598,0.7711,26.142,1.4218,27.289,67.627,6.602,0.0273,0.0537
PHB_02001,Severe Disease,3,0.3199,0.6805,0.3364,29.193,1.5773,24.229,65.679,6.114,0.0607,0.0684
PHB_08176,Severe Disease,3,0.4529,0.7797,0.5294,28.64,1.3395,22.01,73.034,6.519,0.0797,0.0712
PHB_00405,Severe Disease,3,0.2725,0.8769,0.4367,28.237,1.7775,23.737,69.063,6.552,0.0719,0.0754
PHB_00385,Early Disease,1,0.6818,0.4314,0.7986,25.512,1.2232,25.476,66.776,6.508,0.0204,0.034
PHB_09449,Healthy,0,0.7786,0.0962,0.8726,24.765,1.2018,26.983,64.117,5.853,0.0285,0.057
PHB_09488,Moderate Illness,2,0.5551,0.4776,0.5405,26.115,1.4283,26.745,51.816,6.333,0.0466,0.0475
PHB_01634,Moderate Illness,2,0.4975,0.5468,0.5218,26.852,1.3189,26.574,73.267,6.082,0.0403,0.0385
PHB_09854,Healthy,0,0.8815,0.19,0.8825,25.038,0.8311,30.428,85.061,6.074,0.0156,0.0113
PHB_04785,Severe Disease,3,0.3391,0.7234,0.4965,27.324,1.4197,24.828,62.912,6.137,0.0729,0.0589
PHB_09457,Healthy,0,0.8037,0.1469,0.8365,24.797,0.8604,20.44,78.422,6.753,0.0305,0.027
PHB_06971,Severe Disease,3,0.4051,0.7908,0.4612,27.029,1.1151,25.356,58.768,6.393,0.0741,0.0584
PHB_03926,Moderate Illness,2,0.5847,0.4776,0.5811,27.196,1.2407,23.209,57.556,6.317,0.0574,0.0394
PHB_04159,Early Disease,1,0.6092,0.2918,0.7696,24.678,1.3672,24.676,59.136,6.506,0.0367,0.0578
PHB_07450,Early Disease,1,0.6901,0.3481,0.7527,26.518,1.16,27.188,75.908,6.301,0.0372,0.0343
PHB_08416,Severe Disease,3,0.3252,0.6775,0.3979,26.644,1.3592,25.456,53.725,6.14,0.0645,0.0754
PHB_02194,Healthy,0,0.902,0.0,0.8908,25.958,1.0634,29.207,76.433,6.614,0.0179,0.0504
PHB_01016,Healthy,0,0.8949,0.1655,0.8695,24.087,0.9479,28.383,58.112,6.684,0.0193,0.0157
PHB_05125,Moderate Illness,2,0.4936,0.5668,0.4863,27.556,1.2241,25.152,62.23,6.159,0.0442,0.0706
PHB_07419,Early Disease,1,0.6671,0.3084,0.7251,26.013,1.2031,26.874,74.643,6.544,0.0234,0.0664
PHB_07410,Healthy,0,0.8,0.1348,0.7592,24.942,1.0519,22.619,70.548,6.485,0.0172,0.0291
PHB_08990,Early Disease,1,0.5712,0.3623,0.8013,25.269,1.0694,21.603,59.788,6.736,0.0408,0.0671
PHB_02872,Early Disease,1,0.6658,0.3574,0.6417,25.972,1.0778,28.543,64.911,6.496,0.0322,0.051
PHB_00010,Early Disease,1,0.5758,0.2423,0.598,25.226,1.1601,24.837,62.115,6.359,0.0314,0.049
PHB_01839,Severe Disease,3,0.2666,0.7951,0.4408,26.037,1.4255,22.678,68.972,6.174,0.0416,0.0906
PHB_04805,Severe Disease,3,0.249,0.6501,0.4724,27.658,1.2264,23.848,67.055,5.657,0.0647,0.0805
PHB_00256,Moderate Illness,2,0.583,0.5179,0.5938,24.81,1.3428,24.873,71.369,6.257,0.0391,0.0598
PHB_07027,Moderate Illness,2,0.5107,0.4792,0.5334,27.359,1.2244,24.896,58.517,5.987,0.0422,0.0657
PHB_05714,Moderate Illness,2,0.5964,0.442,0.6852,27.394,1.2838,23.873,70.786,6.422,0.054,0.0718
PHB_03325,Moderate Illness,2,0.5439,0.595,0.6341,25.243,1.3848,25.433,63.458,6.29,0.0442,0.0537
PHB_07715,Early Disease,1,0.6771,0.3879,0.713,23.823,1.3025,23.427,60.355,6.347,0.0422,0.0392
PHB_01582,Early Disease,1,0.6205,0.2506,0.7991,25.271,1.0128,25.912,55.894,6.428,0.0139,0.0337
PHB_00925,Healthy,0,0.8995,0.1366,0.8883,25.395,1.214,25.576,67.024,6.739,0.023,0.0305
PHB_02780,Healthy,0,0.7943,0.0935,0.8631,25.202,1.2128,24.065,53.118,6.518,0.0367,0.0343
PHB_07892,Severe Disease,3,0.3936,0.7615,0.419,26.239,1.3677,23.085,51.531,6.026,0.0465,0.0663
PHB_06133,Moderate Illness,2,0.5107,0.5352,0.6909,25.788,1.1352,25.932,61.847,6.766,0.0494,0.0603
PHB_05321,Healthy,0,0.8083,0.1572,0.8748,24.86,1.2443,23.519,70.858,6.491,0.0213,0.0297
PHB_07313,Early Disease,1,0.7277,0.3369,0.6367,26.534,1.4222,23.387,64.306,6.609,0.0351,0.055
PHB_07103,Moderate Illness,2,0.5402,0.4258,0.5835,25.916,1.3145,28.897,53.346,6.0,0.0505,0.0715
PHB_06043,Severe Disease,3,0.3614,0.7163,0.4862,25.783,1.5806,25.856,61.209,5.998,0.051,0.0919
PHB_03776,Early Disease,1,0.7007,0.2835,0.7096,24.628,1.0478,23.89,71.232,6.508,0.0384,0.0271
PHB_04836,Severe Disease,3,0.358,0.7539,0.3905,27.564,1.5316,24.013,63.21,5.994,0.0686,0.0747
PHB_04965,Healthy,0,0.9309,0.1786,0.8921,23.66,1.2999,26.375,71.615,6.439,0.0313,0.0227
PHB_00540,Severe Disease,3,0.2851,0.8316,0.4315,26.288,1.4406,24.225,49.274,6.278,0.0715,0.0751
PHB_07484,Severe Disease,3,0.3037,0.758,0.5214,28.966,1.5851,23.359,63.98,6.458,0.0674,0.0709
PHB_02746,Severe Disease,3,0.3053,0.7914,0.4973,27.427,1.2701,26.304,69.309,5.998,0.0621,0.0636
PHB_03720,Early Disease,1,0.6775,0.3207,0.657,24.892,1.3409,25.272,49.038,6.161,0.0397,0.0509
PHB_06820,Severe Disease,3,0.384,0.7885,0.5743,28.72,1.4509,26.292,58.696,6.1,0.0575,0.0625
PHB_09338,Moderate Illness,2,0.3794,0.5607,0.491,27.406,1.3688,22.711,58.937,6.087,0.0285,0.0722
PHB_04469,Severe Disease,3,0.3464,0.7533,0.3952,27.092,1.3671,20.902,51.765,6.191,0.0478,0.0746
PHB_00668,Severe Disease,3,0.2773,0.8803,0.4443,27.38,1.3088,25.02,66.183,6.228,0.0677,0.0637
PHB_07576,Severe Disease,3,0.3319,0.6461,0.4215,26.978,1.4561,24.96,57.43,5.634,0.0605,0.0797
PHB_08550,Moderate Illness,2,0.443,0.4614,0.5566,25.165,1.4372,22.075,71.393,5.875,0.0506,0.0532
PHB_05064,Healthy,0,0.9317,0.1542,0.9913,25.152,1.3089,28.209,78.347,6.522,0.034,0.0253
PHB_01354,Early Disease,1,0.6205,0.2972,0.7651,26.203,1.2037,25.501,71.808,6.646,0.0364,0.0605
PHB_07115,Severe Disease,3,0.3086,0.6761,0.488,26.658,1.4037,27.386,62.956,6.449,0.0534,0.066
PHB_09774,Moderate Illness,2,0.5461,0.5608,0.6544,26.332,1.3484,23.962,53.337,5.838,0.0484,0.0622
PHB_08663,Severe Disease,3,0.3203,0.7536,0.3854,27.09,1.4256,20.435,69.966,6.36,0.0524,0.0819
PHB_02704,Severe Disease,3,0.3233,0.6977,0.503,26.523,1.3284,23.967,71.27,5.822,0.0555,0.0838
PHB_03331,Severe Disease,3,0.3601,0.7241,0.3933,27.658,1.42,27.346,66.764,6.27,0.0571,0.0788
PHB_08054,Moderate Illness,2,0.4332,0.6911,0.6152,25.341,1.4436,28.011,67.648,5.761,0.053,0.0801
PHB_03585,Severe Disease,3,0.2582,0.852,0.458,26.624,1.4836,25.011,68.704,6.127,0.0651,0.078
PHB_09442,Severe Disease,3,0.2632,0.6811,0.5111,27.021,1.4164,23.594,60.416,6.585,0.0565,0.0773
PHB_05646,Healthy,0,0.8458,0.1621,0.9699,25.626,1.1594,24.526,66.318,6.506,0.0338,0.0415
PHB_03377,Healthy,0,0.8758,0.1841,0.9236,26.235,1.0172,23.484,72.051,6.447,0.0474,0.0466
PHB_01257,Severe Disease,3,0.3292,0.8135,0.5678,27.223,1.4506,23.538,63.26,6.411,0.084,0.0723
PHB_06191,Severe Disease,3,0.2994,0.6399,0.4983,27.866,1.3135,23.886,62.664,5.979,0.0631,0.0551
PHB_05349,Moderate Illness,2,0.5556,0.5314,0.5986,25.739,1.2529,24.647,61.961,6.097,0.0566,0.067
PHB_04176,Moderate Illness,2,0.4221,0.4651,0.4758,26.393,1.2078,22.312,63.191,6.202,0.04,0.0422
PHB_04911,Healthy,0,0.781,0.062,0.8697,25.131,1.0984,23.342,74.701,6.568,0.0441,0.0206
PHB_01853,Moderate Illness,2,0.4897,0.5239,0.6119,27.13,1.2904,25.925,63.317,6.067,0.0468,0.052
PHB_06317,Moderate Illness,2,0.4955,0.5007,0.5893,26.006,1.1336,26.636,72.386,6.192,0.0425,0.0642
PHB_09855,Healthy,0,0.8825,0.0543,0.879,23.153,0.9356,25.138,62.254,6.142,0.04,0.0404
PHB_02106,Moderate Illness,2,0.5565,0.559,0.7116,26.109,1.2479,27.417,72.969,6.317,0.0498,0.0482
PHB_00134,Early Disease,1,0.7082,0.3586,0.6619,26.816,1.1239,22.132,67.927,6.509,0.0371,0.0597
PHB_05030,Healthy,0,0.7625,0.0789,0.8215,24.16,1.2136,20.62,70.209,6.54,0.0275,0.0314
PHB_00929,Moderate Illness,2,0.5051,0.5378,0.5095,27.129,1.2403,26.127,62.817,6.081,0.0496,0.0598
PHB_00824,Moderate Illness,2,0.5646,0.4353,0.6368,28.222,1.1696,22.473,51.314,6.41,0.0354,0.0487
PHB_07577,Severe Disease,3,0.3193,0.6511,0.4108,28.878,1.4737,28.412,58.325,6.634,0.0529,0.0621
PHB_01532,Healthy,0,0.8511,0.0698,0.9033,25.32,1.126,26.236,70.097,6.808,0.0169,0.0357
PHB_01215,Early Disease,1,0.6316,0.1922,0.8223,25.382,1.2019,27.677,67.413,6.484,0.0371,0.0397
PHB_00505,Moderate Illness,2,0.584,0.5742,0.6649,26.82,1.3179,22.639,70.807,6.219,0.0459,0.0312
PHB_06531,Early Disease,1,0.7181,0.3089,0.671,25.575,1.1259,28.139,54.397,6.299,0.0472,0.0639
PHB_03073,Severe Disease,3,0.3914,0.6375,0.5649,26.516,1.2582,21.021,67.362,6.165,0.0699,0.0932
PHB_09087,Early Disease,1,0.6207,0.307,0.6012,25.13,1.3811,22.649,63.025,6.215,0.051,0.0523
PHB_08648,Healthy,0,0.8929,0.0339,0.856,25.376,1.0392,25.443,68.723,6.205,0.0357,0.0534
PHB_06620,Early Disease,1,0.5351,0.2824,0.6874,25.783,1.3405,25.59,76.843,6.899,0.0276,0.0446
PHB_09274,Moderate Illness,2,0.4993,0.5021,0.6771,26.704,1.3111,24.953,58.739,6.292,0.0491,0.0646
PHB_03710,Moderate Illness,2,0.4472,0.5569,0.5822,26.121,1.063,23.468,78.807,6.084,0.0484,0.0634
PHB_04850,Severe Disease,3,0.2601,0.6622,0.4111,26.94,1.3245,25.949,65.715,6.699,0.0613,0.0688
PHB_04749,Severe Disease,3,0.3003,0.8089,0.4828,27.54,1.284,23.937,69.695,6.212,0.0618,0.0735
PHB_04269,Severe Disease,3,0.3889,0.7838,0.3237,27.843,1.6083,22.568,64.628,5.817,0.067,0.0885
PHB_09879,Healthy,0,0.8392,0.1715,0.9056,24.676,1.1309,22.513,58.342,6.538,0.014,0.0229
PHB_08906,Healthy,0,0.9519,0.1574,0.9109,24.524,1.2078,23.419,85.892,5.901,0.0264,0.0392
PHB_04187,Healthy,0,0.8215,0.0663,0.832,25.958,1.2456,26.806,66.839,5.988,0.0334,0.0531
PHB_05302,Moderate Illness,2,0.4672,0.453,0.5233,26.268,1.249,26.062,59.395,6.555,0.0612,0.0707
PHB_02924,Moderate Illness,2,0.4338,0.5605,0.526,25.511,1.2194,24.507,72.313,6.608,0.0579,0.0635
PHB_06589,Severe Disease,3,0.3799,0.7577,0.5595,25.88,1.3222,23.478,72.043,6.431,0.0594,0.0877
PHB_01811,Healthy,0,0.7954,0.1762,0.8527,27.793,1.2626,24.596,61.615,6.103,0.0233,0.051
PHB_03487,Moderate Illness,2,0.4414,0.5504,0.5806,25.358,1.4368,27.378,59.964,6.249,0.0348,0.0586
PHB_07420,Healthy,0,0.8558,0.0297,0.9013,24.097,1.1187,27.566,77.841,6.436,0.0035,0.0395
PHB_03142,Healthy,0,0.7615,0.0895,0.9474,24.409,1.0862,26.217,66.951,6.312,0.0178,0.0375
PHB_09348,Severe Disease,3,0.2805,0.7534,0.5456,27.559,1.3384,23.405,61.427,6.178,0.0635,0.0727
PHB_01325,Early Disease,1,0.5499,0.4022,0.7747,24.6,1.1948,19.722,65.47,6.489,0.0314,0.0511
PHB_04313,Early Disease,1,0.5983,0.3027,0.8086,26.878,1.241,28.428,58.264,6.225,0.0266,0.0423
PHB_07495,Severe Disease,3,0.342,0.6401,0.5618,26.36,1.3984,24.962,59.446,6.41,0.0549,0.0675
PHB_08703,Healthy,0,1.2,0.317,0.8879,23.141,1.287,26.682,65.952,6.766,0.0256,0.0224
PHB_08692,Early Disease,1,0.698,0.3545,0.764,25.903,1.3778,24.32,68.033,6.154,0.0327,0.0594
PHB_09504,Healthy,0,0.7884,0.0574,0.842,24.95,1.0846,25.434,70.314,6.703,0.0323,0.0302
PHB_05542,Moderate Illness,2,0.5568,0.5208,0.5979,27.755,1.5232,28.416,69.344,6.509,0.0428,0.0766
PHB_06173,Early Disease,1,0.7087,0.3296,0.6443,24.968,1.2447,24.419,87.436,6.454,0.0266,0.0502
PHB_01541,Severe Disease,3,0.3745,0.7456,0.5113,26.675,1.5739,24.079,81.101,6.097,0.0511,0.0614
PHB_09410,Moderate Illness,2,0.5066,0.4117,0.6435,26.67,1.3967,26.196,54.924,6.25,0.044,0.0471
PHB_02682,Severe Disease,3,0.287,0.6453,0.4396,27.565,1.2814,25.921,58.581,6.031,0.039,0.0792
PHB_09883,Moderate Illness,2,0.573,0.583,0.5958,27.624,1.2347,28.515,67.921,6.357,0.0587,0.0495
PHB_06314,Healthy,0,0.913,0.1627,0.8169,23.877,0.8696,23.603,65.843,6.401,0.0456,0.0434
PHB_01192,Early Disease,1,0.5328,0.3049,0.7951,25.761,1.1472,28.483,60.548,6.227,0.0268,0.051
PHB_05294,Moderate Illness,2,0.4252,0.6252,0.5797,27.222,1.2807,24.429,72.419,5.763,0.0229,0.0467
PHB_01543,Early Disease,1,0.669,0.3665,0.7209,25.73,1.2072,24.985,64.974,6.175,0.0368,0.0321
PHB_07057,Severe Disease,3,0.3881,0.6615,0.5953,27.698,1.5381,25.09,64.961,6.608,0.0681,0.0554
PHB_02540,Moderate Illness,2,0.4665,0.5161,0.5259,25.941,1.2798,22.867,63.709,6.16,0.0612,0.0541
PHB_00954,Healthy,0,0.8575,0.1343,0.9505,23.491,1.1972,23.746,60.761,6.166,0.0278,0.0368
PHB_07242,Early Disease,1,0.6632,0.2668,0.6304,25.23,1.2681,25.95,59.599,6.64,0.0413,0.0393
PHB_06732,Moderate Illness,2,0.4875,0.5483,0.6887,26.366,1.2629,22.493,58.326,6.411,0.0474,0.0532
PHB_04847,Healthy,0,0.7752,0.1733,0.8236,24.648,0.9807,24.742,59.795,6.648,0.0255,0.0256
PHB_06802,Moderate Illness,2,0.6362,0.5274,0.6408,25.286,1.3529,26.031,66.845,6.51,0.0478,0.06
PHB_08011,Severe Disease,3,0.3406,0.6899,0.4708,26.389,1.4211,24.829,68.992,6.078,0.0599,0.078
PHB_04331,Healthy,0,0.7205,0.1126,0.9288,24.711,1.0987,27.82,75.248,6.879,0.0262,0.0461
PHB_08925,Early Disease,1,0.6604,0.2865,0.6797,26.352,1.3601,26.615,62.565,6.202,0.0265,0.0283
PHB_05335,Early Disease,1,0.7391,0.3899,0.6874,23.719,1.1998,27.223,58.879,6.384,0.0374,0.0627
PHB_07331,Healthy,0,0.8752,0.1209,0.9785,23.784,1.2089,23.483,63.752,6.609,0.0302,0.03
PHB_09349,Moderate Illness,2,0.5292,0.5399,0.5076,25.944,1.3099,19.325,57.266,6.475,0.0415,0.0663
PHB_04730,Early Disease,1,0.5947,0.2597,0.7111,25.461,1.2773,25.18,83.435,6.576,0.0342,0.0469
PHB_06542,Healthy,0,0.8152,0.0736,0.7351,25.756,1.0912,26.927,58.959,6.217,0.0258,0.042
PHB_05306,Moderate Illness,2,0.5602,0.5117,0.5598,25.187,1.3473,24.873,68.588,6.213,0.0584,0.0585
PHB_05162,Severe Disease,3,0.4618,0.7129,0.4129,27.571,1.324,25.607,52.06,6.365,0.0563,0.0665
PHB_07861,Moderate Illness,2,0.4386,0.4794,0.5842,26.026,1.3408,26.07,64.583,6.484,0.0578,0.0393
PHB_02157,Healthy,0,0.9779,0.1871,0.8467,24.295,0.9637,21.706,66.498,6.635,0.0253,0.0347
PHB_01063,Early Disease,1,0.5897,0.3656,0.6893,26.507,1.1132,24.412,64.027,6.707,0.0394,0.0371
PHB_01168,Moderate Illness,2,0.4853,0.4965,0.7464,26.957,1.2661,28.085,66.286,6.091,0.0464,0.0708
PHB_03637,Severe Disease,3,0.2483,0.6682,0.4829,27.826,1.3219,25.409,64.424,6.345,0.0775,0.0795
PHB_07652,Healthy,0,0.7418,0.0973,0.9228,24.221,0.8531,24.603,65.051,6.387,0.0207,0.0346
PHB_05589,Early Disease,1,0.6353,0.3017,0.7586,24.197,1.2988,22.083,65.915,6.475,0.0331,0.0168
PHB_07193,Moderate Illness,2,0.5238,0.4916,0.626,26.567,1.3762,22.47,59.042,5.837,0.047,0.046
PHB_04492,Severe Disease,3,0.3566,0.7426,0.3803,28.871,1.2828,20.936,69.373,6.027,0.0557,0.0581
PHB_07267,Early Disease,1,0.6312,0.2769,0.7853,26.123,1.1187,26.638,61.776,6.484,0.0287,0.0506
PHB_04981,Severe Disease,3,0.2527,0.7853,0.4525,27.158,1.2479,24.426,72.311,6.08,0.0705,0.0706
PHB_08336,Moderate Illness,2,0.4784,0.5712,0.586,27.328,1.2073,24.734,61.369,6.59,0.0583,0.0677
PHB_09953,Severe Disease,3,0.2525,0.6763,0.4593,27.639,1.5533,24.683,66.617,6.078,0.0629,0.0802
PHB_04947,Moderate Illness,2,0.5256,0.5185,0.6389,26.047,1.3392,23.788,60.262,6.5,0.0375,0.0538
PHB_02783,Moderate Illness,2,0.4573,0.5229,0.4975,26.858,1.414,25.295,61.628,6.121,0.0654,0.0405
PHB_00718,Healthy,0,0.8389,0.1786,0.8904,24.092,1.2343,26.276,73.203,6.563,0.0169,0.0447
PHB_02503,Severe Disease,3,0.3888,0.7093,0.2773,26.222,1.2955,24.83,64.435,6.565,0.058,0.0773
PHB_04361,Healthy,0,0.7671,0.0561,0.9173,24.602,1.2259,20.091,71.885,7.061,0.0201,0.0475
PHB_04172,Moderate Illness,2,0.5123,0.5006,0.7768,26.682,1.3458,23.395,63.573,6.352,0.0475,0.0527
PHB_08083,Healthy,0,0.8642,0.0231,0.9565,24.073,0.998,27.521,66.882,6.132,0.0215,0.0276
PHB_09761,Severe Disease,3,0.3442,0.7271,0.4189,27.362,1.3378,23.92,56.963,6.338,0.0582,0.079
PHB_00396,Early Disease,1,0.6818,0.3759,0.6506,24.385,1.4033,25.714,66.682,6.463,0.0418,0.0465
PHB_07187,Early Disease,1,0.5976,0.2895,0.8155,24.909,1.1785,27.864,75.82,6.241,0.0427,0.0676
PHB_09823,Moderate Illness,2,0.5711,0.584,0.6733,27.118,1.2948,24.152,63.375,5.875,0.0546,0.0665
PHB_04493,Severe Disease,3,0.4322,0.6802,0.3997,27.142,1.3463,22.143,59.967,5.957,0.0853,0.095
PHB_01366,Moderate Illness,2,0.4628,0.4373,0.5968,26.713,1.48,21.458,66.999,6.36,0.0394,0.0672
PHB_09527,Moderate Illness,2,0.5046,0.5191,0.5176,25.973,1.3426,25.421,64.07,6.054,0.0435,0.0564
PHB_08788,Moderate Illness,2,0.5967,0.5905,0.6958,26.452,1.2242,27.311,62.086,6.233,0.0455,0.0404
PHB_05918,Severe Disease,3,0.3341,0.5909,0.381,26.703,1.389,22.278,71.079,5.861,0.0588,0.0862
PHB_04969,Healthy,0,0.8337,0.1231,0.8371,24.78,1.1016,26.72,74.581,6.429,0.01,0.0302
PHB_02915,Early Disease,1,0.6561,0.2415,0.7885,25.419,0.9648,21.852,57.262,6.38,0.0356,0.0342
PHB_05645,Moderate Illness,2,0.4701,0.4764,0.6302,26.846,1.5059,25.877,65.33,6.389,0.0568,0.0695
PHB_03767,Moderate Illness,2,0.5789,0.5318,0.6229,24.781,1.1325,26.929,62.403,6.325,0.0561,0.0487
PHB_03441,Early Disease,1,0.589,0.2569,0.706,25.425,1.3064,25.211,77.06,6.044,0.0502,0.0461
PHB_07358,Healthy,0,0.7916,0.1533,0.9256,23.566,0.9671,24.791,73.752,6.411,0.0251,0.0355
PHB_06807,Moderate Illness,2,0.565,0.5326,0.5885,26.723,1.2891,25.177,72.576,6.224,0.0396,0.0633
PHB_02144,Severe Disease,3,0.2508,0.7151,0.4546,28.091,1.4249,23.256,69.978,6.519,0.0634,0.0761
PHB_05105,Severe Disease,3,0.2789,0.6811,0.4164,27.203,1.3241,26.699,67.79,6.017,0.0586,0.0703
PHB_05074,Moderate Illness,2,0.3893,0.5282,0.663,25.76,1.467,22.175,64.98,6.257,0.0427,0.0489
PHB_01572,Moderate Illness,2,0.4267,0.5499,0.7106,26.603,1.2581,23.779,61.365,6.222,0.0479,0.0676
PHB_04080,Early Disease,1,0.6227,0.3066,0.7459,23.081,1.0816,23.363,75.632,5.997,0.0287,0.0654
PHB_01123,Severe Disease,3,0.3121,0.7146,0.5676,27.164,1.6666,24.448,62.544,6.059,0.0517,0.061
PHB_02787,Moderate Illness,2,0.5592,0.4606,0.5499,26.792,1.4155,21.599,75.073,6.622,0.0618,0.0555
PHB_02968,Early Disease,1,0.7423,0.3069,0.7782,26.469,0.9198,28.537,68.482,6.538,0.0317,0.0569
PHB_02505,Early Disease,1,0.7052,0.29,0.7804,24.957,1.3417,22.98,64.709,6.177,0.0322,0.033
PHB_05989,Severe Disease,3,0.377,0.6606,0.5076,26.842,1.4593,22.615,63.251,6.599,0.0523,0.0669
PHB_08868,Early Disease,1,0.7106,0.318,0.6626,27.184,1.2701,23.8,62.813,6.306,0.0479,0.0451
PHB_07165,Severe Disease,3,0.335,0.7598,0.4788,27.81,1.2888,24.36,62.404,6.369,0.0639,0.074
PHB_00729,Early Disease,1,0.6688,0.3526,0.8014,26.136,1.0795,20.359,60.176,6.173,0.0259,0.0427
PHB_07588,Severe Disease,3,0.3132,0.7664,0.4719,26.603,1.7062,26.031,58.217,6.337,0.0757,0.0664
PHB_07544,Severe Disease,3,0.3643,0.7203,0.4914,27.611,1.4803,26.894,56.837,6.368,0.0686,0.0785
PHB_00413,Healthy,0,0.7896,0.1456,0.755,24.557,1.0603,23.729,62.898,6.605,0.0258,0.0428
PHB_05746,Healthy,0,0.7193,0.1177,0.7722,24.86,1.0282,27.193,60.795,6.26,0.0323,0.0186
PHB_07669,Moderate Illness,2,0.4727,0.4171,0.5458,26.518,1.3813,22.342,62.535,5.947,0.068,0.0721
PHB_00826,Healthy,0,0.7753,0.1333,0.9453,24.673,1.3081,24.143,62.744,6.496,0.0362,0.04
PHB_03268,Severe Disease,3,0.2533,0.6673,0.4492,27.001,1.2819,26.089,48.264,6.357,0.0569,0.0698
PHB_03975,Healthy,0,0.8273,0.1097,0.9923,22.733,1.2444,22.734,75.925,6.382,0.0174,0.0303
PHB_08809,Severe Disease,3,0.3857,0.7264,0.4723,27.214,1.3208,29.012,60.207,6.406,0.0794,0.069
PHB_08307,Moderate Illness,2,0.5281,0.4858,0.5673,27.234,1.3598,25.651,59.101,6.354,0.0476,0.0603
PHB_00418,Severe Disease,3,0.3647,0.7205,0.3868,27.633,1.3791,22.988,78.889,6.026,0.0615,0.0809
PHB_06749,Early Disease,1,0.635,0.2673,0.7817,25.025,1.1733,29.639,67.511,6.293,0.0442,0.0243
PHB_08968,Early Disease,1,0.7675,0.2371,0.7371,25.517,1.1484,29.71,58.331,6.266,0.0488,0.041
PHB_02083,Moderate Illness,2,0.4558,0.4611,0.6092,26.061,1.261,21.148,65.4,6.383,0.0325,0.0532
PHB_08946,Moderate Illness,2,0.5068,0.5179,0.5045,25.856,1.2454,25.853,61.534,6.471,0.0503,0.0561
PHB_03374,Healthy,0,0.8577,0.2734,0.9086,25.292,1.0715,26.253,72.549,6.664,0.0307,0.0349
PHB_05727,Moderate Illness,2,0.5106,0.5336,0.429,25.956,1.1703,26.444,61.451,6.322,0.0584,0.0364
PHB_04108,Moderate Illness,2,0.552,0.5939,0.4974,25.551,1.215,23.928,62.635,6.339,0.0388,0.0717
PHB_04381,Moderate Illness,2,0.4253,0.5216,0.5645,25.718,1.3472,22.857,59.435,6.344,0.05,0.0682
PHB_07724,Early Disease,1,0.6238,0.3408,0.7674,26.66,1.1156,23.908,75.943,6.346,0.0431,0.054
PHB_01067,Early Disease,1,0.6344,0.3362,0.8849,25.443,1.2757,22.441,65.322,6.172,0.0452,0.0463
PHB_03914,Early Disease,1,0.5451,0.2398,0.7887,26.047,1.1421,23.167,69.121,6.327,0.0333,0.0698
PHB_05537,Early Disease,1,0.6583,0.3612,0.7497,25.707,1.0318,24.815,67.34,6.176,0.0258,0.0474
PHB_08003,Early Disease,1,0.6167,0.2659,0.8311,25.637,1.3018,26.351,57.749,6.111,0.0209,0.0334
PHB_05388,Healthy,0,0.8561,0.2086,0.8795,24.603,0.8589,23.912,70.454,6.56,0.0192,0.0548
PHB_05733,Moderate Illness,2,0.534,0.6188,0.5269,26.587,1.3063,25.113,65.382,5.98,0.0525,0.0593
PHB_02739,Moderate Illness,2,0.3945,0.5343,0.589,25.986,1.8701,27.224,66.107,6.55,0.0445,0.047
PHB_05053,Moderate Illness,2,0.4027,0.5325,0.573,25.796,1.1442,24.506,68.635,6.209,0.0618,0.0729
PHB_04001,Moderate Illness,2,0.5178,0.5351,0.6267,26.703,1.3131,27.494,65.502,5.832,0.0527,0.0732
PHB_02428,Moderate Illness,2,0.5395,0.3997,0.668,27.121,1.4769,25.871,77.072,6.223,0.0663,0.0538
PHB_06834,Severe Disease,3,0.3441,0.7816,0.4976,27.68,1.1889,28.073,68.775,5.982,0.0657,0.0739
PHB_01688,Moderate Illness,2,0.4906,0.5195,0.5167,26.28,1.2462,25.34,71.028,6.06,0.0457,0.0603
PHB_00852,Healthy,0,0.7669,0.122,0.8718,25.06,1.1013,26.449,74.389,6.788,0.0286,0.0185
PHB_06304,Healthy,0,0.904,0.1097,0.8843,24.669,1.1993,26.499,68.566,6.129,0.0099,0.043
PHB_09088,Severe Disease,3,0.2801,0.6801,0.4341,27.176,1.4682,26.07,62.124,6.029,0.0576,0.0534
PHB_05879,Moderate Illness,2,0.5701,0.5082,0.6188,25.845,1.1831,26.003,59.724,6.61,0.0566,0.0626
PHB_08528,Moderate Illness,2,0.4595,0.5253,0.6087,27.061,1.1956,29.599,65.229,6.569,0.0566,0.0552
PHB_02840,Healthy,0,0.7876,0.1517,0.8207,25.258,1.2732,28.324,68.594,6.292,0.0122,0.0243
PHB_04612,Early Disease,1,0.6271,0.2337,0.641,26.797,1.3166,27.07,65.436,6.307,0.0337,0.0321
PHB_09541,Severe Disease,3,0.3512,0.631,0.3902,28.279,1.2553,26.081,65.782,6.056,0.0536,0.0607
PHB_09208,Early Disease,1,0.658,0.2305,0.6466,25.277,1.0573,27.371,68.583,6.284,0.0444,0.0764
PHB_02490,Moderate Illness,2,0.5798,0.5881,0.6571,25.992,1.2669,23.105,61.751,6.03,0.0398,0.0748
PHB_06906,Severe Disease,3,0.2971,0.6795,0.4223,26.342,1.2827,21.119,59.582,5.949,0.0742,0.087
PHB_07391,Early Disease,1,0.7,0.4179,0.8555,24.685,1.0249,24.83,63.563,6.306,0.0617,0.0445
PHB_02850,Early Disease,1,0.6956,0.3129,0.7763,24.905,1.0515,28.761,70.995,6.214,0.0467,0.044
PHB_06666,Moderate Illness,2,0.4367,0.518,0.5391,26.297,1.2323,23.97,68.602,5.756,0.0414,0.0446
PHB_05882,Healthy,0,0.7959,0.084,0.7356,23.524,1.1301,26.545,50.821,6.382,0.031,0.0455
PHB_04453,Moderate Illness,2,0.5685,0.5353,0.4853,26.096,1.2896,26.669,59.314,6.215,0.0347,0.0518
PHB_07422,Healthy,0,0.8521,0.2387,0.8819,24.884,0.9833,27.054,74.221,6.633,0.0217,0.029
PHB_06485,Severe Disease,3,0.3363,0.7441,0.4478,27.859,1.6161,24.267,74.468,6.038,0.0639,0.071
PHB_02480,Severe Disease,3,0.2842,0.7928,0.4286,28.537,1.4077,26.318,63.192,6.267,0.0566,0.0728
PHB_06618,Severe Disease,3,0.3664,0.7224,0.3942,26.943,1.386,26.219,67.967,6.258,0.0707,0.0851
PHB_02142,Early Disease,1,0.5966,0.3075,0.7146,25.871,1.1162,27.321,64.513,6.376,0.0398,0.0469
PHB_05189,Severe Disease,3,0.2995,0.676,0.2507,28.689,1.4539,20.647,71.494,5.837,0.0655,0.0701
PHB_09705,Early Disease,1,0.641,0.3627,0.7984,24.735,1.2638,22.919,73.901,6.273,0.0289,0.0576
PHB_02745,Early Disease,1,0.5572,0.3268,0.8283,24.786,1.1852,25.852,50.279,6.583,0.0263,0.0681
PHB_07254,Moderate Illness,2,0.6015,0.5717,0.6011,26.675,1.0504,25.122,68.598,6.257,0.0544,0.0408
PHB_03507,Early Disease,1,0.6563,0.4258,0.7444,24.885,1.1234,27.601,58.103,6.459,0.0305,0.0739
PHB_01680,Moderate Illness,2,0.4149,0.5271,0.6516,25.441,1.3894,23.291,59.901,6.356,0.0611,0.0691
PHB_04250,Severe Disease,3,0.3387,0.6507,0.5005,26.88,1.3885,26.391,66.685,6.001,0.072,0.0668
PHB_03148,Moderate Illness,2,0.4731,0.4435,0.6748,25.887,1.2229,29.075,70.761,6.357,0.0344,0.0609
PHB_08131,Moderate Illness,2,0.5193,0.4005,0.5069,26.004,1.4262,27.755,84.359,6.423,0.0407,0.0587
PHB_07005,Severe Disease,3,0.3694,0.6846,0.4946,27.111,1.3492,26.388,64.921,6.104,0.0519,0.0829
PHB_00581,Early Disease,1,0.6687,0.3954,0.6062,24.979,1.0857,26.408,68.33,6.194,0.0258,0.0387
PHB_04071,Early Disease,1,0.6294,0.3608,0.8003,26.423,1.1256,23.73,78.538,6.401,0.0444,0.0399
PHB_03344,Healthy,0,0.914,0.0583,0.7933,23.877,1.2179,24.744,61.919,6.896,0.0222,0.0275
PHB_07405,Moderate Illness,2,0.4471,0.5674,0.7203,28.234,1.383,26.893,69.628,6.182,0.0456,0.0476
PHB_03673,Early Disease,1,0.6588,0.2796,0.7153,26.105,1.1906,25.388,87.689,6.072,0.0299,0.0704
PHB_00560,Early Disease,1,0.6326,0.3244,0.6632,29.748,1.3388,25.338,80.464,6.263,0.0279,0.0578
PHB_05238,Healthy,0,0.8382,0.0122,0.9674,24.331,0.9366,27.571,64.55,6.653,0.0176,0.0282
PHB_07806,Moderate Illness,2,0.5085,0.5297,0.6268,25.315,1.1996,27.92,65.447,6.314,0.0455,0.0696
PHB_00513,Healthy,0,0.7962,0.0954,0.8384,23.88,1.0785,23.921,70.582,6.469,0.0387,0.0324
PHB_01082,Severe Disease,3,0.3771,0.6761,0.4927,27.999,1.4043,27.207,65.754,6.379,0.0561,0.0702
PHB_01665,Severe Disease,3,0.4241,0.7661,0.4948,26.873,1.2539,23.523,58.304,6.496,0.0596,0.0701
PHB_09205,Healthy,0,0.7932,0.1495,0.9179,23.937,1.0747,24.226,75.955,6.585,0.0228,0.0375
PHB_01932,Moderate Illness,2,0.4907,0.4977,0.5448,27.035,1.3076,24.566,74.72,6.447,0.0329,0.0727
PHB_09667,Severe Disease,3,0.2804,0.9098,0.5288,27.332,1.5796,23.922,74.29,6.39,0.0543,0.0682
PHB_01151,Healthy,0,0.8649,0.0,0.8912,24.045,1.0303,26.968,72.453,6.549,0.0169,0.0411
PHB_02839,Early Disease,1,0.6101,0.3303,0.6833,26.09,1.2001,27.009,60.916,6.434,0.0494,0.0371
PHB_05950,Moderate Illness,2,0.5039,0.576,0.568,25.794,1.3166,21.479,61.921,6.357,0.0484,0.0805
PHB_08309,Early Disease,1,0.7029,0.3337,0.8258,24.536,1.148,25.174,65.354,6.124,0.051,0.0449
PHB_08933,Healthy,0,0.895,0.0525,0.9005,24.582,1.4032,21.725,65.24,6.455,0.0346,0.0406
PHB_09789,Healthy,0,0.7079,0.0943,0.9127,22.943,1.1697,30.065,64.525,6.396,0.0122,0.0318
PHB_05178,Healthy,0,0.7937,0.2114,0.8594,26.256,1.1259,25.953,70.093,6.383,0.0257,0.0244
PHB_00831,Moderate Illness,2,0.5224,0.5599,0.609,26.726,1.2845,24.878,67.762,6.465,0.0385,0.0579
PHB_08312,Early Disease,1,0.6096,0.2063,0.843,25.465,1.1614,22.925,59.068,6.478,0.0331,0.041
PHB_04753,Early Disease,1,0.6126,0.3031,0.713,25.699,1.2728,21.002,55.786,5.98,0.024,0.0585
PHB_09851,Early Disease,1,0.711,0.3066,0.7941,25.084,1.0933,26.651,54.661,6.356,0.0248,0.0389
PHB_00636,Healthy,0,0.7728,0.1633,0.8372,24.576,1.1596,24.161,62.818,6.416,0.0249,0.0409
PHB_04466,Healthy,0,0.799,0.1627,0.8201,24.879,1.1125,19.51,67.698,6.324,0.0341,0.0352
PHB_06800,Healthy,0,0.8572,0.1254,0.8873,24.708,1.166,26.3,68.106,6.492,0.034,0.0391
PHB_07988,Severe Disease,3,0.389,0.7319,0.4949,27.582,1.32,27.44,56.345,6.184,0.0592,0.0655
PHB_07080,Severe Disease,3,0.2564,0.8232,0.4447,28.189,1.2818,25.473,61.06,6.332,0.0577,0.063
PHB_06967,Moderate Illness,2,0.5286,0.3979,0.7412,26.823,1.3423,24.286,64.33,5.745,0.0593,0.0642
PHB_04143,Healthy,0,0.8515,0.0924,0.8917,25.814,0.9821,23.203,72.722,6.735,0.0272,0.0463
PHB_07028,Early Disease,1,0.7206,0.3439,0.7234,25.819,1.2939,23.105,61.053,6.104,0.0479,0.0447
PHB_09184,Severe Disease,3,0.3032,0.6247,0.5605,28.148,1.6565,24.679,69.019,6.078,0.0467,0.0579
PHB_00877,Early Disease,1,0.7112,0.2387,0.6318,24.789,1.0571,24.657,65.251,6.106,0.0423,0.0603
PHB_04870,Moderate Illness,2,0.5277,0.4946,0.5244,26.763,1.4678,26.272,52.665,6.308,0.0583,0.0422
PHB_05316,Early Disease,1,0.6908,0.2897,0.8453,24.652,1.0906,26.207,58.867,6.119,0.0349,0.0531
PHB_05223,Healthy,0,0.8216,0.1887,0.853,24.863,1.0021,24.718,68.437,6.118,0.0333,0.063
PHB_00005,Healthy,0,0.8514,0.1451,0.8518,24.572,1.0507,23.258,66.658,6.353,0.016,0.0458
PHB_03052,Healthy,0,0.7517,0.1142,0.8881,24.756,1.1464,28.171,66.642,6.29,0.0275,0.0478
PHB_05692,Healthy,0,0.7889,0.158,0.9047,23.472,1.3431,29.752,61.36,6.528,0.0169,0.0437
PHB_03125,Healthy,0,0.8296,0.0823,0.8855,25.829,1.1934,28.228,66.659,6.801,0.0296,0.0413
PHB_02492,Early Disease,1,0.665,0.3404,0.7911,26.373,1.2551,28.912,63.448,6.1,0.0394,0.0433
PHB_03855,Moderate Illness,2,0.5379,0.5453,0.4914,27.064,1.3805,23.264,55.484,6.522,0.0469,0.0467
PHB_04778,Healthy,0,0.8562,0.2317,0.9828,24.792,1.0683,23.384,64.657,6.067,0.0232,0.0274
PHB_07510,Moderate Illness,2,0.5851,0.5235,0.6729,26.714,1.318,22.551,66.505,6.197,0.0503,0.061
PHB_06458,Moderate Illness,2,0.479,0.4955,0.4809,25.759,1.2378,27.886,58.7,6.431,0.0409,0.0593
PHB_06294,Severe Disease,3,0.3648,0.6533,0.4007,27.859,1.4811,23.216,54.722,6.697,0.0735,0.0778
PHB_01149,Early Disease,1,0.7177,0.2815,0.7876,25.762,1.2438,25.282,62.861,6.22,0.0129,0.0418
PHB_00575,Severe Disease,3,0.2677,0.726,0.6623,28.323,1.3498,26.374,59.841,6.147,0.0534,0.0827
PHB_03770,Moderate Illness,2,0.501,0.5307,0.5979,26.743,1.1279,28.096,69.956,6.707,0.0523,0.0723
PHB_04147,Healthy,0,0.7651,0.0672,0.9681,24.757,1.1809,23.864,80.001,6.578,0.0214,0.035
PHB_00854,Severe Disease,3,0.3779,0.6973,0.5016,27.332,1.2345,27.344,70.327,6.408,0.0689,0.0686
PHB_05920,Early Disease,1,0.547,0.3368,0.7699,25.572,1.2983,24.009,63.339,6.775,0.0483,0.0673
PHB_09359,Moderate Illness,2,0.5938,0.4687,0.4861,27.162,1.3099,27.192,73.165,6.5,0.0617,0.0716
PHB_06615,Severe Disease,3,0.3677,0.8065,0.5358,27.032,1.5088,27.114,71.744,6.371,0.0865,0.0676
PHB_06003,Moderate Illness,2,0.3383,0.5162,0.6437,26.761,1.4016,24.893,70.15,6.087,0.0474,0.0386
PHB_09164,Moderate Illness,2,0.5484,0.4695,0.5629,27.195,1.4569,23.372,76.308,6.357,0.057,0.0701
PHB_04496,Early Disease,1,0.7416,0.3622,0.6221,25.011,1.1507,25.618,66.238,6.094,0.0295,0.0611
PHB_08174,Moderate Illness,2,0.5685,0.4935,0.5516,26.431,1.2133,28.344,59.561,5.89,0.054,0.0396
PHB_06656,Early Disease,1,0.6323,0.3559,0.6238,24.921,1.1591,27.076,58.136,6.173,0.0539,0.0454
PHB_02369,Early Disease,1,0.7151,0.2969,0.7722,26.154,1.218,24.071,66.633,6.532,0.0198,0.0323
PHB_04781,Early Disease,1,0.7579,0.2388,0.798,25.348,1.1087,27.049,69.803,6.446,0.0402,0.0635
PHB_07993,Healthy,0,0.8706,0.1022,0.9394,23.469,1.0495,26.345,58.224,6.032,0.0211,0.0313
PHB_02951,Healthy,0,0.7701,0.0766,0.8551,24.045,1.1888,28.195,72.19,6.574,0.03,0.0308
PHB_05626,Moderate Illness,2,0.6312,0.5417,0.6198,26.135,1.4952,22.445,59.114,6.449,0.0648,0.0471
PHB_06972,Early Disease,1,0.754,0.4286,0.7025,26.573,1.3627,25.897,72.865,6.641,0.0296,0.03
PHB_08717,Healthy,0,0.8302,0.0591,0.8456,23.975,1.2804,22.939,67.875,6.502,0.0333,0.019
PHB_01842,Moderate Illness,2,0.4167,0.5361,0.5181,26.482,1.0816,26.326,80.192,6.269,0.0437,0.0618
PHB_05987,Healthy,0,0.8191,0.1551,0.9672,23.383,1.1236,27.397,52.024,6.44,0.0379,0.0314
PHB_00538,Healthy,0,0.8142,0.1108,0.9016,24.712,0.8882,26.916,72.647,6.869,0.0438,0.0361
PHB_02807,Early Disease,1,0.6932,0.3398,0.8953,25.163,1.1251,23.982,62.351,6.217,0.0327,0.0546
PHB_05802,Moderate Illness,2,0.5261,0.563,0.5187,26.55,1.4813,30.506,62.25,6.294,0.0616,0.057
PHB_05597,Severe Disease,3,0.3856,0.769,0.4042,26.632,1.4992,25.505,67.323,5.916,0.0634,0.074
PHB_07207,Moderate Illness,2,0.4555,0.4999,0.6545,27.165,1.4896,25.294,62.882,6.247,0.0684,0.0508
PHB_07344,Healthy,0,0.7791,0.2591,0.7947,24.853,1.1316,23.283,78.83,6.551,0.0262,0.034
PHB_07561,Severe Disease,3,0.3127,0.6407,0.5035,28.205,1.4278,23.689,47.762,6.397,0.0662,0.089
PHB_08097,Healthy,0,0.8379,0.1538,0.9492,25.397,0.831,23.167,63.997,6.343,0.0225,0.0184
PHB_00785,Severe Disease,3,0.4014,0.7153,0.6077,27.103,1.4585,24.234,60.19,6.749,0.0633,0.0865
PHB_01410,Moderate Illness,2,0.5875,0.6013,0.5423,27.493,1.3393,25.144,61.21,6.146,0.05,0.0475
PHB_00155,Healthy,0,0.83,0.1736,0.8709,24.298,1.0047,26.298,72.574,6.408,0.0201,0.0328
PHB_07807,Severe Disease,3,0.3177,0.6504,0.4831,27.324,1.4133,28.718,60.827,6.459,0.0441,0.0641
PHB_03010,Severe Disease,3,0.3684,0.6459,0.518,27.708,1.4521,27.818,61.055,6.181,0.0643,0.0889
PHB_01687,Moderate Illness,2,0.5116,0.4787,0.608,26.503,1.466,23.289,70.397,5.842,0.044,0.0867
PHB_04015,Moderate Illness,2,0.4856,0.5018,0.612,26.882,1.3181,25.05,58.328,6.613,0.0536,0.0581
PHB_07456,Moderate Illness,2,0.584,0.4526,0.5214,26.077,1.4303,25.329,70.001,6.175,0.0307,0.048
PHB_03864,Early Disease,1,0.644,0.2876,0.7342,25.518,1.1776,28.847,59.177,6.065,0.0343,0.0619
PHB_02734,Early Disease,1,0.695,0.4337,0.7492,24.929,1.0981,25.575,71.771,6.398,0.0453,0.0455
PHB_01896,Healthy,0,0.7662,0.143,0.9452,23.183,0.9836,27.699,68.446,6.258,0.0155,0.015
PHB_05443,Severe Disease,3,0.3417,0.7445,0.3758,28.118,1.4238,22.391,63.579,6.46,0.0847,0.0783
PHB_00570,Moderate Illness,2,0.5036,0.4628,0.5463,25.979,1.2979,24.05,68.518,6.182,0.0466,0.0431
PHB_06710,Healthy,0,0.9455,0.1558,0.9317,24.035,1.0927,26.549,72.179,6.136,0.0427,0.0398
PHB_05855,Healthy,0,0.7893,0.1365,0.8559,24.596,0.8666,25.322,66.843,6.42,0.0168,0.0184
PHB_01817,Severe Disease,3,0.352,0.693,0.4591,28.306,1.2716,24.711,72.777,6.313,0.076,0.0755
PHB_08320,Early Disease,1,0.6668,0.4075,0.5695,26.538,1.1021,27.361,63.893,6.239,0.0439,0.0476
PHB_03395,Moderate Illness,2,0.4967,0.5274,0.5751,25.759,1.368,27.073,60.993,6.488,0.0442,0.062
PHB_03328,Severe Disease,3,0.3379,0.7606,0.5187,26.866,1.2222,23.17,67.242,6.013,0.0699,0.0783
PHB_09983,Severe Disease,3,0.2431,0.701,0.4558,28.074,1.3576,24.573,71.437,6.298,0.0619,0.0574
PHB_06103,Severe Disease,3,0.2966,0.696,0.476,27.756,1.485,29.068,67.527,6.143,0.0766,0.0568
PHB_02976,Severe Disease,3,0.2978,0.7703,0.4644,27.474,1.3194,27.228,71.15,6.216,0.0704,0.0739
PHB_00981,Severe Disease,3,0.6011,0.5965,0.4854,27.209,1.3593,26.43,64.606,5.906,0.0657,0.0808
PHB_00191,Severe Disease,3,0.2202,0.837,0.4901,27.297,1.3957,27.735,66.438,6.246,0.0771,0.0506
PHB_09332,Healthy,0,0.9564,0.1539,0.7863,24.091,1.2006,24.144,72.002,6.607,0.0293,0.026
PHB_05089,Severe Disease,3,0.3788,0.6507,0.4119,26.599,1.5007,25.807,60.404,6.025,0.0561,0.0711
PHB_00700,Early Disease,1,0.6556,0.2585,0.7521,25.005,0.8869,24.486,66.272,6.124,0.0409,0.0449
PHB_09760,Healthy,0,0.8283,0.1532,0.8045,25.459,1.0573,26.99,75.662,6.406,0.0334,0.0523
PHB_00607,Severe Disease,3,0.3593,0.6632,0.3703,27.073,1.5054,22.699,70.051,6.675,0.0702,0.0756
PHB_00302,Healthy,0,0.8852,0.1737,0.9371,23.955,1.137,26.372,72.033,6.406,0.0112,0.0161
PHB_03421,Severe Disease,3,0.3654,0.6817,0.5039,27.819,1.4355,22.383,63.532,6.157,0.0677,0.0676
PHB_09805,Healthy,0,0.8107,0.1524,0.8491,24.078,1.2338,28.179,61.365,6.193,0.0179,0.0204
PHB_01061,Severe Disease,3,0.2985,0.7451,0.4486,27.881,1.46,22.985,48.32,6.347,0.0738,0.065
PHB_03445,Severe Disease,3,0.3284,0.6533,0.5424,27.6,1.5228,27.192,56.656,5.94,0.0696,0.0704
PHB_01070,Early Disease,1,0.6688,0.3486,0.7423,25.814,1.0786,24.999,79.294,6.599,0.0432,0.0409
PHB_02206,Moderate Illness,2,0.5055,0.527,0.6541,26.848,1.4774,22.885,57.046,6.04,0.0429,0.0684
PHB_09436,Moderate Illness,2,0.5579,0.5546,0.5699,25.827,1.1524,25.917,62.422,6.514,0.0424,0.0543
PHB_07340,Severe Disease,3,0.4143,0.7151,0.4762,27.22,1.2419,21.866,68.034,6.321,0.058,0.0743
PHB_08209,Moderate Illness,2,0.542,0.5831,0.5033,26.292,1.4566,23.242,71.737,6.461,0.0579,0.0641
PHB_07680,Severe Disease,3,0.3462,0.7216,0.4565,27.232,1.6702,21.828,65.179,6.03,0.0502,0.0864
PHB_04643,Early Disease,1,0.721,0.2845,0.7749,24.755,1.0407,23.93,61.401,6.545,0.0325,0.0474
PHB_07684,Severe Disease,3,0.2969,0.706,0.4151,27.276,1.2778,21.437,61.517,6.087,0.0736,0.046
PHB_09008,Moderate Illness,2,0.4178,0.5569,0.6443,26.636,1.3169,25.873,62.581,6.323,0.0631,0.0676
PHB_07997,Healthy,0,0.8175,0.0487,0.954,24.206,1.0359,29.066,69.615,6.224,0.0314,0.0364
PHB_05601,Moderate Illness,2,0.4999,0.5118,0.6075,26.097,1.1799,25.651,68.172,6.15,0.044,0.0533
PHB_09152,Early Disease,1,0.6695,0.2675,0.7687,25.488,1.0816,26.106,70.457,6.113,0.0416,0.0585
PHB_07023,Early Disease,1,0.7007,0.3935,0.7287,25.987,1.2058,27.028,63.34,6.646,0.0406,0.0637
PHB_04894,Early Disease,1,0.8742,0.2047,0.7184,24.842,1.0875,24.183,59.728,6.368,0.0449,0.062
PHB_00226,Severe Disease,3,0.3005,0.6886,0.4175,26.63,1.3784,28.519,61.479,6.317,0.0527,0.0682
PHB_03355,Early Disease,1,0.6545,0.4079,0.6814,25.791,1.0779,27.353,65.632,6.339,0.0355,0.0558
PHB_05896,Severe Disease,3,0.3745,0.7204,0.466,27.71,1.3543,22.665,71.701,6.079,0.0707,0.0557
PHB_08755,Healthy,0,0.7993,0.0909,0.7915,24.558,1.1895,23.342,68.572,6.47,0.0361,0.0066
PHB_03437,Early Disease,1,0.6922,0.3266,0.6901,24.431,1.303,25.231,66.271,6.424,0.0218,0.0391
PHB_01694,Moderate Illness,2,0.5254,0.5789,0.6337,26.141,1.3185,25.841,63.901,6.111,0.0294,0.057
PHB_06894,Healthy,0,0.7303,0.1397,0.8778,23.672,1.2223,23.007,60.548,6.851,0.0202,0.0295
PHB_01046,Early Disease,1,0.7774,0.2713,0.7767,25.961,1.0782,24.987,77.492,6.667,0.039,0.0459
PHB_03447,Moderate Illness,2,0.5349,0.3865,0.6629,25.453,1.2343,24.405,78.566,6.127,0.069,0.0562
PHB_08051,Early Disease,1,0.6725,0.3556,0.7051,23.655,1.2328,24.369,64.581,6.337,0.0268,0.0495
PHB_09147,Healthy,0,0.8147,0.0687,0.9441,24.062,1.1401,24.076,64.023,6.572,0.0274,0.0367
PHB_09982,Healthy,0,0.8638,0.0646,0.8548,25.158,1.0717,24.731,73.871,6.222,0.0122,0.0052
PHB_04736,Moderate Illness,2,0.4645,0.5798,0.5857,27.23,1.3499,27.898,57.182,6.501,0.0357,0.0653
PHB_04497,Early Disease,1,0.6506,0.2889,0.7769,24.926,1.1528,28.168,71.197,6.004,0.0303,0.039
PHB_01219,Moderate Illness,2,0.5248,0.4847,0.5195,27.922,1.3476,26.272,65.204,6.497,0.0403,0.0369
PHB_06016,Healthy,0,0.7461,0.1064,0.8868,25.532,1.1841,23.463,73.11,6.567,0.0255,0.0235
PHB_09720,Healthy,0,0.862,0.2274,0.8935,24.67,1.0071,23.414,64.21,6.619,0.0404,0.0651
PHB_03988,Early Disease,1,0.7044,0.3279,0.657,25.193,1.1215,23.957,55.568,6.405,0.0542,0.0381
PHB_04912,Early Disease,1,0.6191,0.2943,0.6752,25.869,1.1041,25.43,65.75,6.564,0.0424,0.0542
PHB_09493,Severe Disease,3,0.2749,0.7473,0.5215,28.682,1.4337,22.901,60.063,6.223,0.0554,0.0655
PHB_04494,Healthy,0,0.8244,0.0789,0.9005,24.488,1.0009,23.056,73.477,6.422,0.0265,0.0296
PHB_06945,Early Disease,1,0.6631,0.271,0.7436,25.831,0.9299,24.403,70.224,6.436,0.0693,0.0511
PHB_05700,Healthy,0,0.749,0.0592,0.8944,24.564,1.1106,26.534,72.607,6.361,0.026,0.0337
PHB_08353,Severe Disease,3,0.341,0.6752,0.6734,27.909,1.4906,22.226,52.821,5.969,0.0469,0.0644
PHB_00957,Severe Disease,3,0.3323,0.6926,0.3904,28.723,1.4429,21.533,60.158,6.128,0.0665,0.0828
PHB_02870,Healthy,0,0.7335,0.0515,0.9059,23.816,0.9568,26.348,61.674,6.216,0.02,0.0319
PHB_04434,Early Disease,1,0.6546,0.2036,0.6864,26.133,1.0255,25.304,59.073,6.421,0.0291,0.0428
PHB_04974,Severe Disease,3,0.3782,0.7223,0.4232,27.644,1.5143,26.59,56.588,6.207,0.0644,0.0575
PHB_02962,Severe Disease,3,0.2994,0.6183,0.4524,27.772,1.3907,24.582,50.039,6.173,0.0557,0.0645
PHB_02201,Healthy,0,0.8345,0.1437,0.8922,24.905,0.9737,25.077,65.703,6.693,0.0303,0.0223
PHB_00099,Healthy,0,0.9021,0.0,1.0246,23.737,1.0579,25.796,76.293,6.911,0.0177,0.0263
PHB_09850,Healthy,0,0.7364,0.1353,0.8446,24.004,0.9976,24.196,67.676,6.439,0.0299,0.023
PHB_02558,Early Disease,1,0.68,0.2488,0.762,24.753,1.4229,24.63,59.159,6.773,0.0411,0.0528
PHB_08446,Healthy,0,0.8571,0.1531,0.8317,25.061,0.8709,23.117,60.719,6.274,0.0111,0.0405
PHB_04200,Healthy,0,0.791,0.1636,0.9904,24.219,1.1637,25.64,79.855,6.655,0.0211,0.0623
PHB_09638,Severe Disease,3,0.3658,0.7432,0.4951,27.75,1.4026,24.509,50.405,6.329,0.0655,0.0888
PHB_05540,Healthy,0,0.7922,0.0845,0.8818,25.886,0.9563,23.51,81.891,6.58,0.0224,0.0266
PHB_01649,Severe Disease,3,0.3072,0.7323,0.5145,26.556,1.3056,24.828,61.855,6.2,0.0575,0.0481
PHB_06198,Healthy,0,0.785,0.0791,0.8411,24.824,1.0675,20.68,78.058,6.191,0.0437,0.041
PHB_06296,Severe Disease,3,0.3136,0.6794,0.4637,27.618,1.3212,30.627,71.411,6.076,0.0681,0.0942
PHB_04500,Severe Disease,3,0.3921,0.7222,0.5592,26.79,1.4044,27.764,69.9,6.392,0.058,0.0834
PHB_01155,Moderate Illness,2,0.4401,0.507,0.5264,25.629,1.3699,26.669,53.682,6.277,0.0433,0.0558
PHB_02256,Moderate Illness,2,0.5015,0.5607,0.6207,27.977,1.3257,24.362,71.541,6.467,0.0657,0.0572
PHB_03171,Severe Disease,3,0.2357,0.6827,0.4118,26.935,1.2881,19.447,57.45,6.347,0.0682,0.0614
PHB_07401,Moderate Illness,2,0.4632,0.5715,0.6093,27.363,1.5052,22.045,66.022,6.266,0.0356,0.0653
PHB_07159,Healthy,0,0.797,0.1906,0.9465,24.377,1.1937,26.084,77.808,6.568,0.0297,0.03
PHB_03109,Healthy,0,0.9086,0.0855,0.8627,23.881,1.1156,25.197,72.5,6.363,0.0227,0.0198
PHB_04549,Moderate Illness,2,0.5635,0.512,0.6027,25.498,1.1126,23.541,61.113,6.063,0.0401,0.0705
PHB_05424,Healthy,0,0.8429,0.0652,0.7536,24.71,0.8865,27.163,66.778,6.315,0.0143,0.034
PHB_02050,Early Disease,1,0.5732,0.3716,0.6829,25.589,1.1208,28.654,75.577,6.488,0.0374,0.0444
PHB_09209,Healthy,0,0.8019,0.2043,0.9296,24.409,1.2303,30.014,55.513,6.383,0.0104,0.0391
PHB_08816,Early Disease,1,0.6055,0.2785,0.8213,24.915,0.991,26.428,73.171,6.388,0.0299,0.0598
PHB_09798,Early Disease,1,0.7735,0.2174,0.7134,25.432,0.9873,20.443,66.1,6.341,0.0414,0.0364
PHB_00263,Early Disease,1,0.7109,0.3953,0.6905,25.885,1.1168,25.495,93.736,6.338,0.04,0.0465
PHB_04062,Moderate Illness,2,0.4604,0.5498,0.5781,27.354,1.2083,23.769,70.598,6.237,0.0518,0.0718
PHB_05535,Severe Disease,3,0.3467,0.5893,0.5725,27.607,1.4912,21.742,55.236,6.177,0.059,0.0784
PHB_06617,Early Disease,1,0.5788,0.3301,0.6452,26.204,0.9654,27.231,88.45,6.47,0.0354,0.0422
PHB_08121,Early Disease,1,0.6868,0.3556,0.7335,24.432,1.214,20.717,79.254,6.392,0.0432,0.0568
PHB_08156,Severe Disease,3,0.3278,0.6764,0.3448,27.876,1.2889,27.307,64.831,6.829,0.0934,0.0506
PHB_01803,Healthy,0,0.8198,0.1747,0.9282,23.939,1.0905,25.172,62.858,6.384,0.0144,0.0156
PHB_04737,Moderate Illness,2,0.5727,0.3898,0.6769,27.315,1.2058,25.331,58.675,6.457,0.0378,0.0384
PHB_02386,Severe Disease,3,0.2628,0.6922,0.4573,27.34,1.617,24.716,51.295,6.346,0.0538,0.0557
PHB_06695,Early Disease,1,0.5718,0.3865,0.7604,24.499,1.4362,27.651,64.626,6.123,0.0315,0.0461
PHB_05760,Healthy,0,0.8076,0.1831,0.8933,24.744,1.152,28.03,62.246,6.776,0.0329,0.0358
PHB_01960,Moderate Illness,2,0.4364,0.4051,0.5287,27.213,1.5503,24.279,62.511,6.378,0.0382,0.0416
PHB_02977,Moderate Illness,2,0.4265,0.4632,0.5875,26.888,1.3078,21.545,71.18,6.563,0.0527,0.0539
PHB_08681,Healthy,0,0.8322,0.0841,0.8985,24.283,0.9844,27.357,66.893,6.415,0.0301,0.0279
PHB_01844,Severe Disease,3,0.4311,0.6818,0.485,26.781,1.3756,26.709,55.681,6.247,0.0623,0.0813
PHB_01735,Severe Disease,3,0.3013,0.7857,0.4244,26.937,1.6038,24.557,64.501,6.368,0.058,0.0749
PHB_02912,Healthy,0,0.8909,0.1293,0.8511,24.534,1.0658,26.827,75.301,6.556,0.0278,0.0341
PHB_08339,Early Disease,1,0.7316,0.3257,0.6333,24.635,1.2347,24.748,60.03,6.258,0.0382,0.0688
PHB_01987,Early Disease,1,0.6485,0.4214,0.7746,24.926,1.3105,27.596,64.944,6.424,0.0363,0.0455
PHB_09562,Healthy,0,0.9358,0.1806,1.0322,23.713,1.0253,31.458,70.902,6.532,0.0257,0.041
PHB_06547,Healthy,0,0.8636,0.0081,0.8288,24.486,0.9483,27.921,68.711,6.619,0.0099,0.0229
PHB_07099,Healthy,0,0.8136,0.1364,0.8917,26.445,1.1528,27.965,68.478,6.312,0.0531,0.0221
PHB_02812,Severe Disease,3,0.3428,0.6428,0.3307,26.794,1.464,25.085,64.945,6.234,0.0587,0.0809
PHB_00660,Early Disease,1,0.6726,0.3889,0.7828,26.733,1.1315,26.244,52.679,6.341,0.0383,0.0492
PHB_02512,Early Disease,1,0.6241,0.4136,0.8299,26.459,1.4743,24.534,72.765,6.577,0.0453,0.0514
PHB_04283,Moderate Illness,2,0.4837,0.4291,0.6034,27.392,1.4131,22.848,52.964,6.037,0.0484,0.0419
PHB_09340,Early Disease,1,0.6837,0.3689,0.7319,24.634,1.3132,28.177,75.58,6.411,0.0368,0.041
PHB_08801,Healthy,0,0.8643,0.1889,0.8684,25.013,0.8684,31.074,72.056,6.687,0.0228,0.0306
PHB_06288,Severe Disease,3,0.2327,0.6851,0.5852,27.198,1.3569,26.954,58.81,6.155,0.0642,0.0454
PHB_01931,Moderate Illness,2,0.51,0.4479,0.6361,25.62,1.3585,23.486,56.749,6.679,0.0401,0.0604
PHB_07126,Severe Disease,3,0.3583,0.7878,0.3882,28.412,1.4019,22.512,59.9,6.038,0.0661,0.0671
PHB_00198,Severe Disease,3,0.3483,0.7308,0.5415,28.352,1.4161,26.938,64.622,5.889,0.0692,0.0813
PHB_07778,Severe Disease,3,0.4051,0.7828,0.4925,28.045,1.2798,26.236,47.723,6.477,0.0626,0.0588
PHB_02932,Healthy,0,0.8606,0.0004,0.8187,23.326,1.0745,26.316,55.784,6.775,0.0265,0.0136
PHB_08005,Severe Disease,3,0.3581,0.635,0.455,26.607,1.3755,23.224,59.186,6.171,0.0591,0.0854
PHB_02328,Healthy,0,0.7786,0.0699,0.833,24.211,1.224,26.08,70.609,6.59,0.0025,0.0163
PHB_04390,Moderate Illness,2,0.529,0.616,0.5742,26.662,1.3231,25.494,70.026,6.537,0.0663,0.0622
PHB_08959,Healthy,0,0.7833,0.1188,0.8126,23.966,1.1232,23.782,68.242,6.284,0.0225,0.0316
PHB_04219,Severe Disease,3,0.3026,0.6433,0.4121,28.32,1.1363,26.021,66.416,6.303,0.0525,0.0934
PHB_00203,Moderate Illness,2,0.5413,0.4562,0.6013,26.167,1.118,22.978,79.594,6.429,0.0566,0.067
PHB_03511,Severe Disease,3,0.3977,0.7122,0.4853,27.179,1.3748,24.098,60.528,6.011,0.0766,0.0668
PHB_04932,Moderate Illness,2,0.4547,0.5104,0.6444,27.138,1.0805,26.225,62.391,6.595,0.0471,0.0574
PHB_05536,Severe Disease,3,0.3163,0.5935,0.4166,27.223,1.4608,24.204,64.905,6.228,0.0528,0.0755
PHB_05792,Moderate Illness,2,0.4301,0.5135,0.6682,26.682,1.2437,25.833,42.615,6.319,0.0613,0.0612
PHB_01708,Early Disease,1,0.7029,0.3778,0.768,25.921,1.1468,20.149,64.865,6.244,0.0517,0.0457
PHB_05173,Severe Disease,3,0.3084,0.7859,0.5465,26.5,1.3716,25.924,66.682,6.475,0.0702,0.0778
PHB_05250,Severe Disease,3,0.4074,0.6362,0.4673,27.443,1.6154,23.293,55.865,6.425,0.0525,0.0863
PHB_06529,Moderate Illness,2,0.4622,0.4729,0.6851,26.127,1.2684,24.914,54.693,6.009,0.0461,0.0605
PHB_09849,Early Disease,1,0.6615,0.3943,0.791,26.865,1.043,21.378,72.077,6.388,0.0281,0.0344
PHB_05856,Severe Disease,3,0.2894,0.717,0.5715,27.92,1.3515,22.327,68.671,6.256,0.0539,0.0872
PHB_08165,Early Disease,1,0.6169,0.2988,0.6713,25.183,1.0525,28.968,61.726,6.281,0.0468,0.0505
PHB_00855,Healthy,0,0.8492,0.1652,0.8723,22.672,1.1712,28.452,70.31,6.682,0.0221,0.0434
PHB_04738,Healthy,0,0.8631,0.0313,0.8333,23.411,1.0577,24.593,63.557,6.534,0.0298,0.0247
PHB_00699,Moderate Illness,2,0.5164,0.5595,0.6028,26.794,1.2432,24.446,59.445,6.266,0.0471,0.0585
PHB_03697,Early Disease,1,0.6838,0.3473,0.7427,25.588,1.2014,26.72,74.931,5.968,0.0441,0.0576
PHB_01637,Early Disease,1,0.6616,0.2697,0.7682,23.775,1.0397,30.246,66.462,6.099,0.0258,0.0497
PHB_07281,Moderate Illness,2,0.5523,0.5473,0.5482,26.986,1.3975,26.762,58.916,6.463,0.0564,0.0682
PHB_07555,Moderate Illness,2,0.5042,0.5657,0.6159,25.619,1.5677,23.637,62.717,6.337,0.0629,0.0545
PHB_03582,Severe Disease,3,0.4066,0.6255,0.3682,27.424,1.4668,24.432,57.467,6.464,0.0608,0.0588
PHB_01292,Moderate Illness,2,0.4327,0.5061,0.6441,26.907,1.4081,25.133,60.016,6.528,0.0577,0.0427
PHB_06586,Early Disease,1,0.6458,0.2725,0.7301,25.388,1.3197,22.561,65.928,6.123,0.0414,0.0487
PHB_01854,Severe Disease,3,0.2629,0.8018,0.4703,27.658,1.8053,24.045,78.443,6.566,0.0715,0.0839
PHB_05233,Early Disease,1,0.712,0.2545,0.7145,24.887,1.2858,28.558,58.779,6.318,0.042,0.0634
PHB_03764,Healthy,0,0.8383,0.1382,0.9317,24.687,1.1364,28.639,71.916,6.427,0.024,0.0131
PHB_03305,Moderate Illness,2,0.5947,0.5067,0.5997,25.63,1.3006,28.118,70.339,5.936,0.045,0.0488
PHB_01496,Moderate Illness,2,0.5032,0.5249,0.7343,27.495,1.4199,21.097,57.886,6.419,0.0505,0.0682
PHB_07995,Healthy,0,0.8149,0.1966,0.951,23.611,0.9524,25.048,66.774,6.519,0.0343,0.033
PHB_01999,Severe Disease,3,0.3609,0.7642,0.3893,28.135,1.451,27.425,60.396,6.311,0.0692,0.0865
PHB_00664,Healthy,0,0.8561,0.131,0.9469,24.479,1.4102,23.015,72.246,6.355,0.022,0.0287
PHB_03749,Early Disease,1,0.5611,0.2098,0.6932,24.803,1.1054,27.292,68.459,6.27,0.0481,0.0403
PHB_04414,Healthy,0,0.8321,0.1569,1.0317,25.286,1.022,24.914,65.804,6.21,0.0292,0.0345
PHB_05531,Early Disease,1,0.7002,0.3985,0.6737,25.274,1.2248,27.07,74.032,6.191,0.0365,0.0474
PHB_05576,Healthy,0,0.7676,0.1285,0.9082,25.829,1.0978,23.916,59.763,6.32,0.0321,0.0296
PHB_08902,Severe Disease,3,0.4299,0.7646,0.4522,27.418,1.5917,23.839,57.32,6.161,0.0486,0.0923
PHB_07527,Severe Disease,3,0.3052,0.7514,0.4782,26.774,1.1883,26.557,63.854,5.829,0.0672,0.058
PHB_09475,Early Disease,1,0.6557,0.2361,0.7857,24.47,1.1193,26.054,62.713,6.604,0.0201,0.0412
PHB_05865,Moderate Illness,2,0.6282,0.5719,0.6177,25.643,1.2954,26.432,55.097,6.754,0.0472,0.0738
PHB_06777,Early Disease,1,0.7148,0.3931,0.6361,24.93,1.3053,24.663,67.982,6.779,0.0497,0.0719
PHB_01307,Moderate Illness,2,0.3136,0.524,0.5621,27.302,1.225,24.189,54.859,6.342,0.0577,0.087
PHB_07393,Healthy,0,0.8621,0.0305,0.8071,25.14,1.0757,23.831,70.987,6.095,0.0176,0.0535
PHB_05593,Moderate Illness,2,0.4944,0.5172,0.595,27.271,1.4521,23.224,74.83,5.925,0.0559,0.0307
PHB_09722,Severe Disease,3,0.2926,0.7454,0.5609,26.358,1.1777,27.846,65.778,6.045,0.0507,0.0784
PHB_01664,Healthy,0,0.8179,0.0681,0.7219,23.899,1.088,25.003,78.492,6.112,0.0297,0.0234
PHB_05451,Healthy,0,0.9265,0.1442,0.9389,24.71,1.1112,30.316,59.614,6.444,0.0264,0.0474
PHB_09955,Moderate Illness,2,0.5248,0.6448,0.5549,26.844,1.3419,26.393,66.91,6.03,0.0432,0.0576
PHB_03628,Moderate Illness,2,0.3623,0.5147,0.5931,26.728,1.4323,25.093,64.751,6.505,0.0495,0.0632
PHB_02694,Severe Disease,3,0.3437,0.7277,0.4364,25.613,1.6096,22.334,51.907,6.211,0.0548,0.0802
PHB_09790,Severe Disease,3,0.2723,0.7146,0.4985,27.255,1.4865,23.824,63.537,6.052,0.0555,0.077
PHB_05916,Moderate Illness,2,0.4652,0.5517,0.7154,25.571,1.2294,23.292,54.055,6.451,0.0567,0.067
PHB_03158,Healthy,0,0.6797,0.2123,0.7865,25.627,1.2225,26.123,56.061,6.338,0.0287,0.0485
PHB_06669,Healthy,0,0.7756,0.2186,0.993,24.296,1.1012,24.21,78.3,6.393,0.0323,0.0532
PHB_01060,Moderate Illness,2,0.5652,0.4894,0.6056,26.826,1.071,24.478,68.78,6.703,0.0485,0.0753
PHB_04637,Early Disease,1,0.6428,0.3192,0.7789,25.841,1.2352,25.911,66.283,6.149,0.0259,0.0584
PHB_03243,Severe Disease,3,0.3481,0.6665,0.364,26.097,1.3637,25.081,67.486,6.045,0.0523,0.0556
PHB_01679,Severe Disease,3,0.3246,0.6917,0.5926,28.005,1.5201,25.567,61.917,6.342,0.0762,0.0754
PHB_06893,Healthy,0,0.7486,0.046,0.7948,24.65,1.1221,26.746,66.607,6.397,0.0218,0.0205
PHB_06375,Early Disease,1,0.6481,0.229,0.7848,26.118,0.9797,24.377,64.529,5.902,0.0201,0.0375
PHB_07575,Healthy,0,0.8491,0.0451,0.7831,23.269,1.1434,24.609,72.114,6.254,0.0253,0.0472
PHB_01758,Severe Disease,3,0.4003,0.6515,0.4611,26.68,1.3081,26.638,58.342,6.306,0.0668,0.0693
PHB_06020,Severe Disease,3,0.2807,0.7354,0.4439,25.874,1.4486,24.968,58.408,6.422,0.0565,0.0539
PHB_05117,Moderate Illness,2,0.5585,0.3999,0.6361,28.142,1.1033,26.42,78.811,6.349,0.0483,0.0776
PHB_08756,Healthy,0,0.8396,0.1836,1.0128,23.839,1.1526,22.852,62.931,6.811,0.0092,0.0428
PHB_07409,Moderate Illness,2,0.5107,0.5602,0.5312,26.263,1.6657,23.383,66.836,6.307,0.0458,0.0685
PHB_02791,Severe Disease,3,0.3039,0.7314,0.5169,27.252,1.5389,26.371,75.898,6.252,0.0784,0.0847
PHB_00864,Moderate Illness,2,0.4629,0.5894,0.597,26.94,1.2165,22.834,64.506,6.076,0.0412,0.0502
PHB_07859,Severe Disease,3,0.211,0.7409,0.4314,27.203,1.309,26.082,53.5,6.359,0.0559,0.0718
PHB_01485,Moderate Illness,2,0.5789,0.4619,0.6254,25.492,1.3576,21.932,61.361,6.391,0.0404,0.0655
PHB_07036,Moderate Illness,2,0.4548,0.5794,0.5879,25.831,1.3955,27.093,67.784,6.337,0.0525,0.0633
PHB_07722,Severe Disease,3,0.4505,0.6554,0.4978,28.405,1.3882,23.387,73.303,6.033,0.0598,0.0837
PHB_05978,Early Disease,1,0.7434,0.3825,0.6851,25.607,1.2739,23.767,61.304,6.726,0.0423,0.0381
PHB_05135,Severe Disease,3,0.3475,0.6786,0.4656,27.234,1.396,25.076,48.657,6.136,0.0578,0.0695
PHB_00207,Healthy,0,0.7619,0.2463,0.7661,25.399,1.2684,26.323,67.753,6.176,0.0135,0.035
PHB_04489,Early Disease,1,0.6578,0.2969,0.6335,25.813,1.2264,20.83,76.83,6.671,0.0225,0.0565
PHB_06939,Healthy,0,0.8265,0.0733,0.9289,24.098,1.2833,23.643,68.028,6.296,0.0291,0.0532
PHB_09063,Early Disease,1,0.6651,0.3364,0.7815,25.752,1.2465,23.239,63.609,6.249,0.0313,0.0224
PHB_06911,Moderate Illness,2,0.4921,0.4839,0.4957,26.671,1.1115,23.076,59.12,6.353,0.0338,0.0428
PHB_00503,Severe Disease,3,0.3372,0.6782,0.404,28.721,1.481,27.639,57.387,5.641,0.0609,0.0563
PHB_07386,Severe Disease,3,0.3277,0.5919,0.4188,26.999,1.342,26.33,70.254,6.083,0.0769,0.0615
PHB_01029,Moderate Illness,2,0.4607,0.5687,0.5428,26.481,1.2756,26.614,67.907,6.159,0.0458,0.0394
PHB_03841,Moderate Illness,2,0.5081,0.5224,0.4969,27.178,1.2548,25.907,65.107,6.112,0.0441,0.0575
PHB_08111,Early Disease,1,0.6619,0.2407,0.7443,24.778,1.1019,24.007,65.841,6.304,0.0368,0.0483
PHB_05057,Moderate Illness,2,0.4422,0.5214,0.6207,27.456,1.1439,27.183,59.497,6.197,0.056,0.0609
PHB_09763,Moderate Illness,2,0.5319,0.4802,0.6712,25.637,1.1653,24.962,63.152,6.288,0.0296,0.0588
PHB_08155,Moderate Illness,2,0.5027,0.5692,0.5988,27.464,1.3921,25.611,67.476,6.419,0.0484,0.0754
PHB_02732,Early Disease,1,0.6845,0.4193,0.6638,25.002,1.1199,20.79,75.658,5.943,0.0444,0.0292
PHB_08997,Severe Disease,3,0.4012,0.706,0.5382,27.791,1.3079,25.456,45.87,6.529,0.0656,0.0449
PHB_02455,Moderate Illness,2,0.4579,0.4955,0.4368,27.587,1.3385,23.511,50.415,6.565,0.0539,0.0718
PHB_07216,Healthy,0,0.7824,0.095,0.9331,24.189,1.2115,28.478,70.726,6.352,0.0347,0.0384
PHB_03105,Moderate Illness,2,0.5351,0.4975,0.6918,26.975,1.2262,25.95,58.182,6.013,0.0399,0.0562
PHB_08393,Early Disease,1,0.6696,0.2505,0.8143,25.081,1.3454,26.065,65.472,6.03,0.0266,0.0697
PHB_06279,Moderate Illness,2,0.454,0.5376,0.6087,27.382,1.1748,27.314,63.863,6.169,0.0509,0.0384
PHB_03100,Healthy,0,0.8391,0.1243,0.9373,23.627,1.3476,28.226,70.411,6.218,0.0469,0.04
PHB_06185,Healthy,0,0.7659,0.1169,0.9424,25.129,1.2104,23.399,56.549,6.294,0.0172,0.0473
PHB_03562,Moderate Illness,2,0.5268,0.5275,0.5075,26.136,1.2997,26.219,75.193,6.574,0.044,0.0529
PHB_05893,Moderate Illness,2,0.4814,0.5169,0.6618,25.043,1.3267,23.616,56.527,6.231,0.0602,0.0722
PHB_00392,Healthy,0,0.7475,0.1329,0.8203,24.914,1.035,24.72,64.093,6.015,0.0082,0.0357
PHB_06737,Healthy,0,0.7468,0.0549,0.9016,25.041,1.1635,25.297,59.132,6.227,0.0212,0.044
PHB_05619,Moderate Illness,2,0.5972,0.5363,0.5867,25.16,1.2355,27.159,67.551,6.739,0.0446,0.0731
PHB_05259,Early Disease,1,0.5835,0.3408,0.647,24.913,1.1464,24.413,63.449,6.337,0.0507,0.0678
PHB_09688,Severe Disease,3,0.3587,0.6898,0.4347,28.05,1.3373,21.823,63.217,5.87,0.0553,0.0664
PHB_02696,Healthy,0,0.8366,0.0752,0.9575,25.959,1.0772,24.925,74.494,6.758,0.0201,0.0359
PHB_02028,Early Disease,1,0.7057,0.3614,0.6788,26.55,1.2673,24.663,64.792,6.199,0.0196,0.0484
PHB_05464,Moderate Illness,2,0.4845,0.5591,0.5122,25.663,1.291,25.32,57.1,6.211,0.053,0.0728
PHB_02569,Moderate Illness,2,0.497,0.4377,0.5694,24.419,1.1855,25.219,70.81,6.27,0.0433,0.059
PHB_08007,Moderate Illness,2,0.405,0.4909,0.4919,26.015,1.2059,28.917,70.823,6.104,0.0639,0.0489
PHB_00065,Moderate Illness,2,0.5142,0.5003,0.6946,25.45,1.434,26.262,70.299,6.503,0.0351,0.0424
PHB_02063,Moderate Illness,2,0.3609,0.5236,0.6348,26.702,1.3445,23.685,76.018,6.248,0.0599,0.0552
PHB_05277,Moderate Illness,2,0.5367,0.5564,0.503,27.479,1.1294,23.8,46.719,5.989,0.0512,0.0368
PHB_07209,Healthy,0,0.8191,0.1894,0.914,23.113,1.1048,25.211,58.932,6.622,0.0317,0.038
PHB_08685,Healthy,0,0.7169,0.1316,0.78,24.837,0.9968,26.655,58.067,6.863,0.0264,0.0546
PHB_08572,Severe Disease,3,0.2677,0.5848,0.5471,27.813,1.5624,23.523,59.986,6.36,0.0605,0.055
PHB_06332,Severe Disease,3,0.5569,0.7078,0.5256,27.909,1.4429,28.092,63.185,6.583,0.0535,0.0664
PHB_04860,Early Disease,1,0.5407,0.1946,0.7368,25.929,1.1104,26.276,60.156,6.372,0.0296,0.0388
PHB_04888,Moderate Illness,2,0.6048,0.455,0.6341,26.693,1.1184,23.578,63.417,6.202,0.0553,0.0553
PHB_09269,Severe Disease,3,0.2519,0.723,0.2984,26.886,1.4308,27.889,62.494,6.321,0.0383,0.0722
PHB_00879,Moderate Illness,2,0.4409,0.517,0.6425,25.386,1.2458,28.973,61.852,5.919,0.0502,0.0639
PHB_08530,Early Disease,1,0.6225,0.2949,0.8295,25.54,1.1945,21.069,53.96,6.574,0.0478,0.0383
PHB_07917,Severe Disease,3,0.3886,0.7326,0.4736,28.316,1.1699,25.145,67.658,6.348,0.0673,0.0572
PHB_06864,Early Disease,1,0.5872,0.3091,0.87,25.692,1.1637,26.462,68.194,6.614,0.0316,0.0417
PHB_07893,Healthy,0,0.8942,0.133,0.9311,25.636,1.2514,22.092,73.282,6.479,0.025,0.0468
PHB_06440,Moderate Illness,2,0.5231,0.4758,0.6482,27.136,1.3448,21.429,62.627,6.5,0.0494,0.0416
PHB_07870,Moderate Illness,2,0.4639,0.4508,0.7291,25.707,0.9656,24.864,73.251,6.327,0.0498,0.0605
PHB_01017,Moderate Illness,2,0.3787,0.567,0.6319,27.675,1.3917,24.187,58.8,6.386,0.042,0.0584
PHB_09468,Moderate Illness,2,0.3546,0.6228,0.5998,26.587,1.3593,24.594,57.69,6.432,0.0506,0.069
PHB_07630,Severe Disease,3,0.3919,0.7198,0.422,27.981,1.3332,24.543,70.59,6.205,0.038,0.0793
PHB_00996,Early Disease,1,0.715,0.2677,0.7911,23.951,1.0074,26.318,75.619,6.484,0.0368,0.0366
PHB_04298,Moderate Illness,2,0.5196,0.5776,0.7059,27.608,1.398,18.283,52.332,6.149,0.0469,0.0513
PHB_00162,Severe Disease,3,0.232,0.6833,0.4535,27.37,1.6506,24.106,63.004,6.115,0.0577,0.0792
PHB_05676,Severe Disease,3,0.2691,0.7097,0.4203,27.882,1.3575,25.888,61.645,6.484,0.0566,0.0858
PHB_06874,Early Disease,1,0.6563,0.3508,0.7412,25.85,1.243,20.826,55.754,6.487,0.0289,0.0364
PHB_09693,Moderate Illness,2,0.5221,0.5179,0.6957,26.603,1.3949,26.927,68.256,6.18,0.046,0.0615
PHB_07990,Severe Disease,3,0.2982,0.8235,0.4838,26.191,1.5208,25.227,69.044,6.183,0.0791,0.0708
PHB_03844,Moderate Illness,2,0.4066,0.6197,0.6605,26.959,1.3175,25.68,61.652,6.325,0.0427,0.0526
PHB_01022,Moderate Illness,2,0.5577,0.4982,0.6716,27.921,1.2478,23.446,58.886,6.498,0.0444,0.0622
PHB_03074,Moderate Illness,2,0.5342,0.5428,0.5807,25.434,1.2713,23.714,75.344,6.006,0.0444,0.0727
PHB_07556,Severe Disease,3,0.3425,0.7536,0.428,28.493,1.3649,25.23,58.461,6.333,0.0725,0.0667
PHB_03944,Moderate Illness,2,0.5105,0.5098,0.5967,26.323,1.5129,24.292,68.689,6.242,0.0319,0.0685
PHB_01586,Severe Disease,3,0.2537,0.5834,0.4126,27.446,1.4495,22.882,54.911,6.283,0.0901,0.0701
PHB_03153,Early Disease,1,0.4845,0.3069,0.7826,26.501,1.2684,23.319,62.903,6.414,0.0295,0.0514
PHB_08227,Moderate Illness,2,0.512,0.4596,0.6179,24.893,1.1462,24.78,56.924,6.233,0.0729,0.0743
PHB_00776,Severe Disease,3,0.3498,0.7128,0.3736,28.498,1.7026,23.806,71.967,6.239,0.0574,0.0772
PHB_09671,Early Disease,1,0.6004,0.3329,0.8616,24.871,1.2957,21.72,66.37,6.315,0.049,0.0352
PHB_07100,Healthy,0,0.7843,0.2544,1.0061,24.213,0.8988,24.177,72.862,6.62,0.0202,0.0308
PHB_05487,Severe Disease,3,0.3372,0.6712,0.4263,27.668,1.3045,27.825,57.446,6.281,0.0606,0.0674
PHB_06236,Healthy,0,0.813,0.1014,0.8546,24.654,1.1294,24.461,66.04,6.686,0.0203,0.0395
PHB_09556,Healthy,0,0.7761,0.0979,0.9014,25.123,1.1071,30.293,60.427,6.562,0.0049,0.0213
PHB_07042,Healthy,0,0.8341,0.0585,0.8417,23.925,1.1962,23.166,82.951,6.193,0.0305,0.0407
PHB_02613,Early Disease,1,0.6493,0.3347,0.7443,25.854,1.0722,25.979,72.719,6.305,0.0332,0.0624
PHB_07514,Moderate Illness,2,0.4453,0.4697,0.6754,26.472,1.2394,25.229,69.583,6.207,0.0518,0.0719
PHB_08434,Moderate Illness,2,0.5989,0.534,0.5477,25.858,1.2563,26.013,71.121,5.933,0.0568,0.0583
PHB_08793,Early Disease,1,0.563,0.2651,0.6535,25.186,1.0691,26.078,66.214,6.135,0.0306,0.0584
PHB_05394,Early Disease,1,0.7565,0.3051,0.7589,24.829,1.1521,24.041,69.575,6.534,0.0238,0.0574
PHB_08839,Healthy,0,0.828,0.0969,0.7142,25.245,1.1233,21.788,61.696,6.733,0.0104,0.0347
PHB_03891,Healthy,0,0.7257,0.1135,0.9217,24.498,0.9327,25.197,69.662,6.247,0.0293,0.021
PHB_03557,Early Disease,1,0.5809,0.393,0.8575,25.901,1.1668,27.161,71.607,6.2,0.0307,0.0353
PHB_01529,Healthy,0,0.7654,0.1371,0.9326,24.072,1.1809,28.319,64.696,6.467,0.0196,0.0282
PHB_01268,Severe Disease,3,0.3487,0.7398,0.3579,27.368,1.5714,23.868,57.053,6.212,0.0349,0.0409
PHB_07735,Severe Disease,3,0.3926,0.7189,0.4771,27.447,1.6178,29.921,56.434,6.125,0.0686,0.0782
PHB_01900,Healthy,0,0.9009,0.0088,0.9583,23.738,1.0517,28.506,61.053,6.83,0.0128,0.042
PHB_04659,Moderate Illness,2,0.4648,0.5271,0.5895,26.882,1.1831,24.38,51.159,6.319,0.0498,0.0532
PHB_03006,Severe Disease,3,0.301,0.7544,0.5059,27.32,1.2088,25.644,39.838,6.162,0.074,0.0457
PHB_02735,Early Disease,1,0.667,0.2365,0.7965,26.779,1.2802,23.796,58.189,6.23,0.0366,0.0626
PHB_00190,Early Disease,1,0.5939,0.2081,0.7884,25.715,1.1726,23.538,64.407,5.933,0.0246,0.0241
PHB_09168,Healthy,0,0.8825,0.0499,1.0121,24.176,1.195,24.969,72.534,6.158,0.0262,0.0311
PHB_02748,Healthy,0,0.785,0.0346,0.8566,25.397,1.236,25.04,63.746,6.236,0.0268,0.0406
PHB_02048,Moderate Illness,2,0.4222,0.4571,0.6909,26.456,1.2853,23.555,74.853,6.449,0.0511,0.0819
PHB_07850,Moderate Illness,2,0.5352,0.4238,0.5883,25.31,1.287,28.623,76.198,6.367,0.0568,0.0647
PHB_02559,Early Disease,1,0.7666,0.452,0.7657,25.908,1.2092,21.855,71.642,5.914,0.0376,0.0292
PHB_09275,Moderate Illness,2,0.4168,0.4188,0.54,27.505,1.0895,22.027,47.305,6.216,0.0452,0.0533
PHB_08667,Early Disease,1,0.7057,0.4102,0.7976,26.218,0.9752,19.581,68.001,6.023,0.0371,0.0334
PHB_06397,Severe Disease,3,0.3278,0.7341,0.5593,28.74,1.2819,29.85,71.088,6.229,0.0593,0.0786
PHB_03386,Moderate Illness,2,0.535,0.5434,0.5562,25.35,1.1215,24.917,69.234,6.224,0.0528,0.0459
PHB_04556,Moderate Illness,2,0.5312,0.49,0.4978,26.268,1.3158,23.656,57.019,6.239,0.0491,0.0424
PHB_01185,Healthy,0,0.8961,0.2593,0.9421,24.398,1.0526,25.931,70.701,6.839,0.022,0.0396
PHB_06421,Early Disease,1,0.7796,0.3064,0.791,24.167,1.1418,27.061,76.231,6.425,0.0202,0.0666
PHB_05052,Early Disease,1,0.5534,0.2603,0.7103,27.432,1.0709,26.671,72.387,6.705,0.0347,0.062
PHB_05312,Early Disease,1,0.5905,0.3683,0.7055,26.211,1.4231,23.791,60.598,6.253,0.0364,0.0624
PHB_02434,Early Disease,1,0.7643,0.3204,0.752,26.286,1.0891,25.567,71.126,6.366,0.0521,0.067
PHB_06950,Severe Disease,3,0.4046,0.6687,0.39,28.55,1.2597,27.343,61.432,6.171,0.0695,0.0671
PHB_00770,Moderate Illness,2,0.5012,0.5332,0.6382,26.837,1.3709,26.132,70.281,6.519,0.054,0.0438
PHB_01686,Healthy,0,0.9118,0.0331,0.895,24.815,1.1318,25.136,53.655,6.347,0.0448,0.0129
PHB_08323,Healthy,0,0.7964,0.1228,0.8416,24.52,1.1246,25.199,74.701,6.036,0.0294,0.0398
PHB_05579,Severe Disease,3,0.3539,0.8475,0.4241,28.252,1.2662,21.094,71.817,6.382,0.0556,0.0729
PHB_04427,Healthy,0,0.8712,0.0011,0.7308,25.85,1.3249,24.067,71.537,6.416,0.0348,0.0355
PHB_00467,Moderate Illness,2,0.4559,0.4699,0.5785,27.312,1.3106,25.318,69.372,6.523,0.0328,0.0768
PHB_06266,Severe Disease,3,0.3168,0.6033,0.3346,27.386,1.5859,21.853,65.422,6.335,0.0621,0.0597
PHB_05735,Healthy,0,0.8501,0.0968,0.7805,25.013,1.2053,26.715,64.247,6.449,0.0427,0.0355
PHB_05192,Moderate Illness,2,0.4545,0.5228,0.5496,26.927,1.2115,24.768,60.175,6.745,0.0294,0.0537
PHB_05391,Moderate Illness,2,0.5419,0.4555,0.5627,25.263,1.3186,26.132,70.401,5.929,0.0356,0.0621
PHB_00861,Moderate Illness,2,0.5342,0.5661,0.6542,27.123,1.3115,23.719,68.926,6.663,0.0526,0.0665
PHB_07271,Severe Disease,3,0.2583,0.6546,0.4313,28.583,1.401,25.008,65.21,5.972,0.0622,0.0598
